latitude,longitude,mhws10,mhwsc,hat,lat,mask
-40.569011688200000,172.624542235999996,0.965532720089000,1.030601620670000,1.083418488500000,0.194514095783000,0.000000000000000
-40.568862914999997,172.623443603999988,0.965493857861000,1.030568957330000,1.083384156230000,0.194495767355000,0.000000000000000
-40.568725585899998,172.622589110999996,0.965461432934000,1.030521035190000,1.083327651020000,0.194557324052000,0.000000000000000
-40.568069457999997,172.621917725000003,0.965486347675000,1.030559301380000,1.083374857900000,0.194498479366000,0.000000000000000
-40.569835662800003,172.623794556000007,0.965477526188000,1.030542731290000,1.083353996280000,0.194546952844000,0.000000000000000
-40.569587707499998,172.622787476000013,0.965458214283000,1.030524492260000,1.083335280420000,0.194547295570000,0.000000000000000
-40.569152832000000,172.621841431000007,0.965455710888000,1.030518651010000,1.083326101300000,0.194571271539000,0.000000000000000
-40.568519592299999,172.620880126999992,0.965408384800000,1.030471682550000,1.083275437360000,0.194570943713000,0.000000000000000
-40.570644378700003,172.623092651000007,0.965443313122000,1.030506849290000,1.083314895630000,0.194560676813000,0.000000000000000
-40.570293426500001,172.621963501000010,0.965393543243000,1.030449390410000,1.083253741260000,0.194569066167000,0.000000000000000
-40.569721221899997,172.620895386000001,0.965391159058000,1.030437707900000,1.083236098290000,0.194623246789000,0.000000000000000
-40.569065094000003,172.619857787999990,0.965388476849000,1.030449151990000,1.083250403400000,0.194587498903000,0.000000000000000
-40.571655273399998,172.622253418000014,0.965372085571000,1.030422449110000,1.083220720290000,0.194627836347000,0.000000000000000
-40.571006774899999,172.620956420999988,0.965352773666000,1.030409097670000,1.083208680150000,0.194614276290000,0.000000000000000
-40.570297241200002,172.619857787999990,0.965280950069000,1.030328154560000,1.083118796350000,0.194670632482000,0.000000000000000
-40.569591522200000,172.618835448999988,0.965321242809000,1.030369043350000,1.083162784580000,0.194648042321000,0.000000000000000
-40.572471618700000,172.620986937999987,0.965266644955000,1.030300498010000,1.083089947700000,0.194675847888000,0.000000000000000
-40.571590423600000,172.619812012000011,0.965273559093000,1.030311822890000,1.083098411560000,0.194689244032000,0.000000000000000
-40.570808410600002,172.618774414000001,0.965227305889000,1.030267238620000,1.083050966260000,0.194717884064000,0.000000000000000
-40.570060730000002,172.617828368999994,0.965200662613000,1.030220270160000,1.082993507390000,0.194766804576000,0.000000000000000
-40.573619842500001,172.620513915999993,0.965246379375000,1.030278086660000,1.083064436910000,0.194687038660000,0.000000000000000
-40.572895050000000,172.619659423999991,0.965202510357000,1.030233025550000,1.083016753200000,0.194730281830000,0.000000000000000
-40.572071075399997,172.618637084999989,0.965159535408000,1.030187010770000,1.082964301110000,0.194757878780000,0.000000000000000
-40.571239471399998,172.617675781000003,0.965146660805000,1.030179619790000,1.082956314090000,0.194778606296000,0.000000000000000
-40.570423126199998,172.616806029999992,0.965128600597000,1.030162930490000,1.082937955860000,0.194750905037000,0.000000000000000
-40.574207305900003,172.619552612000007,0.965182125568000,1.030187249180000,1.082964420320000,0.194741249084000,0.000000000000000
-40.573410034200002,172.618453979000009,0.965104758739000,1.030118703840000,1.082888722420000,0.194808498025000,0.000000000000000
-40.572486877400003,172.617462157999995,0.965102493763000,1.030118465420000,1.082886934280000,0.194819048047000,0.000000000000000
-40.571575164800002,172.616561890000014,0.965027391911000,1.030036091800000,1.082796096800000,0.194890037179000,0.000000000000000
-40.570693969700002,172.615768433000000,0.965096294880000,1.030110955240000,1.082873463630000,0.194857254624000,0.000000000000000
-40.573829650900002,172.617172240999992,0.964999318123000,1.029988288880000,1.082747936250000,0.194878920913000,0.000000000000000
-40.572799682599999,172.616256714000002,0.964981198311000,1.029991626740000,1.082748055460000,0.194888219237000,0.000000000000000
-40.570793151899998,172.614654540999993,0.964953541756000,1.029952168460000,1.082699656490000,0.194958090782000,0.000000000000000
-40.571811676000003,172.615447998000008,0.964950740337000,1.029953360560000,1.082709789280000,0.194920733571000,0.000000000000000
-40.571228027300002,172.613800048999991,0.964851915836000,1.029836416240000,1.082578420640000,0.194994196296000,0.000000000000000
-40.575214385999999,172.616760254000013,0.964957535267000,1.029944300650000,1.082697391510000,0.194921225309000,0.000000000000000
-40.574092864999997,172.615859984999986,0.964878499508000,1.029858469960000,1.082604646680000,0.194988623261000,0.000000000000000
-40.573009491000001,172.615051270000009,0.964895367622000,1.029881834980000,1.082625746730000,0.194985374808000,0.000000000000000
-40.571994781500003,172.614349365000010,0.964866697788000,1.029861092570000,1.082603573800000,0.195008859038000,0.000000000000000
-40.571022033699997,172.612976073999988,0.964753627777000,1.029720425610000,1.082445383070000,0.195124924183000,0.000000000000000
-40.572029113799999,172.613327026000007,0.964801013470000,1.029787898060000,1.082522869110000,0.195063918829000,0.000000000000000
-40.575454711900001,172.615356445000003,0.964798092842000,1.029744863510000,1.082477688790000,0.195012226701000,0.000000000000000
-40.574260711699999,172.614532470999990,0.964767694473000,1.029732823370000,1.082465767860000,0.195058435202000,0.000000000000000
-40.573093414299997,172.613845824999999,0.964718341827000,1.029685735700000,1.082413554190000,0.195089578629000,0.000000000000000
-40.572998046899997,172.612655640000014,0.964627444744000,1.029587388040000,1.082302331920000,0.195179969072000,0.000000000000000
-40.574275970499997,172.613189696999996,0.964634358883000,1.029567480090000,1.082281708720000,0.195167258382000,0.000000000000000
-40.574066162100003,172.611831665000011,0.964431166649000,1.029338121410000,1.082031250000000,0.195304170251000,0.000000000000000
-40.575218200700000,172.610763550000001,0.964216232300000,1.029117465020000,1.081789016720000,0.195478528738000,0.000000000000000
-40.574470519999998,172.601516723999993,0.962745606899000,1.027324557300000,1.079794883730000,0.197183415294000,0.000000000000000
-40.575176239000001,172.602279662999990,0.962661683559000,1.027365326880000,1.079854726790000,0.197035476565000,0.000000000000000
-40.576114654500003,172.603256226000013,0.962865650654000,1.027589082720000,1.080099105830000,0.196890488267000,0.000000000000000
-40.575561523399998,172.601287842000005,0.962542414665000,1.027243852620000,1.079722762110000,0.197254762053000,0.000000000000000
-40.578804016100001,172.582473754999995,0.956018328667000,1.019834518430000,1.070316910740000,0.208389922976000,0.000000000000000
-40.577945709200002,172.579025268999999,0.954474866390000,1.017946958540000,1.068401575090000,0.208850935102000,0.000000000000000
-40.579582214399998,172.581390381000006,0.954333245754000,1.017984986310000,1.068374156950000,0.209255218506000,0.000000000000000
-40.578754425000000,172.580184937000013,0.954130113125000,1.017742753030000,1.068198442460000,0.209217801690000,0.000000000000000
-40.579200744600001,172.579040526999989,0.953810513020000,1.017315030100000,1.067995786670000,0.208151325583000,0.000000000000000
-40.578769683799997,172.577941895000009,0.954014420509000,1.017482161520000,1.068063855170000,0.208719283342000,0.000000000000000
-40.579936981199999,172.578292847000000,0.953864097595000,1.017394065860000,1.067949652670000,0.209062352777000,0.000000000000000
-40.580589294399999,172.579742431999989,0.953316926956000,1.016760826110000,1.067326068880000,0.208773061633000,0.000000000000000
-40.579830169700003,172.576919556000007,0.954502880573000,1.018056273460000,1.068685889240000,0.207959398627000,0.000000000000000
-40.588588714600000,172.567871093999997,1.096675872800000,1.141654491420000,1.212021708490000,-0.187348946929000,0.000000000000000
-40.588569641100001,172.566970824999999,1.096663594250000,1.141902565960000,1.212337493900000,-0.188203021884000,0.000000000000000
-40.589557647699998,172.567245482999994,1.095761537550000,1.140190243720000,1.210435986520000,-0.186400771141000,0.000000000000000
-40.589149475100001,172.566192626999992,1.096947431560000,1.141338586810000,1.211599946020000,-0.186806485057000,0.000000000000000
-40.590579986599998,172.566268920999988,1.093351840970000,1.138054013250000,1.207945227620000,-0.185603335500000,0.000000000000000
-40.595046997099999,172.558853148999987,1.111795425420000,1.159168004990000,1.230501651760000,-0.195156931877000,0.000000000000000
-40.593479156500003,172.560119629000013,1.107436895370000,1.154036760330000,1.225033640860000,-0.194229677320000,0.000000000000000
-40.592296600300003,172.561492920000006,1.105141758920000,1.151303529740000,1.222103953360000,-0.192514836788000,0.000000000000000
-40.592342376700003,172.560501098999993,1.104321241380000,1.150354862210000,1.221000313760000,-0.192540541291000,0.000000000000000
-40.592903137199997,172.560134887999993,1.105384349820000,1.151592373850000,1.222333192830000,-0.193265527487000,0.000000000000000
-40.604339599600003,172.546112061000002,1.111412286760000,1.158551692960000,1.230268836020000,-0.196765556931000,0.000000000000000
-40.604427337600001,172.545303345000008,1.110720872880000,1.157861113550000,1.229568958280000,-0.196837097406000,0.000000000000000
-40.604450225800001,172.544479370000005,1.110923409460000,1.158078432080000,1.229737043380000,-0.196699842811000,0.000000000000000
-40.595252990699997,172.557540893999999,1.113593697550000,1.161281704900000,1.232714772220000,-0.195707544684000,0.000000000000000
-40.593917846700002,172.559600829999994,1.107362985610000,1.153972148900000,1.224964857100000,-0.193776205182000,0.000000000000000
-40.594310760500001,172.558914184999992,1.108041524890000,1.154795646670000,1.225840687750000,-0.193560048938000,0.000000000000000
-40.594646453899998,172.558135985999996,1.109974026680000,1.157117962840000,1.228293776510000,-0.194856941700000,0.000000000000000
-40.593158721899997,172.559555053999986,1.105450868610000,1.151652812960000,1.222402691840000,-0.192595720291000,0.000000000000000
-40.591171264600000,172.561660767000006,1.104419827460000,1.150530815120000,1.221194505690000,-0.192218095064000,0.000000000000000
-40.591545105000002,172.560791015999996,1.106349110600000,1.152601599690000,1.223388314250000,-0.194571435452000,0.000000000000000
-40.591766357399997,172.560119629000013,1.104643702510000,1.150599360470000,1.221167683600000,-0.192032322288000,0.000000000000000
-40.592350006099998,172.559661865000010,1.104275226590000,1.150238156320000,1.220829606060000,-0.193101406097000,0.000000000000000
-40.595062255899997,172.556930542000003,1.111576676370000,1.158906936650000,1.230173468590000,-0.195018991828000,0.000000000000000
-40.595813751199998,172.556900023999987,1.116595149040000,1.164542794230000,1.236083865170000,-0.196762859821000,0.000000000000000
-40.603641510000003,172.546447754000013,1.109671711920000,1.156580209730000,1.228104949000000,-0.196201667190000,0.000000000000000
-40.603702545200001,172.545669556000007,1.110402584080000,1.157348394390000,1.228901743890000,-0.196372479200000,0.000000000000000
-40.603752136200001,172.544876098999993,1.110542297360000,1.157524108890000,1.229089856150000,-0.196427538991000,0.000000000000000
-40.603782653800003,172.544082642000006,1.110419273380000,1.157468557360000,1.229099273680000,-0.196584761143000,0.000000000000000
-40.594551086400003,172.557312012000011,1.109797596930000,1.156871199610000,1.227991700170000,-0.194381877780000,0.000000000000000
-40.593544006300000,172.558914184999992,1.106114625930000,1.152449369430000,1.223274588580000,-0.193496197462000,0.000000000000000
-40.593921661400003,172.558364868000012,1.106131315230000,1.152578830720000,1.223453283310000,-0.193286001682000,0.000000000000000
-40.593914032000001,172.557708740000010,1.106175422670000,1.152659893040000,1.223517179490000,-0.193201482296000,0.000000000000000
-40.592765808099998,172.558914184999992,1.104231834410000,1.150268316270000,1.220846414570000,-0.192652851343000,0.000000000000000
-40.590641021700002,172.560867309999992,1.106073141100000,1.152231335640000,1.222871541980000,-0.193337276578000,0.000000000000000
-40.591072082499998,172.560134887999993,1.104006290440000,1.149928092960000,1.220472931860000,-0.193226024508000,0.000000000000000
-40.591529846199997,172.559509276999989,1.104476451870000,1.150367856030000,1.220880627630000,-0.192999482155000,0.000000000000000
-40.591991424600003,172.558914184999992,1.103564500810000,1.149353623390000,1.219773054120000,-0.192388519645000,0.000000000000000
-40.594520568800000,172.556594848999993,1.108842015270000,1.155704975130000,1.226728916170000,-0.194143563509000,0.000000000000000
-40.595188140899999,172.556289673000009,1.112323760990000,1.159796476360000,1.231057882310000,-0.195168659091000,0.000000000000000
-40.595943450900002,172.555969237999989,1.116560935970000,1.164420366290000,1.235882520680000,-0.196564972401000,0.000000000000000
-40.596706390400001,172.555541992000002,1.120438098910000,1.168968200680000,1.240557193760000,-0.197795227170000,0.000000000000000
-40.602947235099997,172.546905517999988,1.109911799430000,1.156830191610000,1.228330254550000,-0.195939183235000,0.000000000000000
-40.603000640899999,172.546035767000006,1.109407424930000,1.156250953670000,1.227696418760000,-0.195773988962000,0.000000000000000
-40.603050231899999,172.545242309999992,1.109867215160000,1.156775832180000,1.228266000750000,-0.196025043726000,0.000000000000000
-40.603099823000001,172.544464110999996,1.110048413280000,1.156955838200000,1.228441238400000,-0.195996984839000,0.000000000000000
-40.603137969999999,172.543685912999990,1.110509514810000,1.157480835910000,1.228989124300000,-0.196093454957000,0.000000000000000
-40.602531433099998,172.547653198000006,1.109292030330000,1.156153440480000,1.227593421940000,-0.195655435324000,0.000000000000000
-40.602214813200000,172.547042847000000,1.108488559720000,1.155219078060000,1.226613163950000,-0.195320367813000,0.000000000000000
-40.593906402599998,172.556976318000011,1.105918049810000,1.152347326280000,1.223143458370000,-0.193185046315000,0.000000000000000
-40.593193054200000,172.558151245000005,1.104183077810000,1.150201439860000,1.220766544340000,-0.192431360483000,0.000000000000000
-40.593273162800003,172.557327270999991,1.103756070140000,1.149723529820000,1.220276832580000,-0.192472413182000,0.000000000000000
-40.592350006099998,172.558258056999989,1.102933287620000,1.148695826530000,1.219113588330000,-0.192259207368000,0.000000000000000
-40.590209960899998,172.560089110999996,1.105574131010000,1.151698350910000,1.222290635110000,-0.193094402552000,0.000000000000000
-40.591709137000002,172.558334351000013,1.103530168530000,1.149327874180000,1.219710707660000,-0.192744061351000,0.000000000000000
-40.590740203899998,172.559402465999995,1.104962706570000,1.150910735130000,1.221355795860000,-0.193374752998000,0.000000000000000
-40.591251373299997,172.558792113999999,1.103210806850000,1.148993968960000,1.219367861750000,-0.192241042852000,0.000000000000000
-40.593887329099999,172.556243896000012,1.104829192160000,1.151133656500000,1.221853852270000,-0.192625939846000,0.000000000000000
-40.594539642299999,172.555862426999994,1.108456850050000,1.155300021170000,1.226271986960000,-0.193903535604000,0.000000000000000
-40.595249176000003,172.555480956999986,1.112229347230000,1.159594774250000,1.230787515640000,-0.195025950670000,0.000000000000000
-40.595981597900000,172.555130004999995,1.115613579750000,1.163456439970000,1.234804153440000,-0.196244582534000,0.000000000000000
-40.596645355200003,172.554733276000007,1.118317008020000,1.166518330570000,1.237992882730000,-0.196826905012000,0.000000000000000
-40.597244262700002,172.554214478000006,1.119511485100000,1.167865276340000,1.239310860630000,-0.197534397244000,0.000000000000000
-40.602481842000003,172.543289184999992,1.109767913820000,1.156637787820000,1.228168845180000,-0.195947378874000,0.000000000000000
-40.602302551299999,172.546386718999997,1.108572602270000,1.155307888980000,1.226677060130000,-0.195378750563000,0.000000000000000
-40.602352142299999,172.545608520999991,1.108694672580000,1.155414581300000,1.226793408390000,-0.195429876447000,0.000000000000000
-40.602401733400001,172.544815062999987,1.109198808670000,1.155970573430000,1.227380633350000,-0.195632055402000,0.000000000000000
-40.602458953899998,172.544052123999990,1.109088420870000,1.155936717990000,1.227404832840000,-0.195683866739000,0.000000000000000
-40.601661682100001,172.547592162999990,1.108166694640000,1.154956221580000,1.226339697840000,-0.195152208209000,0.000000000000000
-40.600887298600000,172.547790526999989,1.107259392740000,1.153895974160000,1.225248575210000,-0.194834798574000,0.000000000000000
-40.601631164600001,172.546722412000008,1.107817292210000,1.154501676560000,1.225862741470000,-0.195019349456000,0.000000000000000
-40.593284606899999,172.556625365999992,1.103266119960000,1.149166941640000,1.219666481020000,-0.192183583975000,0.000000000000000
-40.592586517299999,172.557556151999989,1.102931141850000,1.148728489880000,1.219138026240000,-0.192339286208000,0.000000000000000
-40.592769622799999,172.556961059999992,1.102443933490000,1.148254275320000,1.218659877780000,-0.191849231720000,0.000000000000000
-40.591865539600001,172.557723998999990,1.102576255800000,1.148301482200000,1.218616604800000,-0.191872075200000,0.000000000000000
-40.591087341300003,172.557983398000005,1.103370070460000,1.149131655690000,1.219457864760000,-0.192486524582000,0.000000000000000
-40.590465545699999,172.558639526000007,1.103867411610000,1.149732947350000,1.220104217530000,-0.192658528686000,0.000000000000000
-40.593235015899999,172.555938720999990,1.103006482120000,1.148890137670000,1.219384431840000,-0.192187383771000,0.000000000000000
-40.593845367400000,172.555480956999986,1.104715108870000,1.150958895680000,1.221602916720000,-0.192640408874000,0.000000000000000
-40.594543457000000,172.555053710999999,1.107662558560000,1.154468297960000,1.225405454640000,-0.193673864007000,0.000000000000000
-40.596042633099998,172.554473876999992,1.115514159200000,1.163275122640000,1.234543442730000,-0.196205869317000,0.000000000000000
-40.595306396500000,172.554595946999996,1.112563967700000,1.160034060480000,1.231181502340000,-0.194941133261000,0.000000000000000
-40.596504211400003,172.554031371999997,1.116803050040000,1.164810657500000,1.236141324040000,-0.196490019560000,0.000000000000000
-40.597839355500000,172.553451537999990,1.118061304090000,1.166171908380000,1.237535834310000,-0.197058558464000,0.000000000000000
-40.596984863300001,172.553558350000003,1.116669058800000,1.164693951610000,1.236036658290000,-0.196394652128000,0.000000000000000
-40.599372863799999,172.550323485999996,1.109606027600000,1.156597256660000,1.227901101110000,-0.195129945874000,0.000000000000000
-40.601886749300000,172.543670654000010,1.109019041060000,1.155813097950000,1.227238297460000,-0.195384740829000,0.000000000000000
-40.601669311499997,172.542877196999996,1.109401464460000,1.156304955480000,1.227815985680000,-0.195587292314000,0.000000000000000
-40.601085662800003,172.542114257999998,1.109048604970000,1.155901670460000,1.227424621580000,-0.195466458797000,0.000000000000000
-40.599933624300000,172.549011229999991,1.107534408570000,1.154329538350000,1.225739717480000,-0.194982290268000,0.000000000000000
-40.600265502900001,172.548294067000000,1.107476115230000,1.154207944870000,1.225606322290000,-0.194904759526000,0.000000000000000
-40.601665496800003,172.545959473000011,1.108001470570000,1.154628992080000,1.225971460340000,-0.195040613413000,0.000000000000000
-40.601699829099999,172.545181273999987,1.107938051220000,1.154618263240000,1.225962162020000,-0.195030927658000,0.000000000000000
-40.601753234900002,172.544372559000010,1.108715176580000,1.155465602870000,1.226863503460000,-0.195328652859000,0.000000000000000
-40.600284576400000,172.547439574999999,1.107081174850000,1.153809547420000,1.225191950800000,-0.194789737463000,0.000000000000000
-40.600952148399998,172.547088623000008,1.107211828230000,1.153838157650000,1.225181698800000,-0.194806650281000,0.000000000000000
-40.600997924799998,172.546310425000001,1.106815814970000,1.153415441510000,1.224732279780000,-0.194660604000000,0.000000000000000
-40.592647552499997,172.556350707999997,1.102329611780000,1.148049712180000,1.218390107150000,-0.191937968135000,0.000000000000000
-40.592063903800003,172.556930542000003,1.102422833440000,1.148166418080000,1.218456983570000,-0.191982761025000,0.000000000000000
-40.591400146500000,172.557296753000003,1.102689623830000,1.148400306700000,1.218741774560000,-0.192370995879000,0.000000000000000
-40.590728759800001,172.557220459000007,1.102719306950000,1.148449301720000,1.218709230420000,-0.191893801093000,0.000000000000000
-40.590190887500000,172.557861328000001,1.103876709940000,1.149703383450000,1.220041871070000,-0.192543208599000,0.000000000000000
-40.592628478999998,172.555709839000002,1.102076649670000,1.147759079930000,1.218046545980000,-0.191699072719000,0.000000000000000
-40.593105316200003,172.555206298999991,1.101902842520000,1.147670626640000,1.218068838120000,-0.191705450416000,0.000000000000000
-40.593772888200000,172.554595946999996,1.103923439980000,1.150098562240000,1.220735430720000,-0.192195996642000,0.000000000000000
-40.594543457000000,172.554336548000009,1.108878374100000,1.155785560610000,1.226683974270000,-0.193928539753000,0.000000000000000
-40.597885131799998,172.552520751999992,1.114650845530000,1.162486910820000,1.233827590940000,-0.195951223373000,0.000000000000000
-40.595783233600002,172.553878784000005,1.114696383480000,1.162452697750000,1.233659267430000,-0.195652276278000,0.000000000000000
-40.594997405999997,172.553771973000011,1.110508441930000,1.157702445980000,1.228727579120000,-0.194451227784000,0.000000000000000
-40.596321105999998,172.553314209000007,1.115145564080000,1.162942171100000,1.234165072440000,-0.195900022984000,0.000000000000000
-40.597019195599998,172.552764892999988,1.114910006520000,1.162675738330000,1.233894705770000,-0.195881351829000,0.000000000000000
-40.598293304400002,172.551757812000005,1.113279581070000,1.160797119140000,1.232008099560000,-0.195629969239000,0.000000000000000
-40.598522186300002,172.550781250000000,1.109263539310000,1.156226754190000,1.227473139760000,-0.194880276918000,0.000000000000000
-40.599327087399999,172.549423217999987,1.107396483420000,1.154152274130000,1.225564479830000,-0.194914102554000,0.000000000000000
-40.598579406699997,172.549850464000002,1.107504725460000,1.154295325280000,1.225584864620000,-0.194538310170000,0.000000000000000
-40.601066589399998,172.543777465999995,1.107993960380000,1.154684543610000,1.226079702380000,-0.195070639253000,0.000000000000000
-40.600704193100000,172.542892456000004,1.108869552610000,1.155738115310000,1.227230787280000,-0.195373401046000,0.000000000000000
-40.600269317600002,172.542221068999993,1.109725356100000,1.156634688380000,1.228225111960000,-0.195605099201000,0.000000000000000
-40.599308013900000,172.548522948999988,1.107042551040000,1.153802752490000,1.225216031070000,-0.194820344448000,0.000000000000000
-40.599605560299999,172.547729492000002,1.106874108310000,1.153662920000000,1.225103616710000,-0.194918379188000,0.000000000000000
-40.599750518800001,172.547103881999988,1.106704592700000,1.153383135800000,1.224764823910000,-0.194666832685000,0.000000000000000
-40.601016998299997,172.545562743999994,1.107501268390000,1.154175996780000,1.225529432300000,-0.194911137223000,0.000000000000000
-40.601013183600003,172.544738770000009,1.107373714450000,1.153979778290000,1.225312113760000,-0.194798380136000,0.000000000000000
-40.600250244100003,172.546615601000013,1.107112884520000,1.153797388080000,1.225185275080000,-0.194810569286000,0.000000000000000
-40.600467681900000,172.545928954999994,1.106934189800000,1.153516769410000,1.224867820740000,-0.194659978151000,0.000000000000000
-40.591907501199998,172.555969237999989,1.102197527890000,1.147933244710000,1.218271493910000,-0.191937208176000,0.000000000000000
-40.591255187999998,172.556610107000012,1.102764606480000,1.148501515390000,1.218774318700000,-0.192065894604000,0.000000000000000
-40.591541290300000,172.555313109999986,1.102586388590000,1.148179888730000,1.218377828600000,-0.191709697247000,0.000000000000000
-40.592258453399999,172.555068970000008,1.102528572080000,1.148265481000000,1.218543171880000,-0.191992744803000,0.000000000000000
-40.592906951899998,172.554458618000012,1.102930188180000,1.148794412610000,1.219189047810000,-0.192254617810000,0.000000000000000
-40.593376159700000,172.553939818999993,1.103648185730000,1.149724125860000,1.220258593560000,-0.192393958569000,0.000000000000000
-40.594097137500000,172.553665160999998,1.106205463410000,1.152779221530000,1.223526120190000,-0.192887127399000,0.000000000000000
-40.597370147699998,172.551910399999997,1.112568378450000,1.160105943680000,1.231325268750000,-0.195404797792000,0.000000000000000
-40.595535278299998,172.553146362000007,1.112470030780000,1.159950256350000,1.231025457380000,-0.194873660803000,0.000000000000000
-40.594718933099998,172.552993773999987,1.109787702560000,1.156880378720000,1.227795481680000,-0.193929910660000,0.000000000000000
-40.596111297599997,172.552536011000001,1.113496899600000,1.161203026770000,1.232370018960000,-0.195327058434000,0.000000000000000
-40.596630096399998,172.552017212000010,1.112578392030000,1.160134553910000,1.231314420700000,-0.195108607411000,0.000000000000000
-40.597621917700003,172.551071167000003,1.109027385710000,1.156095862390000,1.227282404900000,-0.194413647056000,0.000000000000000
-40.597789764399998,172.550201415999993,1.107258319850000,1.153970599170000,1.225196123120000,-0.194240063429000,0.000000000000000
-40.598583221399998,172.549011229999991,1.107235074040000,1.153985977170000,1.225416898730000,-0.194896608591000,0.000000000000000
-40.597877502400003,172.549392699999999,1.106939792630000,1.153657674790000,1.225059866910000,-0.194780319929000,0.000000000000000
-40.600292205800002,172.544357300000001,1.107842445370000,1.154585838320000,1.225996136670000,-0.194944038987000,0.000000000000000
-40.600147247300001,172.543548584000007,1.108280301090000,1.155055046080000,1.226504325870000,-0.195036754012000,0.000000000000000
-40.599983215300000,172.542861937999987,1.108979702000000,1.155826091770000,1.227366566660000,-0.195403292775000,0.000000000000000
-40.599506378199997,172.542388915999993,1.108978390690000,1.155855894090000,1.227404475210000,-0.195347681642000,0.000000000000000
-40.598560333300000,172.548355103000006,1.107262849810000,1.154047250750000,1.225512623790000,-0.195001408458000,0.000000000000000
-40.598876953100003,172.547821045000006,1.106993556020000,1.153765916820000,1.225196003910000,-0.194866836071000,0.000000000000000
-40.599151611300002,172.547180176000012,1.107096195220000,1.153938651080000,1.225406765940000,-0.194967165589000,0.000000000000000
-40.599468231199999,172.546569823999988,1.106562495230000,1.153341293330000,1.224743008610000,-0.194748222828000,0.000000000000000
-40.600254058799997,172.545227051000012,1.106781125070000,1.153368473050000,1.224705457690000,-0.194594711065000,0.000000000000000
-40.599830627400003,172.545928954999994,1.106679677960000,1.153411149980000,1.224791169170000,-0.194670975208000,0.000000000000000
-40.591037750200002,172.555068970000008,1.102346777920000,1.148189425470000,1.218494772910000,-0.192089810967000,0.000000000000000
-40.591545105000002,172.554656982000012,1.101561069490000,1.147311568260000,1.217528104780000,-0.191984176636000,0.000000000000000
-40.592163085899998,172.554199218999997,1.101594924930000,1.147308945660000,1.217514991760000,-0.191535249352000,0.000000000000000
-40.592758178700002,172.553710937999995,1.101375460620000,1.146946787830000,1.217200279240000,-0.191287860274000,0.000000000000000
-40.593349456799999,172.553268433000000,1.103582024570000,1.149695873260000,1.220215559010000,-0.192347407341000,0.000000000000000
-40.593940734900002,172.552795409999987,1.106380462650000,1.152989029880000,1.223706722260000,-0.192967057228000,0.000000000000000
-40.596775054900000,172.551300048999991,1.109652996060000,1.157009005550000,1.228181958200000,-0.194501698017000,0.000000000000000
-40.595275878899997,172.552352904999992,1.111151933670000,1.158479332920000,1.229492545130000,-0.194456547499000,0.000000000000000
-40.594470977800000,172.552230834999989,1.108993768690000,1.155993700030000,1.226831436160000,-0.193797051907000,0.000000000000000
-40.595886230500000,172.551620482999994,1.110453724860000,1.157704234120000,1.228784680370000,-0.194485351443000,0.000000000000000
-40.596981048600000,172.550476073999988,1.107643365860000,1.154530882840000,1.225729465480000,-0.194239199162000,0.000000000000000
-40.597160339399998,172.549682617000002,1.106292724610000,1.153000116350000,1.224314689640000,-0.194312453270000,0.000000000000000
-40.597862243700000,172.548553467000005,1.106594920160000,1.153310179710000,1.224703192710000,-0.194698244333000,0.000000000000000
-40.597297668499998,172.549011229999991,1.107248902320000,1.154016256330000,1.225424051280000,-0.194877475500000,0.000000000000000
-40.599723815899999,172.544738770000009,1.107282996180000,1.154023170470000,1.225424766540000,-0.194808825850000,0.000000000000000
-40.599548339800002,172.544097899999997,1.107652306560000,1.154392719270000,1.225813865660000,-0.194954156876000,0.000000000000000
-40.599292755100002,172.543258667000003,1.108854651450000,1.155711054800000,1.227238893510000,-0.195317953825000,0.000000000000000
-40.598731994600001,172.542572021000012,1.109629035000000,1.156591296200000,1.228219509120000,-0.195625767112000,0.000000000000000
-40.598258972200000,172.541992187999995,1.109559893610000,1.156522274020000,1.228142857550000,-0.195541813970000,0.000000000000000
-40.598178863500003,172.547866821000014,1.107031345370000,1.153852581980000,1.225351452830000,-0.195056259632000,0.000000000000000
-40.598453521700002,172.547241210999999,1.106758117680000,1.153498291970000,1.224930763240000,-0.194825485349000,0.000000000000000
-40.598754882800002,172.546600342000005,1.107110619540000,1.153919577600000,1.225390434270000,-0.194942906499000,0.000000000000000
-40.599086761499997,172.545959473000011,1.106940388680000,1.153724312780000,1.225146532060000,-0.194786474109000,0.000000000000000
-40.599445342999999,172.545318603999988,1.107312917710000,1.154100298880000,1.225527524950000,-0.194905102253000,0.000000000000000
-40.597564697300001,172.547912598000011,1.107282519340000,1.154002308850000,1.225460052490000,-0.195024803281000,0.000000000000000
-40.592079162600001,172.553421020999991,1.102910041810000,1.148639798160000,1.218798637390000,-0.192562699318000,0.000000000000000
-40.592678070100000,172.552978515999996,1.102153658870000,1.147950768470000,1.218167662620000,-0.191902741790000,0.000000000000000
-40.593246460000003,172.552536011000001,1.104417085650000,1.150807023050000,1.221347808840000,-0.192561596632000,0.000000000000000
-40.593765258799998,172.552078246999997,1.106704354290000,1.153405547140000,1.224098443980000,-0.192804440856000,0.000000000000000
-40.596157073999997,172.550704956000004,1.108119845390000,1.155091643330000,1.226227402690000,-0.193998530507000,0.000000000000000
-40.594944000200002,172.551589965999995,1.109364867210000,1.156449913980000,1.227356791500000,-0.193691581488000,0.000000000000000
-40.594188690199999,172.551559448000006,1.108400821690000,1.155343532560000,1.226112961770000,-0.193616092205000,0.000000000000000
-40.595317840600003,172.550857543999996,1.108657836910000,1.155844926830000,1.226886749270000,-0.194148868322000,0.000000000000000
-40.596389770499997,172.549896240000010,1.106568098070000,1.153387069700000,1.224672436710000,-0.194315850735000,0.000000000000000
-40.596622467000003,172.549118042000003,1.106178522110000,1.152723908420000,1.224010229110000,-0.194443479180000,0.000000000000000
-40.596969604500003,172.548339843999997,1.106729865070000,1.153474211690000,1.224943399430000,-0.195017084479000,0.000000000000000
-40.599079132100002,172.544692993000012,1.107797265050000,1.154617667200000,1.226069450380000,-0.194950565696000,0.000000000000000
-40.598754882800002,172.544006348000011,1.108657836910000,1.155567765240000,1.227121949200000,-0.195283174515000,0.000000000000000
-40.598373413099999,172.543319701999991,1.108747005460000,1.155663371090000,1.227221369740000,-0.195265203714000,0.000000000000000
-40.597957611100000,172.542709351000013,1.109651803970000,1.156619906430000,1.228272080420000,-0.195634946227000,0.000000000000000
-40.597583770800000,172.542160034000005,1.109637856480000,1.156587004660000,1.228225231170000,-0.195600435138000,0.000000000000000
-40.597755432100001,172.547332764000004,1.107202172280000,1.154020190240000,1.225497603420000,-0.195015534759000,0.000000000000000
-40.598018646200003,172.546661376999992,1.107301354410000,1.154180288310000,1.225669622420000,-0.195131152868000,0.000000000000000
-40.598335266100001,172.545989990000010,1.107648134230000,1.154501795770000,1.225990176200000,-0.195063576102000,0.000000000000000
-40.598693847699998,172.545333862000007,1.107191681860000,1.153978824620000,1.225413322450000,-0.194877773523000,0.000000000000000
-40.597057342500001,172.547500609999986,1.106402516370000,1.153111338620000,1.224525094030000,-0.194961473346000,0.000000000000000
-40.592029571499999,172.552673340000013,1.101983666420000,1.147884249690000,1.217965841290000,-0.192121580243000,0.000000000000000
-40.592601776099997,172.552261353000006,1.102700114250000,1.148978590970000,1.219457626340000,-0.192138195038000,0.000000000000000
-40.593151092500001,172.551849365000010,1.106762766840000,1.153444051740000,1.223927259450000,-0.193381130695000,0.000000000000000
-40.593601226799997,172.551513671999999,1.106966495510000,1.153817892070000,1.224474668500000,-0.193102270365000,0.000000000000000
-40.595592498800002,172.550064087000010,1.106996536250000,1.153747081760000,1.224870443340000,-0.193925440311000,0.000000000000000
-40.594520568800000,172.550918579000012,1.107796549800000,1.154761910440000,1.225591421130000,-0.193516358733000,0.000000000000000
-40.593818664600001,172.550994873000008,1.108564019200000,1.155591249470000,1.226275205610000,-0.193464353681000,0.000000000000000
-40.594806671100002,172.550216675000001,1.107353210450000,1.154379248620000,1.225324392320000,-0.193795472383000,0.000000000000000
-40.595836639399998,172.549301146999994,1.106080174450000,1.152756810190000,1.223987102510000,-0.194439038634000,0.000000000000000
-40.596084594700002,172.548522948999988,1.105998635290000,1.152605652810000,1.223950862880000,-0.194941386580000,0.000000000000000
-40.596302032499999,172.547729492000002,1.107133626940000,1.153752923010000,1.225100517270000,-0.194870457053000,0.000000000000000
-40.598312377900001,172.544677734000004,1.108087301250000,1.154949426650000,1.226456403730000,-0.195153295994000,0.000000000000000
-40.597934722900000,172.544006348000011,1.108442187310000,1.155326724050000,1.226848483090000,-0.195278182626000,0.000000000000000
-40.597564697300001,172.543380737000007,1.108906149860000,1.155825495720000,1.227391123770000,-0.195386484265000,0.000000000000000
-40.597267150900002,172.546768187999987,1.107641339300000,1.154345870020000,1.225850939750000,-0.195092126727000,0.000000000000000
-40.597553253199997,172.546051024999997,1.106997966770000,1.153761982920000,1.225211501120000,-0.194872945547000,0.000000000000000
-40.597908019999998,172.545349120999987,1.108277559280000,1.155210256580000,1.226767301560000,-0.195307448506000,0.000000000000000
-40.596492767299999,172.546936034999987,1.106440663340000,1.153110980990000,1.224511265750000,-0.194972202182000,0.000000000000000
-40.591926574699997,172.551879882999998,1.101446866990000,1.147184491160000,1.217065572740000,-0.192189753056000,0.000000000000000
-40.592594146700002,172.551620482999994,1.102818369870000,1.149102807040000,1.219481348990000,-0.191833868623000,0.000000000000000
-40.593093872099999,172.551116943000011,1.105771422390000,1.152466654780000,1.222958445550000,-0.192801102996000,0.000000000000000
-40.595050811800000,172.549468993999994,1.105529189110000,1.152202486990000,1.223244309430000,-0.193941518664000,0.000000000000000
-40.594062805199997,172.550338745000005,1.108760476110000,1.155981659890000,1.226767778400000,-0.193671271205000,0.000000000000000
-40.593456268300002,172.550506592000005,1.106628417970000,1.153473854060000,1.224018692970000,-0.193590790033000,0.000000000000000
-40.594295501700003,172.549636840999995,1.108461856840000,1.155722379680000,1.226588130000000,-0.194307982922000,0.000000000000000
-40.595275878899997,172.548706054999997,1.105838179590000,1.152478933330000,1.223612070080000,-0.194651514292000,0.000000000000000
-40.595710754400002,172.547134398999987,1.105394244190000,1.152032136920000,1.223349928860000,-0.195270389318000,0.000000000000000
-40.597492217999999,172.544677734000004,1.108294129370000,1.155197262760000,1.226746916770000,-0.195167198777000,0.000000000000000
-40.597110748299997,172.544006348000011,1.108962535860000,1.155950069430000,1.227575659750000,-0.195424526930000,0.000000000000000
-40.596725463900000,172.546142578000001,1.107669234280000,1.154480934140000,1.225957512860000,-0.195333510637000,0.000000000000000
-40.597064971899997,172.545379639000004,1.107713937760000,1.154488563540000,1.225959062580000,-0.195106402040000,0.000000000000000
-40.592197418200001,172.550979613999999,1.102008342740000,1.148274779320000,1.218225359920000,-0.192720711231000,0.000000000000000
-40.592826843300003,172.550323485999996,1.105314254760000,1.152039289470000,1.222319602970000,-0.192551791668000,0.000000000000000
-40.594501495400003,172.548889159999987,1.106234788890000,1.153182506560000,1.224114894870000,-0.193969368935000,0.000000000000000
-40.593482971199997,172.549774170000006,1.106531858440000,1.153442263600000,1.223956465720000,-0.193492740393000,0.000000000000000
-40.593864440899999,172.549118042000003,1.107020258900000,1.154213666920000,1.224917531010000,-0.194433495402000,0.000000000000000
-40.592067718499997,172.550079345999990,1.099832177160000,1.145865678790000,1.215404272080000,-0.193442642689000,0.000000000000000
-40.592666626000003,172.549530029000010,1.102822780610000,1.149487972260000,1.219471693040000,-0.193107366562000,0.000000000000000
-40.593833923299997,172.548339843999997,1.105420351030000,1.152382254600000,1.223049759860000,-0.194647818804000,0.000000000000000
-40.593215942400001,172.548950195000003,1.101883649830000,1.148262858390000,1.218664288520000,-0.193304657936000,0.000000000000000
-40.585208892799997,172.542770386000001,1.477023601530000,1.635933041570000,1.753861188890000,-1.595584750180000,0.000000000000000
-40.582141876199998,172.543075562000013,1.599323749540000,1.836354017260000,1.962009429930000,-2.019679307940000,0.000000000000000
-40.582885742199998,172.542739868000012,1.572276592250000,1.795905947690000,1.917486548420000,-1.946890234950000,0.000000000000000
-40.584095001199998,172.542709351000013,1.526891350750000,1.711082935330000,1.836265802380000,-1.789198160170000,0.000000000000000
-40.584594726600002,172.542572021000012,1.496030092240000,1.664525270460000,1.784994721410000,-1.666309118270000,0.000000000000000
-40.583553314200003,172.542419434000010,1.551435112950000,1.759564638140000,1.878060817720000,-1.878270864490000,0.000000000000000
-40.584949493400003,172.542068481000001,1.494575977330000,1.662115216260000,1.781539916990000,-1.673697829250000,0.000000000000000
-40.582187652599998,172.542175293000014,1.603592276570000,1.842845559120000,1.968695640560000,-2.034509420390000,0.000000000000000
-40.581424713099999,172.543502808000000,1.620207905770000,1.868890285490000,1.996978282930000,-2.077049016950000,0.000000000000000
-40.579483032200002,172.544937134000008,1.630643248560000,1.882528543470000,2.011809825900000,-2.092570781710000,0.000000000000000
-40.580078125000000,172.544448853000006,1.631350040440000,1.884280800820000,2.013230323790000,-2.099411487580000,0.000000000000000
-40.580730438200000,172.543960571000014,1.628989696500000,1.881402730940000,2.010370016100000,-2.096305131910000,0.000000000000000
-40.578792571999998,172.544723511000001,1.636484384540000,1.891059637070000,2.020407676700000,-2.108924150470000,0.000000000000000
-40.581386566200003,172.542648315000008,1.640509366990000,1.900399565700000,2.030284643170000,-2.134465694430000,0.000000000000000
-40.581340789800002,172.541809081999986,1.641525864600000,1.901847243310000,2.031837224960000,-2.137803077700000,0.000000000000000
-40.582984924300000,172.542007446000014,1.569159150120000,1.791312575340000,1.912442564960000,-1.932527542110000,0.000000000000000
-40.584186553999999,172.542037964000002,1.526185274120000,1.710953950880000,1.835569262500000,-1.794353365900000,0.000000000000000
-40.583557128899997,172.541809081999986,1.562030911450000,1.776072263720000,1.895677804950000,-1.909030199050000,0.000000000000000
-40.585380554200000,172.541351318000011,1.485634088520000,1.648342967030000,1.767099142070000,-1.650271773340000,0.000000000000000
-40.584629058799997,172.541488646999994,1.511907100680000,1.689585328100000,1.811268448830000,-1.738971114160000,0.000000000000000
-40.581985473600000,172.541366576999991,1.612653732300000,1.855690360070000,1.982638001440000,-2.058190822600000,0.000000000000000
-40.582576751700003,172.541580199999999,1.583098769190000,1.812615752220000,1.935870766640000,-1.973552823070000,0.000000000000000
-40.581295013400002,172.541030884000008,1.633443713190000,1.888747453690000,2.017967462540000,-2.110519170760000,0.000000000000000
-40.578937530499999,172.545364379999995,1.626802444460000,1.875400066380000,2.004814624790000,-2.075136184690000,0.000000000000000
-40.578403472900000,172.545150756999988,1.637533068660000,1.892469763760000,2.021860599520000,-2.111414194110000,0.000000000000000
-40.580638885500001,172.543121337999992,1.636669635770000,1.893371820450000,2.021982431410000,-2.121349334720000,0.000000000000000
-40.579296112100003,172.544189453000001,1.637366056440000,1.892621994020000,2.021766901020000,-2.113854646680000,0.000000000000000
-40.579921722400002,172.543624878000003,1.636799335480000,1.892282843590000,2.021216869350000,-2.116690397260000,0.000000000000000
-40.578113555900003,172.544662476000013,1.638503432270000,1.893972516060000,2.023328781130000,-2.113418817520000,0.000000000000000
-40.578514099099998,172.544052123999990,1.638024806980000,1.893378019330000,2.022693157200000,-2.113066911700000,0.000000000000000
-40.580581664999997,172.542236328000001,1.634766459470000,1.890143275260000,2.018446683880000,-2.115792036060000,0.000000000000000
-40.580604553199997,172.541412353999988,1.631852507590000,1.885273575780000,2.013299465180000,-2.103754282000000,0.000000000000000
-40.580062866200002,172.541015625000000,1.637368559840000,1.893578767780000,2.022434473040000,-2.118797302250000,0.000000000000000
-40.580631256099998,172.540664673000009,1.637803554530000,1.895014882090000,2.024030447010000,-2.122007370000000,0.000000000000000
-40.583145141599999,172.541366576999991,1.569175601010000,1.791622042660000,1.912337899210000,-1.935005426410000,0.000000000000000
-40.583923339800002,172.541198729999991,1.548596978190000,1.756429433820000,1.873804450040000,-1.879097938540000,0.000000000000000
-40.584701538099999,172.540756226000013,1.523900389670000,1.708177447320000,1.830633044240000,-1.796093225480000,0.000000000000000
-40.581939697300001,172.540618896000012,1.605604052540000,1.845456242560000,1.971644997600000,-2.034518718720000,0.000000000000000
-40.582584381099998,172.540969848999993,1.575105309490000,1.800723671910000,1.922868132590000,-1.946597456930000,0.000000000000000
-40.581264495799999,172.540283203000001,1.629300236700000,1.882617354390000,2.011400938030000,-2.099276542660000,0.000000000000000
-40.577796935999999,172.545303345000008,1.632656455040000,1.885785579680000,2.015552043910000,-2.094099760060000,0.000000000000000
-40.577499389600000,172.544708251999992,1.638708472250000,1.894554138180000,2.024059772490000,-2.113688945770000,0.000000000000000
-40.579967498800002,172.540359496999997,1.635794520380000,1.890667200090000,2.019466876980000,-2.109263420100000,0.000000000000000
-40.579795837399999,172.542739868000012,1.635926961900000,1.890905380250000,2.019888162610000,-2.112265348430000,0.000000000000000
-40.578994751000003,172.543319701999991,1.637806653980000,1.892668008800000,2.021805763240000,-2.112157821660000,0.000000000000000
-40.577674865699997,172.543991089000002,1.638466358180000,1.893884420390000,2.023328304290000,-2.112584352490000,0.000000000000000
-40.578205108600002,172.543457031000003,1.638441085820000,1.894126176830000,2.023493766780000,-2.114567279820000,0.000000000000000
-40.579723358199999,172.541717529000010,1.636070132260000,1.890433430670000,2.019207715990000,-2.110832691190000,0.000000000000000
-40.579387664800002,172.540863037000008,1.635283470150000,1.889470219610000,2.018350124360000,-2.107144832610000,0.000000000000000
-40.580585479699998,172.539947509999990,1.637049913410000,1.893860578540000,2.022889375690000,-2.119209289550000,0.000000000000000
-40.579895019500000,172.539627074999999,1.635019540790000,1.889199852940000,2.018002033230000,-2.105151414870000,0.000000000000000
-40.583255767799997,172.540649414000001,1.563360452650000,1.781880736350000,1.901800990100000,-1.910935997960000,0.000000000000000
-40.583995819099997,172.540283203000001,1.557057857510000,1.771498680110000,1.889629364010000,-1.901738047600000,0.000000000000000
-40.581912994400000,172.539871215999995,1.604393243790000,1.843530297280000,1.969626784320000,-2.030824184420000,0.000000000000000
-40.582595825200002,172.540237426999994,1.570387721060000,1.792029976840000,1.913444757460000,-1.928745746610000,0.000000000000000
-40.581226348900003,172.539535521999994,1.632363915440000,1.886389136310000,2.015547752380000,-2.104765653610000,0.000000000000000
-40.577358245799999,172.545791626000010,1.638534665110000,1.894131064410000,2.023675680160000,-2.112046957020000,0.000000000000000
-40.576969146700002,172.545196532999995,1.638790130620000,1.894297838210000,2.023852586750000,-2.112488746640000,0.000000000000000
-40.576938629200001,172.544387817000000,1.638999581340000,1.894747972490000,2.024317502980000,-2.113389253620000,0.000000000000000
-40.576278686499997,172.544738770000009,1.639236330990000,1.894922494890000,2.024571657180000,-2.112799406050000,0.000000000000000
-40.576919555700002,172.543640137000011,1.639055490490000,1.894910812380000,2.024483203890000,-2.113844633100000,0.000000000000000
-40.578910827599998,172.542373657000013,1.638368844990000,1.893990874290000,2.023224830630000,-2.115084171300000,0.000000000000000
-40.578311920200001,172.542861937999987,1.638218402860000,1.893470764160000,2.022800922390000,-2.113297462460000,0.000000000000000
-40.577541351299999,172.543060303000004,1.638807654380000,1.894440293310000,2.023890495300000,-2.113168716430000,0.000000000000000
-40.578727722200000,172.541458129999995,1.638267517090000,1.893563270570000,2.022848606110000,-2.113151788710000,0.000000000000000
-40.580535888699998,172.539199829000012,1.633038759230000,1.886649370190000,2.015268087390000,-2.101185798650000,0.000000000000000
-40.583290100100001,172.539825438999998,1.552332997320000,1.763569474220000,1.881063342090000,-1.877680897710000,0.000000000000000
-40.581874847400002,172.539108276000007,1.601258754730000,1.838619112970000,1.964614510540000,-2.019556045530000,0.000000000000000
-40.582584381099998,172.539443970000008,1.562530636790000,1.780200839040000,1.900388836860000,-1.902814269070000,0.000000000000000
-40.581184387199997,172.538787842000005,1.631615281110000,1.886120557790000,2.014709711070000,-2.106015205380000,0.000000000000000
-40.576747894299999,172.546020507999998,1.639323592190000,1.894970417020000,2.024666309360000,-2.112777948380000,0.000000000000000
-40.576171875000000,172.545486449999999,1.638999938960000,1.894619584080000,2.024279832840000,-2.112018585210000,0.000000000000000
-40.577907562299998,172.542098998999990,1.638895869260000,1.894578218460000,2.023948431020000,-2.114431858060000,0.000000000000000
-40.581142425499998,172.538040160999998,1.629093527790000,1.880931854250000,2.009378194810000,-2.091656446460000,0.000000000000000
-40.575950622599997,172.546249390000014,1.639338493350000,1.894958496090000,2.024643898010000,-2.111881017680000,0.000000000000000
-40.575450897200000,172.545669556000007,1.638685941700000,1.894305586810000,2.023936986920000,-2.112491846080000,0.000000000000000
-40.575115203899998,172.546356201000009,1.638996124270000,1.894618630410000,2.024333715440000,-2.112005949020000,0.000000000000000
