OID,FID_,X,Y,BCE_Te_Pun
0,0,1691781.317715078,6111137.897975878,0.747529396
1,1,1692075.215991137,6110770.562999619,0.167879412
2,2,1692432.674295162,6110754.653860434,0.143999997
3,3,1692098.980023806,6110738.434362715,-0.026193861
4,4,1692147.422163743,6110725.390117828,-0.393404798
5,5,1692210.801827324,6110714.543525754,-9999.0
6,6,1692546.263979629,6110711.576851567,0.156139541
7,7,1692230.857029672,6110704.801832108,-0.461666708
8,8,1692603.774249002,6110702.509282592,0.115375
9,9,1692247.116042007,6110694.668659982,-9999.0
10,10,1692263.374990729,6110684.535441402,-0.423666716
11,11,1692317.17673688,6110682.420932064,-0.2590556
12,12,1692700.988461338,6110658.914791106,0.207873012
13,13,1691137.420505458,6110577.367514487,-0.236070192
14,14,1691153.631314368,6110576.974166418,-0.060723421
15,15,1696230.351128375,6110409.42879393,-0.560990415
16,16,1691715.03822047,6110444.883033317,-0.001102984
17,17,1696185.188843356,6110394.956787578,-0.509325017
18,18,1690522.197733188,6110433.314317755,-0.160350018
19,19,1690550.492043364,6110434.890912115,-0.022935185
20,20,1691692.638463684,6110421.161787538,-9999.0
21,21,1690570.893823484,6110422.517750381,0.217297297
22,22,1690595.093518665,6110392.386809299,-0.173027053
23,23,1692550.999033479,6110353.08136353,0.354522358
24,24,1691658.93205725,6110352.180982923,-9999.0
25,25,1692561.437553325,6110342.859910873,1.493146046
26,26,1692574.748293074,6110322.3402786,0.00726412
27,27,1691630.413852377,6110325.416567598,0.127816896
28,28,1696264.928610754,6110287.364218645,-0.093909302
29,29,1692623.750595925,6110290.32372394,-9999.0
30,30,1689926.001610733,6110285.952399394,0.081333333
31,31,1690026.816446771,6110288.045034624,0.408000002
32,32,1690293.837410985,6110288.920954078,-0.235396421
33,33,1692764.13432191,6110254.032782565,0.271153845
34,34,1690413.764952978,6110254.754109294,-0.045620733
35,35,1690339.294824785,6110243.837787238,-9999.0
36,36,1696289.291972942,6110179.632907354,-0.169575002
37,37,1692584.328646437,6110164.243688508,0.038918322
38,38,1691577.823399528,6110137.098656734,0.183903802
39,39,1692566.689813659,6110134.571939649,0.655729105
40,40,1691529.425341072,6110122.391420077,0.472317875
41,41,1691391.195758928,6110121.72498492,0.974137164
42,42,1692556.130579896,6110105.454294266,0.113889494
43,43,1691383.260158008,6110089.611065533,-0.143666709
44,44,1692554.532473919,6110063.36598084,-9999.0
45,45,1696860.458718529,6110019.106951209,-0.486691571
46,46,1697000.061753263,6110014.321005485,-0.001504847
47,47,1696852.055109636,6109998.542281806,-9999.0
48,48,1697015.668182648,6109992.537352936,-0.19949367
49,49,1691279.289137834,6110036.445071135,0.338891846
50,50,1696382.724349116,6109973.427755614,-0.450947354
51,51,1697031.604729231,6109967.661096498,-0.46883971
52,52,1696120.648766207,6109957.206837827,-0.682666639
53,53,1695519.801274563,6110000.818439312,0.196140357
54,54,1696106.781600235,6109947.417755183,-0.25102501
55,55,1696602.748211634,6109943.255460694,-0.061346899
56,56,1696749.138060522,6109940.584256929,-0.736397051
57,57,1695069.853427811,6109960.283716029,-0.084441562
58,58,1696975.06185859,6109941.108508973,-0.877499983
59,59,1695550.143446391,6109934.10128744,0.037159998
60,60,1692746.602551911,6109951.813068422,-9999.0
61,61,1697014.069220941,6109913.370349877,-9999.0
62,62,1695223.103657278,6109915.439295162,-0.410258629
63,63,1697116.836294995,6109921.977635616,0.152534668
64,64,1692871.77638273,6109931.809986752,-0.499000043
65,65,1695214.346518378,6109906.988193461,-0.452759488
66,66,1695099.62829682,6109907.024343903,-0.006090495
67,67,1696556.188843848,6109883.16419579,-9999.0
68,68,1696671.956802069,6109891.256103803,-9999.0
69,69,1692906.62099217,6109912.917720295,-9999.0
70,70,1695206.090321574,6109891.872752795,-0.544012817
71,71,1695191.129268678,6109876.174647206,-0.673145837
72,72,1696449.546589531,6109857.384945208,-9999.0
73,73,1697077.173160242,6109857.887417361,-9999.0
74,74,1695173.717860416,6109852.188233708,-0.690530818
75,75,1695614.75329199,6109861.51897771,0.014953003
76,76,1695108.863584839,6109840.023621407,-0.8065562
77,77,1695148.421688793,6109836.267895825,-0.543870278
78,78,1697144.719116282,6109816.059384381,-9999.0
79,79,1695640.051643251,6109830.499204294,0.048322783
80,80,1697157.671774762,6109807.152922506,-9999.0
81,81,1697172.624657505,6109791.006011928,-9999.0
82,82,1695662.558916264,6109784.504374833,-0.044587005
83,83,1695682.509091816,6109742.346828649,0.174520436
84,84,1695695.62145099,6109726.119265581,-0.008670761
85,85,1695716.403136823,6109705.583811995,0.12295238
86,86,1696058.924899265,6109678.899708387,-0.892222262
87,87,1696027.32048556,6109638.839875922,-0.385839988
88,88,1695997.734740719,6109608.616310549,-0.652113228
89,89,1696357.822272608,6109647.051448816,-0.295915856
90,90,1693206.357978188,6109619.00885105,-9999.0
91,91,1695469.70225463,6109547.291178502,-9999.0
92,92,1696203.242824564,6109539.956014859,2.146441769
93,93,1693131.832988101,6109550.232434936,-9999.0
94,94,1695856.591275831,6109469.580894264,-0.12685714
95,95,1692991.976814569,6109461.789797,0.068824978
96,96,1696142.200403155,6109428.918348798,1.557872746
97,97,1692983.692253667,6109451.910970597,-0.489560033
98,98,1695446.372358021,6109421.723742114,1.675551819
99,99,1692968.188633987,6109432.612321009,0.08273592
100,100,1692949.218463428,6109405.4580479,0.456012796
101,101,1695069.661072733,6109375.374092932,-0.772655187
102,102,1695437.668118554,6109386.973408313,2.803987256
103,103,1692925.700546893,6109382.759087788,-0.493000048
104,104,1696066.484789658,6109362.741897609,-9999.0
105,105,1692933.351269541,6109373.266693695,-0.282913082
106,106,1695061.206019502,6109352.938402239,-0.775500022
107,107,1692924.805054854,6109363.922198126,-9999.0
108,108,1696042.955280149,6109330.331654947,-0.639104822
109,109,1693475.762079844,6109345.957807563,2.847258014
110,110,1693661.428350598,6109325.57037886,-9999.0
111,111,1695809.510033643,6109309.206533048,-9999.0
112,112,1695840.395292414,6109306.458998968,-0.905085117
113,113,1695915.879936279,6109308.081350249,-9999.0
114,114,1695608.766866929,6109285.103114227,-9999.0
115,115,1693691.419140972,6109275.153264162,-9999.0
116,116,1695436.62413588,6109257.025939908,-0.590707354
117,117,1694740.529163116,6109242.178556427,0.003666661
118,118,1694701.831761688,6109237.354135771,-0.318680156
119,119,1693243.375625283,6109240.002623943,-9999.0
120,120,1695174.164974199,6109200.002609379,0.925141661
121,121,1693238.735845675,6109140.423908668,-9999.0
122,122,1693241.889206351,6109095.542406059,-9999.0
123,123,1692975.71681616,6109073.36776092,-0.481000036
124,124,1693595.548997881,6109114.56514926,0.50533366
125,125,1692963.341558926,6109063.530909566,-9999.0
126,126,1693131.916960303,6109051.375341225,-9999.0
127,127,1693118.908551347,6109041.565889736,-9999.0
128,128,1693587.102110676,6109041.178196022,1.569742829
129,129,1693600.752271883,6108996.981895815,0.217588191
130,130,1691479.343946951,6108998.923598176,-9999.0
131,131,1693044.357606056,6108982.971385675,-9999.0
132,132,1693658.364580223,6108981.569498194,-0.391272766
133,133,1693036.103518187,6108973.055491683,-0.169666711
134,134,1691489.572610868,6108978.892798212,-9999.0
135,135,1692936.981690818,6109005.549856003,0.454973577
136,136,1693020.137616297,6108962.108204602,-0.441750047
137,137,1693691.108470983,6108956.39705898,-0.4356667
138,138,1691409.883709716,6108966.982849672,0.009539759
139,139,1691489.371472627,6108958.967245515,-9999.0
140,140,1695214.704878276,6108948.851183129,0.328449378
141,141,1691382.805806521,6108940.115047761,-0.519000053
142,142,1691366.341544881,6108930.317323426,-9999.0
143,143,1691497.697098043,6108933.750415954,-9999.0
144,144,1693763.152539412,6108895.507338576,0.301090352
145,145,1691325.231270134,6108910.804279706,-9999.0
146,146,1694549.000348948,6108877.374030352,-9999.0
147,147,1695219.587136051,6108875.024030288,0.097636356
148,148,1693763.2991,6108875.970407677,-0.028662501
149,149,1694565.147965117,6108867.606735682,-9999.0
150,150,1691267.817293661,6108897.371424277,-9999.0
151,151,1691316.467787878,6108892.382027562,-0.100839136
152,152,1695452.894655264,6108838.304894311,0.857731611
153,153,1695530.115559502,6108836.261046155,-0.33010525
154,154,1691507.712318809,6108879.602086245,-9999.0
155,155,1694613.823126886,6108827.24308588,-9999.0
156,156,1691506.081041846,6108848.815789949,-9999.0
157,157,1694615.124052968,6108807.09128714,-9999.0
158,158,1693746.582959248,6108832.170729646,0.904279466
159,159,1694637.640389662,6108757.247067772,-9999.0
160,160,1691503.84263336,6108779.70078033,-9999.0
161,161,1694642.683933108,6108729.71831395,-9999.0
162,162,1691497.244672381,6108729.820056847,-9999.0
163,163,1691492.829169257,6108702.506086226,-9999.0
164,164,1691479.284066844,6108689.021070566,-9999.0
165,165,1694628.262043805,6108642.760368644,-0.355500003
166,166,1694621.223712392,6108627.630615384,-9999.0
167,167,1692615.106614566,6108617.99875007,-9999.0
168,168,1692656.06404125,6108608.536818769,-9999.0
169,169,1694611.810867672,6108587.581077471,-9999.0
170,170,1691362.923399759,6108632.897660317,-0.334909133
171,171,1694603.773465895,6108577.451156582,-9999.0
172,172,1695636.652715815,6108567.407039234,-0.967000008
173,173,1692663.916459884,6108597.623814405,-9999.0
174,174,1695592.701622281,6108537.97904218,-0.746363661
175,175,1691353.113198049,6108582.70824541,-0.372058864
176,176,1695580.324161066,6108528.145729475,-0.793466703
177,177,1694087.185316975,6108543.774740225,0.181439003
178,178,1694094.115623521,6108523.671373756,2.039669895
179,179,1691347.729160971,6108552.225302882,-9999.0
180,180,1695559.477923576,6108508.28182531,0.885150531
181,181,1694091.577059143,6108496.518777538,1.474266246
182,182,1695538.943443195,6108483.744530545,0.105719851
183,183,1691359.127139772,6108504.557349917,-9999.0
184,184,1694691.684960593,6108447.801951589,-9999.0
185,185,1691353.369023942,6108471.910323307,-0.04284213
186,186,1694128.050829975,6108423.51523449,0.095545938
187,187,1694740.89929297,6108427.043562374,-9999.0
188,188,1695524.338195289,6108432.249784808,0.413617117
189,189,1695704.717743555,6108376.845897355,-0.838795921
190,190,1695704.312377596,6108327.840839393,-0.91531248
191,191,1691387.902917991,6108363.82551643,-9999.0
192,192,1695680.584507475,6108322.629183512,-0.94933334
193,193,1691425.864948846,6108341.85427216,-9999.0
194,194,1694148.279064323,6108326.303846789,-0.107826116
195,195,1694207.215363851,6108283.466784385,-0.412818229
196,196,1694753.019347454,6108267.486206616,-0.149083339
197,197,1695651.118387687,6108258.372667419,-0.538181818
198,198,1691433.701005176,6108322.5858295,-9999.0
199,199,1694738.690486959,6108248.03241732,-0.267
200,200,1694730.412336431,6108238.881929562,-9999.0
201,201,1695627.797773375,6108221.418931218,-0.012815791
202,202,1695689.287420637,6108205.786226863,-0.774195419
203,203,1691482.128214156,6108241.648473464,-0.215142901
204,204,1694263.483672522,6108193.128357574,0.440218366
205,205,1691469.554635161,6108211.884153428,0.094888846
206,206,1694725.711904514,6108166.990753785,-9999.0
207,207,1691448.657476543,6108162.207781199,-0.16311433
208,208,1695817.360743896,6108117.120853472,-0.611352971
209,209,1691853.064183735,6108148.47888913,-9999.0
210,210,1691889.54330055,6108152.013583008,-0.515666703
211,211,1694291.63700227,6108122.427979738,0.04527194
212,212,1694776.397297356,6108123.171474586,-9999.0
213,213,1695794.390118164,6108084.925578665,-0.89900004
214,214,1691583.084621551,6108111.099199979,-9999.0
215,215,1691611.718604378,6108110.809669044,-9999.0
216,216,1692253.941715686,6108104.639085177,-9999.0
217,217,1691570.712205312,6108101.260490785,-9999.0
218,218,1691619.798920026,6108100.76418356,-9999.0
219,219,1694344.119277715,6108072.800611098,-0.389518563
220,220,1694761.358286322,6108068.44553504,-9999.0
221,221,1691562.066259387,6108091.837072561,-0.001235324
222,222,1691627.879335526,6108090.718642035,-9999.0
223,223,1694754.184682954,6108058.099851171,-9999.0
224,224,1692282.208529892,6108101.878718391,-9999.0
225,225,1691657.641560974,6108067.168706741,-9999.0
226,226,1691782.441043184,6108060.049160487,0.285833291
227,227,1692123.046822859,6108060.216265759,-9999.0
228,228,1691652.019495504,6108050.619273162,0.192526277
229,229,1691897.249922613,6108028.207177509,-9999.0
230,230,1695759.285025151,6108007.645089782,-0.563101893
231,231,1691756.876405039,6108020.439681422,-9999.0
232,232,1692111.085778228,6108018.55936459,1.090624966
233,233,1692289.839750637,6108014.252133464,-9999.0
234,234,1691749.569343344,6108010.033002689,-9999.0
235,235,1691967.361060694,6108016.701678419,-9999.0
236,236,1694733.273904963,6107997.039350051,-0.086794878
237,237,1692313.583404212,6107994.082511811,-9999.0
238,238,1695717.992959351,6107948.78453873,-9999.0
239,239,1695738.463088477,6107949.833937184,0.216622897
240,240,1695757.330834686,6107937.031741176,4.192058842
241,241,1692301.654576155,6107969.29453815,-0.310074116
242,242,1692272.922762533,6107954.577313587,-0.284250025
243,243,1696044.563029841,6107904.298400294,-0.182775028
244,244,1694579.760442129,6107915.903081327,-0.3581429
245,245,1696052.292108218,6107895.42615139,-9999.0
246,246,1696090.402219353,6107902.167317756,-0.48507524
247,247,1694754.611066723,6107911.099086672,-0.392048546
248,248,1694570.88067977,6107891.593091493,-9999.0
249,249,1696023.01861344,6107885.659004628,0.479949386
250,250,1694717.157938714,6107881.107286044,-0.341396077
251,251,1692276.248666417,6107884.861077632,-9999.0
252,252,1694692.360414011,6107863.638239063,-0.062786562
253,253,1692250.695092051,6107861.864765754,1.077990483
254,254,1694586.60013917,6107828.725524884,0.943952377
255,255,1694557.761109016,6107844.601712015,0.257369542
256,256,1694619.676853651,6107820.829214093,-0.46100004
257,257,1694595.030010861,6107811.122727749,-0.429416711
258,258,1694654.126075288,6107823.855362562,-9999.0
259,259,1692119.442993053,6107751.945594374,-0.291859548
260,260,1696344.435759593,6107653.392952863,-0.476175435
261,261,1696335.97903477,6107643.314608399,-0.833924044
262,262,1692091.000212661,6107666.994301071,-9999.0
263,263,1692085.660677369,6107647.666346253,-9999.0
264,264,1692032.642163608,6107607.591383127,-9999.0
265,265,1691647.476397866,6107593.296527193,-0.342416671
266,266,1691700.713461028,6107561.235572113,-0.333081082
267,267,1691742.122332281,6107548.511611254,-0.024569946
268,268,1691784.233285005,6107527.048619776,-0.1788645
269,269,1691820.024829304,6107512.865424425,-0.505600609
270,270,1691883.803128854,6107507.926677339,2.911250004
271,271,1691968.888483692,6107517.543673972,0.11634438
272,272,1692987.963828089,6107479.061177575,-9999.0
273,273,1696288.866142516,6107444.536491749,-9999.0
274,274,1696262.430249274,6107437.621322658,-0.878090967
275,275,1696227.299586525,6107425.263016556,-9999.0
276,276,1692909.429002512,6107439.980633332,-9999.0
277,277,1692955.444493175,6107420.479621238,-0.266988378
278,278,1696169.89884243,6107387.345240003,-9999.0
279,279,1692929.908556199,6107399.914103547,-0.479142903
280,280,1691771.823411141,6107403.924459052,-9999.0
281,281,1692872.432827453,6107379.813290548,2.583560019
282,282,1691814.28133347,6107387.242840576,-9999.0
283,283,1692847.676208343,6107380.807449498,0.529878297
284,284,1692905.060345422,6107370.277551252,-9999.0
285,285,1691771.024772269,6107369.108400621,-0.172027066
286,286,1692890.938875431,6107334.221749622,-0.170321175
287,287,1692750.03687315,6107327.756016061,-9999.0
288,288,1696116.362419505,6107303.432888034,-0.551528299
289,289,1692741.189332653,6107302.981298623,1.484702938
290,290,1692855.446741913,6107295.142074596,-9999.0
291,291,1692060.748167168,6107209.514633771,-9999.0
292,292,1692834.556540343,6107201.615176242,-9999.0
293,293,1692554.328701288,6107207.804941123,-9999.0
294,294,1696240.807657372,6107153.628670763,3.629615348
295,295,1696264.642302634,6107145.672222406,2.611159737
296,296,1692862.114736446,6107171.441098544,-9999.0
297,297,1696273.312011057,6107135.81901355,-9999.0
298,298,1692534.800482479,6107164.827732947,-0.234298262
299,299,1696012.582852125,6107137.948398688,-0.350896568
300,300,1696240.484749031,6107126.203981022,-0.96600008
301,301,1692481.364558969,6107161.775537109,-0.070264725
302,302,1692904.986387783,6107145.290963045,-0.553000048
303,303,1692948.31638691,6107155.620440499,-9999.0
304,304,1692203.29530099,6107148.28154625,-9999.0
305,305,1692248.286852339,6107147.823341846,-9999.0
306,306,1692968.100753404,6107135.48019061,-9999.0
307,307,1692190.872705387,6107133.462292356,-0.498203426
308,308,1692387.148541167,6107126.480092605,-9999.0
309,309,1695929.104331539,6107079.688058629,-9999.0
310,310,1692987.110765784,6107107.403521482,-0.641095279
311,311,1693000.463857536,6107100.27441709,-9999.0
312,312,1696631.227335562,6106942.691351017,-0.88679412
313,313,1693013.777536361,6106974.488329794,-9999.0
314,314,1692941.886739147,6106919.500452887,-9999.0
315,315,1692933.231148012,6106911.456313681,-0.623875045
316,316,1696180.731071845,6106873.944094106,-9999.0
317,317,1692908.60349656,6106875.882207081,-0.7031177
318,318,1695898.414073376,6106943.966913174,0.55250518
319,319,1692899.864472838,6106862.153986215,-0.704333385
320,320,1696628.103089159,6106828.803192518,-0.032619847
321,321,1692891.571026125,6106852.28908997,-0.770333389
322,322,1695962.492691362,6106819.129753591,0.387018834
323,323,1696015.905923412,6106808.172242701,1.476268759
324,324,1696174.724557654,6106828.700524546,-9999.0
325,325,1693525.315626047,6106826.209499419,-9999.0
326,326,1693504.223358142,6106816.954774674,-9999.0
327,327,1692806.871909577,6106813.071442498,-9999.0
328,328,1696035.966347428,6106789.986562655,2.051052187
329,329,1696073.17839928,6106779.24191629,-9999.0
330,330,1696129.544148286,6106786.214038422,1.11398178
331,331,1692804.283161183,6106789.130750125,-9999.0
332,332,1693458.457395832,6106768.744432925,0.111834174
333,333,1693608.194628411,6106752.490572747,-9999.0
334,334,1693454.856358852,6106736.897207738,-0.093329138
335,335,1693618.455002712,6106735.20718572,-9999.0
336,336,1693642.685455495,6106705.065186081,-9999.0
337,337,1692775.379896266,6106714.097892832,-0.325062544
338,338,1696459.127715891,6106658.892297041,-0.371100864
339,339,1696276.301735163,6106647.552865759,-9999.0
340,340,1696309.815805751,6106643.91767045,-0.17458625
341,341,1696267.909920083,6106627.714198943,-0.354333381
342,342,1692760.946758736,6106646.806139433,0.650578949
343,343,1692619.382577573,6106635.87957498,-0.172109754
344,344,1692627.458120918,6106625.830043919,-0.653619067
345,345,1696218.40719158,6106588.384455538,-9999.0
346,346,1696201.188791329,6106563.916086733,-0.264698663
347,347,1692583.269496788,6106572.993320218,-0.36924807
348,348,1693461.236612661,6106562.463605663,-0.12715614
349,349,1696165.759055897,6106516.71354767,-0.070628615
350,350,1693660.436804255,6106541.755218541,-9999.0
351,351,1692739.158283153,6106509.109129681,-9999.0
352,352,1694076.16950488,6106498.802646571,-9999.0
353,353,1696168.058228035,6106469.351748757,-9999.0
354,354,1693430.35687408,6106505.147470881,0.255384434
355,355,1692672.393892375,6106490.317879307,-9999.0
356,356,1693051.212010421,6106482.198315411,-9999.0
357,357,1693771.190710674,6106474.565900591,-9999.0
358,358,1692773.268009119,6106484.846489727,-9999.0
359,359,1693161.495882663,6106450.968331993,-9999.0
360,360,1693869.037226909,6106443.660262072,-9999.0
361,361,1693901.763748762,6106444.047284458,-9999.0
362,362,1693194.111996933,6106440.668816313,-9999.0
363,363,1694114.487202347,6106461.055979331,-0.344333371
364,364,1692988.731851456,6106438.276607708,-9999.0
365,365,1693129.555133458,6106438.56528209,-0.467173941
366,366,1693222.535680227,6106420.448418766,-9999.0
367,367,1694114.116975463,6106411.224153028,-9999.0
368,368,1696199.6958469,6106397.49304941,-0.132333377
369,369,1692926.636966735,6106416.848042756,-9999.0
370,370,1693050.721697769,6106418.168316932,-9999.0
371,371,1693230.612727868,6106410.401347251,-9999.0
372,372,1694113.909853735,6106391.298471652,-9999.0
373,373,1693246.664217334,6106380.344408425,-9999.0
374,374,1694121.830647856,6106366.306393898,-9999.0
375,375,1692890.312946744,6106367.492097541,0.562224039
376,376,1692878.173186762,6106344.276765653,0.340391215
377,377,1694104.512416901,6106331.612854937,-9999.0
378,378,1693264.644146049,6106322.807663159,-9999.0
379,379,1694135.497511497,6106303.889912197,-9999.0
380,380,1694109.320045068,6106277.590504016,-0.139258103
381,381,1694096.628433512,6106249.05993483,0.551635181
382,382,1696342.64510633,6106208.062255813,-0.266222265
383,383,1693871.34654534,6106224.000974256,-0.423054446
384,384,1694029.758099135,6106222.786597169,-9999.0
385,385,1693311.409889515,6106226.837381437,-9999.0
386,386,1693914.841647052,6106212.452053859,-0.629285756
387,387,1696252.561414031,6106242.344800117,0.273495995
388,388,1693465.282908693,6106209.218932321,-0.294029425
389,389,1693939.688184483,6106192.548956447,-0.562749993
390,390,1693999.893459271,6106206.225400126,-0.291522668
391,391,1696426.202068289,6106127.830753093,-9999.0
392,392,1693806.315636925,6106120.534094078,0.150471058
393,393,1696384.774412028,6106078.452081971,-9999.0
394,394,1696417.545083782,6106083.085029711,-0.234071472
395,395,1696376.488891636,6106068.576352782,-9999.0
396,396,1696400.115136365,6106068.887120082,-0.269000042
397,397,1696364.930088774,6106051.71727741,-9999.0
398,398,1693839.851218705,6105995.587514839,-9999.0
399,399,1696347.947857674,6105992.756124756,-0.36089547
400,400,1693859.782559233,6105945.561545175,-9999.0
401,401,1696366.294469172,6105879.369117278,-9999.0
402,402,1693871.837043503,6105888.519714226,-9999.0
403,403,1693863.149059262,6105875.7793021,-0.18542557
404,404,1696361.438141024,6105846.85135681,-0.464000046
405,405,1696406.21120523,6105818.64818584,0.299333299
406,406,1694564.79534892,6105808.545376842,-9999.0
407,407,1694606.724348716,6105798.290869004,-9999.0
408,408,1694533.008283846,6105789.097133494,-0.513838746
409,409,1694121.885036709,6105782.216356668,-9999.0
410,410,1693855.480325562,6105767.547108512,-9999.0
411,411,1693942.924763744,6105768.68584597,-0.697000027
412,412,1694144.19056565,6105763.257672845,-9999.0
413,413,1694630.845019672,6105758.183069672,-9999.0
414,414,1694647.195668466,6105757.28560269,-9999.0
415,415,1696426.817481385,6105749.202686587,0.60786148
416,416,1694089.303725937,6105771.46632829,-0.503560042
417,417,1694156.35559788,6105753.167184812,-9999.0
418,418,1693976.416240162,6105755.037328376,-9999.0
419,419,1694205.129928052,6105723.83087181,-9999.0
420,420,1694225.566446139,6105722.555328916,-9999.0
421,421,1693992.463888451,6105724.979006956,-9999.0
422,422,1694254.088991185,6105712.29457131,-9999.0
423,423,1694491.384845027,6105719.784078992,-0.58450004
424,424,1694262.102967936,6105696.331214361,-9999.0
425,425,1694482.997885739,6105699.943914586,-9999.0
426,426,1694716.099511522,6105697.507806704,-9999.0
427,427,1694769.263351661,6105696.951294161,-9999.0
428,428,1694491.072924625,6105689.895685546,-0.493109627
429,429,1694694.698718569,6105688.157824948,-9999.0
430,430,1694736.443062473,6105687.330878291,-9999.0
431,431,1694800.891976608,6105692.915580211,-9999.0
432,432,1694286.494043668,6105682.065123511,-9999.0
433,433,1694924.560120364,6105685.360126562,-9999.0
434,434,1694441.790969335,6105670.482256685,-9999.0
435,435,1694073.73667868,6105674.314962969,-0.581133379
436,436,1694449.86595262,6105660.434046176,-0.550400051
437,437,1694392.509226828,6105651.068471458,-9999.0
438,438,1694427.840749597,6105647.862789982,-0.611000049
439,439,1696542.366813476,6105608.618042616,-0.186700044
440,440,1694977.39870558,6105615.146695495,-9999.0
441,441,1694988.842158932,6105575.082392338,-9999.0
442,442,1692551.782345896,6105568.361923144,-0.007359598
443,443,1694996.498338219,6105525.1822026,-9999.0
444,444,1692535.122521547,6105545.750706635,-0.177213414
445,445,1696523.444563098,6105524.607284659,0.085241808
446,446,1692347.269588931,6105520.837481037,-0.485135163
447,447,1695012.542212367,6105495.122038412,-9999.0
448,448,1695028.586056821,6105465.061776091,-9999.0
449,449,1692624.069789947,6105494.970376658,-0.15133125
450,450,1695044.734258156,6105444.964331677,-9999.0
451,451,1692304.777025891,6105463.315363259,-0.865266709
452,452,1692639.319489756,6105458.318570153,3.11121737
453,453,1696555.775047066,6105448.906722603,0.017758131
454,454,1692296.599419609,6105453.313194864,-0.633155592
455,455,1696582.13664601,6105408.760846002,-0.097714331
456,456,1692678.320601917,6105434.011462689,-0.87820003
457,457,1692858.776852836,6105418.278537134,-0.377857132
458,458,1695125.99891729,6105394.290757696,-9999.0
459,459,1695211.875753371,6105393.387802581,-9999.0
460,460,1695232.32268984,6105393.172707449,-9999.0
461,461,1696629.789309876,6105376.573357359,3.52295555
462,462,1692255.457102288,6105413.543849141,-9999.0
463,463,1695166.78792373,6105383.897979548,-9999.0
464,464,1696605.541837448,6105385.73584231,1.080191141
465,465,1695183.040512533,6105373.763171061,-0.362250044
466,466,1695291.267374676,6105391.771046841,-0.629222277
467,467,1696634.660534005,6105348.416176671,-0.207000041
468,468,1696749.907674385,6105349.576963936,-0.073620456
469,469,1692038.555664595,6105386.939808085,-9999.0
470,470,1692180.82822638,6105394.234163828,-0.08769037
471,471,1695315.39005571,6105358.991912975,-9999.0
472,472,1696834.708143621,6105326.226122351,-9999.0
473,473,1696697.546193732,6105329.044435787,0.316123013
474,474,1691694.325693407,6105359.979039648,-0.454852593
475,475,1691727.794731702,6105364.604961662,-0.432479422
476,476,1691815.887050447,6105357.617995178,-0.088062647
477,477,1695292.824053013,6105312.824186633,-9999.0
478,478,1691902.036172251,6105353.818474115,0.219831884
479,479,1691616.024993985,6105344.872793348,-0.172421158
480,480,1695273.863893768,6105292.361189462,-9999.0
481,481,1695828.3695699,6105292.223451269,-9999.0
482,482,1691526.003060338,6105327.077950421,-0.20555445
483,483,1691562.730308803,6105331.88416918,0.018397093
484,484,1695271.957908569,6105273.187998395,-9999.0
485,485,1696842.418816224,6105271.465421543,-0.033119702
486,486,1695263.62187269,6105258.330017054,-9999.0
487,487,1691813.822280793,6105278.638426677,-0.846359572
488,488,1692885.378778203,6105261.787343704,2.133896817
489,489,1696865.419487943,6105225.034338539,-0.076527315
490,490,1696886.707104453,6105206.569608254,0.136135769
491,491,1691772.208864235,6105250.30322072,-0.862822883
492,492,1692881.164815367,6105240.747874504,-0.419629409
493,493,1691737.817714609,6105230.195552744,-0.826714307
494,494,1695269.569495978,6105196.816441474,-9999.0
495,495,1691939.227324814,6105238.083734138,-9999.0
496,496,1691866.032812873,6105254.579068452,-0.737579609
497,497,1691971.761234518,6105216.349055947,-9999.0
498,498,1692947.765790049,6105195.689380482,-0.845500003
499,499,1691917.441999291,6105198.481436561,-9999.0
500,500,1693855.516556511,6105177.282104285,-0.388124998
501,501,1691938.387239968,6105188.681070644,-9999.0
502,502,1691958.233328447,6105188.103195212,-9999.0
503,503,1695319.770551334,6105153.117039043,-9999.0
504,504,1695360.662922577,6105152.686322873,-9999.0
505,505,1695438.292942159,6105145.572333329,-9999.0
506,506,1692857.766997823,6105168.954227812,-9999.0
507,507,1693896.333083563,6105156.366029487,-0.139934535
508,508,1695331.937060587,6105143.371973213,-9999.0
509,509,1695507.779418961,6105141.897499839,-9999.0
510,510,1691900.781459429,6105168.759110355,-9999.0
511,511,1693929.216820085,6105145.491907621,-0.169385118
512,512,1693970.010416928,6105138.067852771,-0.600044454
513,513,1693011.652269369,6105136.794534341,-0.837188658
514,514,1694419.716251861,6105122.69666733,0.086325001
515,515,1695574.902616613,6105116.577070725,0.407847534
516,516,1691671.820627142,6105154.988882799,-0.870999992
517,517,1691851.308916459,6105154.552300907,-9999.0
518,518,1694445.433489797,6105111.256582385,-0.286346161
519,519,1692710.198303439,6105125.672991673,-9999.0
520,520,1694011.79082637,6105097.784741342,-9999.0
521,521,1694488.921418162,6105092.082500946,-0.240395732
522,522,1694509.077376331,6105090.790171894,0.52791936
523,523,1694840.290083522,6105086.047838171,-9999.0
524,524,1697059.283101694,6105073.812386431,-9999.0
525,525,1691837.394685279,6105113.696532208,-9999.0
526,526,1692646.856668883,6105113.657704385,0.599610481
527,527,1694775.063391723,6105079.126376433,-0.658600044
528,528,1691883.949360453,6105117.72884181,-9999.0
529,529,1694097.085512798,6105079.00516203,-9999.0
530,530,1694730.596052068,6105067.903119847,-0.727000058
531,531,1694721.854002306,6105059.524758599,-9999.0
532,532,1692734.60975466,6105083.718340847,-0.462891612
533,533,1693018.567378076,6105082.346789032,-0.674456341
534,534,1693899.658379314,6105058.36044138,-9999.0
535,535,1694181.710613894,6105045.465321315,1.23570586
536,536,1694042.408408642,6105037.154441631,-9999.0
537,537,1694369.761965414,6105038.524316459,-0.536500035
538,538,1694794.822145022,6105029.304049818,-9999.0
539,539,1695580.244930052,6105020.621081145,-0.557750031
540,540,1695620.848437043,6105051.083757547,0.563651183
541,541,1693974.320475949,6105028.096756575,-9999.0
542,542,1694008.314834198,6105037.631904209,-9999.0
543,543,1694067.109226049,6105036.693386231,-9999.0
544,544,1694581.653008412,6105028.187737918,-0.198552834
545,545,1694699.815083721,6105026.053830961,-9999.0
546,546,1695490.337473637,6105009.974215933,-0.455851069
547,547,1695513.986932423,6105011.573772027,-9999.0
548,548,1695543.207716018,6105011.265306462,0.218267963
549,549,1695571.83215793,6105010.96304878,-9999.0
550,550,1691776.956211309,6105040.281486027,-9999.0
551,551,1693944.22594312,6105018.042192786,-9999.0
552,552,1695559.462998763,6105001.476751781,-0.050076969
553,553,1693993.193127847,6105007.569669663,-9999.0
554,554,1694022.373004036,6105013.794645214,-9999.0
555,555,1694361.466613538,6105013.221652594,-0.673260504
556,556,1694557.493867412,6105000.964314644,-0.609661804
557,557,1697231.837374696,6104973.351217225,-9999.0
558,558,1694353.990319622,6104993.04437914,-9999.0
559,559,1694696.429597058,6104990.274207133,-9999.0
560,560,1693044.079555241,6105006.543750223,-0.279887914
561,561,1693248.306911486,6104993.576171928,0.24698113
562,562,1694074.762225998,6104986.067694027,-9999.0
563,563,1694409.426628495,6104991.62194824,-9999.0
564,564,1694548.807078394,6104989.020959798,-0.640532808
565,565,1694677.457271692,6104982.926986437,-0.297644655
566,566,1694981.375636187,6104977.791946054,0.245203389
567,567,1697089.344270267,6105010.960585179,-0.282811337
568,568,1697231.623278916,6104953.425457577,0.704899984
569,569,1694728.769088762,6104970.212077374,-9999.0
570,570,1697239.64552749,6104943.316633807,0.72571998
571,571,1691464.216561395,6104989.480344983,-0.051624991
572,572,1693956.447862005,6104981.955656461,-9999.0
573,573,1694331.787078684,6104970.596638276,-0.588000052
574,574,1694532.550002092,6104962.095717523,-9999.0
575,575,1694679.760059427,6104960.556853683,-9999.0
576,576,1697247.7659311,6104933.32393348,0.279972929
577,577,1697269.523596439,6104932.744553766,0.539153799
578,578,1691477.845230308,6104983.874070803,-0.330182609
579,579,1691535.422052103,6104988.45661911,-0.160915228
580,580,1694054.940319736,6104988.26102301,-9999.0
581,581,1694092.000539825,6104973.17484915,-9999.0
582,582,1694452.449450926,6104960.606167741,-9999.0
583,583,1694798.676684869,6104949.928358493,-9999.0
584,584,1694978.70685705,6104951.922951271,0.564520891
585,585,1694115.24711952,6104946.517576639,-9999.0
586,586,1694949.541318982,6104947.766087823,-9999.0
587,587,1697133.054813916,6104914.627901164,2.213249969
588,588,1691772.717819769,6104964.195373383,-0.562500012
589,589,1693070.326954728,6104955.055537857,-0.13456906
590,590,1693280.963059996,6104945.918641585,-0.561000045
591,591,1694319.705230478,6104944.388805185,-0.561750047
592,592,1694961.599734525,6104927.711644795,-9999.0
593,593,1694981.717908589,6104927.243788647,1.164424631
594,594,1697165.851892813,6104937.532038467,1.634354557
595,595,1691367.5642781,6104962.845873223,-0.68184404
596,596,1694114.874289575,6104926.797956102,-9999.0
597,597,1694507.365927392,6104927.484993173,-9999.0
598,598,1693509.742353066,6104922.903108068,0.123025021
599,599,1694233.017117167,6104931.903506835,-9999.0
600,600,1693457.367644158,6104916.151418037,-0.155484128
601,601,1693476.933769227,6104914.00471239,-0.352680885
602,602,1694286.092824394,6104919.337796245,-0.65786796
603,603,1694522.16088948,6104903.029353458,0.061185996
604,604,1693305.471313824,6104904.874050852,-9999.0
605,605,1694143.353013315,6104896.405601197,-9999.0
606,606,1694408.647494071,6104898.056046776,-9999.0
607,607,1691800.773878434,6104910.509923847,-9999.0
608,608,1694163.695043593,6104886.230036618,-9999.0
609,609,1694657.361076937,6104944.999395719,-0.470067715
610,610,1695000.478241159,6104877.208423171,-0.593636395
611,611,1691637.373187078,6104915.316411042,-0.232724075
612,612,1691416.141224401,6104904.262585954,-0.741309223
613,613,1693540.008806288,6104886.577307893,0.46836461
614,614,1693999.757028277,6104868.210983563,-9999.0
615,615,1694018.289081215,6104898.514100521,-9999.0
616,616,1694199.199050303,6104878.772033657,-9999.0
617,617,1691448.473989402,6104876.288529913,-0.734155013
618,618,1691725.83785592,6104870.796402934,0.197333326
619,619,1691783.498743938,6104900.818867601,-0.314594619
620,620,1693319.247917339,6104854.673404347,-0.774600056
621,621,1694188.41138946,6104846.117104384,-9999.0
622,622,1691718.78380837,6104861.469319188,-0.338875011
623,623,1694195.88958643,6104836.075337752,-9999.0
624,624,1695136.072618974,6104875.218762806,-9999.0
625,625,1693983.152215639,6104828.323447533,-9999.0
626,626,1694239.037771133,6104846.894250695,-9999.0
627,627,1693320.145325072,6104825.734726682,0.050663828
628,628,1694764.502621669,6104810.791072415,-9999.0
629,629,1693426.879177826,6104819.13821531,-9999.0
630,630,1693995.212491134,6104808.270385209,-0.750333369
631,631,1694105.618251903,6104807.122815278,-9999.0
632,632,1694513.640474707,6104834.516874131,1.183030117
633,633,1694366.947301086,6104784.677740884,-9999.0
634,634,1693396.214291466,6104793.151909841,-0.242666711
635,635,1694511.420960758,6104780.146990185,0.488422659
636,636,1694128.800835957,6104784.447901469,-9999.0
637,637,1694827.662969682,6104767.277035155,-9999.0
638,638,1691588.802028641,6104802.467073952,-0.979940291
639,639,1691659.487262851,6104792.995017023,-0.900855348
640,640,1691995.138833047,6104779.00598814,-9999.0
641,641,1694595.843580988,6104765.300712987,-0.307543755
642,642,1694998.428528027,6104802.27077185,0.289329797
643,643,1691426.100160477,6104775.747371736,-0.026977266
644,644,1691986.859418043,6104769.12630729,-0.402600039
645,645,1694119.236123215,6104750.612624896,-0.3258447
646,646,1694145.939136416,6104751.901811817,-9999.0
647,647,1694704.564622717,6104747.817959191,-9999.0
648,648,1694096.714707842,6104737.468041779,-9999.0
649,649,1694710.082906443,6104731.795228463,-9999.0
650,650,1695092.091310568,6104794.669853535,-9999.0
651,651,1695103.735981542,6104727.136674008,-9999.0
652,652,1691651.354503544,6104752.603090007,-0.956740271
653,653,1691968.796036599,6104758.900689227,-0.703385152
654,654,1694080.424807519,6104727.877742441,-0.77700003
655,655,1691929.905206434,6104739.813563789,-9999.0
656,656,1691349.025935646,6104736.53584853,-0.779724488
657,657,1691895.877686037,6104751.665487641,-0.217855623
658,658,1694071.933378903,6104712.786616412,-0.291615411
659,659,1694088.225903637,6104707.664443797,-9999.0
660,660,1694251.288347929,6104710.381769491,-9999.0
661,661,1695004.009104542,6104698.299901036,-9999.0
662,662,1695085.95586328,6104697.234787566,-0.211837255
663,663,1691340.284747556,6104725.85711977,-0.692074995
664,664,1691920.920990403,6104719.250605833,-0.912528339
665,665,1694079.944206908,6104697.786631302,-9999.0
666,666,1691765.278181193,6104711.797418706,0.136785713
667,667,1691908.560054284,6104710.13884737,-0.976282059
668,668,1695041.181349718,6104688.348970211,-0.140268556
669,669,1691640.125747705,6104709.687798627,-0.75481463
670,670,1691704.003815288,6104701.903398327,-0.959494078
671,671,1691841.256273476,6104704.733237179,-0.071583337
672,672,1691945.84715185,6104720.660751678,-0.927656455
673,673,1693997.382254873,6104679.037636821,-0.540338566
674,674,1694060.76521319,6104689.446651972,-0.526326808
675,675,1691863.378371504,6104690.669960327,0.157504005
676,676,1691886.971609413,6104704.698835164,-0.53147754
677,677,1693842.819241912,6104670.184731142,-0.133420373
678,678,1691781.496792495,6104681.537049665,-0.743272759
679,679,1691808.878855621,6104688.596227817,-0.85961858
680,680,1693890.17497156,6104674.121688786,-0.263531138
681,681,1690775.07766984,6104686.87449073,0.06556656
682,682,1691859.087059645,6104670.785834102,-0.604341786
683,683,1695883.018602133,6104619.656402389,-9999.0
684,684,1690801.956495586,6104664.042003318,0.430632656
685,685,1691285.134686791,6104658.72517271,-0.271959863
686,686,1691339.573546326,6104655.390849417,-0.956299996
687,687,1691372.127276934,6104655.993036738,-0.658929811
688,688,1691389.245264365,6104655.615821533,-9999.0
689,689,1691574.465257165,6104657.23959385,-0.941000044
690,690,1690829.732674995,6104649.975922963,1.742399994
691,691,1691592.998426879,6104643.591738782,-0.783591871
692,692,1691632.970230806,6104646.489007764,-9999.0
693,693,1691306.67509307,6104637.248286542,-9999.0
694,694,1691355.735723921,6104636.026541071,-0.689818808
695,695,1690946.920531447,6104629.137426235,-0.525612938
696,696,1690983.440213485,6104620.197187303,-0.741233801
697,697,1691089.750370846,6104618.780518807,-0.703037719
698,698,1691249.05521277,6104617.379700474,-9999.0
699,699,1691305.76442816,6104601.089936792,-9999.0
700,700,1696954.257625701,6104521.253819791,-9999.0
701,701,1690741.852658612,6104572.252788707,-9999.0
702,702,1691843.729672222,6104557.425768184,-9999.0
703,703,1690933.276473686,6104558.534611707,-9999.0
704,704,1691518.223030363,6104544.914319225,-9999.0
705,705,1691596.513335641,6104544.498326031,-9999.0
706,706,1691667.075653554,6104549.057980943,-0.97113955
707,707,1691716.452890788,6104543.236340269,-9999.0
708,708,1691784.221460677,6104546.997476272,-9999.0
709,709,1691514.53264788,6104525.400203614,-9999.0
710,710,1691100.512925119,6104523.448228362,-9999.0
711,711,1691370.618142001,6104506.550770512,-9999.0
712,712,1689840.302123065,6104512.527295548,0.260169495
713,713,1690596.276025934,6104501.098009358,-0.600333375
714,714,1691010.69141159,6104500.214549304,-9999.0
715,715,1691852.378188435,6104497.213398141,-9999.0
716,716,1695508.694183591,6104453.647157702,-9999.0
717,717,1691019.100361718,6104489.757465175,-9999.0
718,718,1691550.495479717,6104484.600452241,-9999.0
719,719,1691846.227538097,6104478.271736078,-0.338999988
720,720,1695495.483964848,6104444.376761441,-9999.0
721,721,1690585.408604806,6104484.350559415,-9999.0
722,722,1691871.53603133,6104491.281693814,-0.724443809
723,723,1691015.079770689,6104470.655171914,-9999.0
724,724,1691034.924280164,6104470.079289803,-9999.0
725,725,1695465.402027047,6104431.737181979,-9999.0
726,726,1695517.612882542,6104423.297920587,-0.323341485
727,727,1695442.850378283,6104414.486186502,-9999.0
728,728,1690993.834696718,6104450.564979162,-9999.0
729,729,1691010.090120048,6104440.437657305,-9999.0
730,730,1691040.720248084,6104439.925157389,-9999.0
731,731,1695428.878038271,6104401.597998284,-9999.0
732,732,1695459.679483957,6104394.650216123,-0.332819248
733,733,1691051.2102185,6104429.651439108,-9999.0
734,734,1695682.447252992,6104388.540684826,-9999.0
735,735,1691476.182288836,6104414.878684853,-9999.0
736,736,1695571.711918151,6104463.11035765,-9999.0
737,737,1691015.346696441,6104413.55834825,-9999.0
738,738,1691467.741341877,6104405.522377379,-9999.0
739,739,1695393.255156446,6104366.363563276,-9999.0
740,740,1695631.978235068,6104366.366307465,-9999.0
741,741,1691819.454948252,6104392.200310667,0.213617956
742,742,1691865.679697959,6104392.088231653,0.284839506
743,743,1692067.866613227,6104401.043297367,-9999.0
744,744,1695376.192077729,6104356.317664674,-9999.0
745,745,1695655.553751758,6104355.22831634,-9999.0
746,746,1690727.67178174,6104398.232592321,-9999.0
747,747,1691055.249845559,6104396.673721458,-9999.0
748,748,1691189.087036905,6104467.354181131,-9999.0
749,749,1691507.329458738,6104404.72026469,-0.284478558
750,750,1691629.685143379,6104388.129153423,-0.070872734
751,751,1691843.887158566,6104381.988472329,-0.036600028
752,752,1691893.054988811,6104391.453080781,-0.934153887
753,753,1692228.235177057,6104377.352127868,-9999.0
754,754,1695360.335317102,6104345.610142644,-9999.0
755,755,1695666.901166244,6104347.276473452,-9999.0
756,756,1690989.72747751,6104387.369086172,-9999.0
757,757,1691496.231114135,6104375.547122067,-0.488346106
758,758,1692070.112939314,6104373.211987773,-9999.0
759,759,1692150.452232695,6104368.907365998,-0.925893659
760,760,1695696.316655582,6104333.713996381,-9999.0
761,761,1691557.463502102,6104364.96383498,0.732104725
762,762,1692162.617395621,6104358.819591615,-0.65283104
763,763,1692235.983168928,6104363.053874759,-9999.0
764,764,1695343.347696795,6104326.679726622,-9999.0
765,765,1691810.872765484,6104352.431997207,-0.637151538
766,766,1692194.770961167,6104371.422214276,-0.270006708
767,767,1692203.404654396,6104348.440149365,-0.263345723
768,768,1690543.223367244,6104355.243205433,-9999.0
769,769,1691254.855503852,6104348.29775736,-9999.0
770,770,1691831.097477757,6104349.000915088,-0.086730522
771,771,1692223.751010015,6104338.615953315,-0.792750043
772,772,1692524.686250154,6104343.814942449,-0.59509528
773,773,1692783.922891589,6104332.541468818,-0.828750039
774,774,1691546.260608904,6104335.588917688,-0.802625041
775,775,1691704.194471882,6104333.79055585,-9999.0
776,776,1692534.399777259,6104325.133094484,-0.168793767
777,777,1692704.6248836,6104340.774602675,-0.351288008
778,778,1691434.228834838,6104326.559076533,-9999.0
779,779,1691557.06756707,6104325.838997213,-0.947400033
780,780,1691614.138594355,6104324.739073963,-9999.0
781,781,1692624.249312218,6104313.902763643,-9999.0
782,782,1692851.962697062,6104329.677437413,-0.817000031
783,783,1695301.813652795,6104287.011667558,-9999.0
784,784,1690418.310755892,6104338.467864838,-0.030583365
785,785,1690432.525335193,6104326.458938039,-0.629000068
786,786,1690747.536483445,6104323.509081524,-9999.0
787,787,1690788.089571435,6104323.102228035,-9999.0
788,788,1691046.287251679,6104320.883802271,-9999.0
789,789,1692677.579014553,6104302.126440981,-0.382666699
790,790,1692865.39356552,6104301.813923828,-0.867000043
791,791,1690420.159107877,6104316.618780603,-9999.0
792,792,1691209.816662661,6104316.525150478,-9999.0
793,793,1691381.967054328,6104340.438025903,-9999.0
794,794,1692615.871160863,6104294.407822938,-0.250779569
795,795,1692636.081601947,6104299.182848518,-9999.0
796,796,1690501.836441648,6104305.838254982,-9999.0
797,797,1692628.043158404,6104285.045865248,-0.945000052
798,798,1690906.965986551,6104292.393307434,-9999.0
799,799,1692893.913281347,6104291.557257428,-9999.0
800,800,1689890.900730812,6104308.929757994,-0.606980193
801,801,1690004.348715028,6104292.254098516,-0.012470557
802,802,1690588.306440536,6104287.048465274,-9999.0
803,803,1691280.671435814,6104312.154088373,-9999.0
804,804,1690353.505642321,6104277.842659161,-0.270247735
805,805,1690512.187997249,6104278.22718244,-0.654600048
806,806,1695645.296147198,6104223.032520578,-0.656238133
807,807,1696246.878708069,6104223.366608552,-9999.0
808,808,1689909.549924516,6104284.563798023,-0.555087183
809,809,1690460.549579486,6104266.395932949,-9999.0
810,810,1690628.625678408,6104265.294374536,-9999.0
811,811,1691024.64149416,6104260.942411047,-9999.0
812,812,1694766.872342217,6104238.176982106,-9999.0
813,813,1695284.370135108,6104220.101209181,-0.709800041
814,814,1690270.086320312,6104262.630151247,-0.183466821
815,815,1690476.639569213,6104256.475563404,-0.64344644
816,816,1690828.277926296,6104252.952113645,-9999.0
817,817,1690853.14625121,6104252.702413115,-9999.0
818,818,1691204.784757869,6104249.164325421,-9999.0
819,819,1691498.844483227,6104246.195083741,-9999.0
820,820,1695345.699520834,6104225.486576029,-0.200240175
821,821,1690299.664694083,6104247.702624408,0.463982866
822,822,1690652.95895677,6104245.122955422,-9999.0
823,823,1690844.698815734,6104242.619084217,-9999.0
824,824,1691163.460749582,6104239.616992867,-9999.0
825,825,1691688.304125213,6104234.841792851,-9999.0
826,826,1692128.421846858,6104229.841975264,-9999.0
827,827,1692144.642029054,6104250.323178955,-9999.0
828,828,1692908.218819623,6104224.232172799,-9999.0
829,829,1690060.703662155,6104271.224261739,-0.181277082
830,830,1691694.805030805,6104214.319532068,-9999.0
831,831,1691727.112692656,6104222.723088401,-9999.0
832,832,1695276.591604912,6104179.010059614,-9999.0
833,833,1691768.302544875,6104203.610451883,-9999.0
834,834,1692989.415349482,6104195.218581698,-9999.0
835,835,1695384.844563032,6104174.099151194,-9999.0
836,836,1695784.835280794,6104227.674196428,-0.303762196
837,837,1690297.322856829,6104218.946095633,-9999.0
838,838,1690363.689956335,6104219.036909914,-9999.0
839,839,1690511.649547498,6104208.174529278,-0.595202568
840,840,1691670.070273119,6104194.642496714,-9999.0
841,841,1689855.546727859,6104224.468680883,-0.654893371
842,842,1690271.775181337,6104199.261398544,-9999.0
843,843,1691645.771956743,6104184.92482427,-9999.0
844,844,1694733.348768434,6104170.818649227,-9999.0
845,845,1690066.727546862,6104195.029057673,-0.229936943
846,846,1690287.857995551,6104188.614911073,-9999.0
847,847,1690325.257097629,6104188.61782481,-9999.0
848,848,1692029.682078801,6104171.063763397,-9999.0
849,849,1690503.022017659,6104180.578186328,-9999.0
850,850,1691823.643982484,6104170.786552502,-9999.0
851,851,1694745.891018605,6104133.318073709,-9999.0
852,852,1691744.779285285,6104178.584516577,-9999.0
853,853,1695185.80629577,6104123.369431864,-9999.0
854,854,1691785.526069041,6104144.1812786,-9999.0
855,855,1690205.818238955,6104148.674921616,-9999.0
856,856,1691723.218711274,6104134.696925512,-9999.0
857,857,1690197.370506418,6104139.766018528,-0.572419385
858,858,1690259.061410232,6104143.993021978,-9999.0
859,859,1694765.714526051,6104108.843443215,-0.747000039
860,860,1694809.586659528,6104093.02021343,-9999.0
861,861,1695136.528464115,6104120.344751472,-9999.0
862,862,1695337.797962388,6104145.371267389,-0.593833371
863,863,1695284.176614683,6104076.839619843,-9999.0
864,864,1690279.150143928,6104118.750848827,-9999.0
865,865,1691026.072612777,6104194.907844613,-9999.0
866,866,1691877.345647536,6104128.894648629,-9999.0
867,867,1690189.267788882,6104114.481100137,-0.481155964
868,868,1691415.557962445,6104097.5794107,-9999.0
869,869,1695268.002196604,6104062.066334606,-9999.0
870,870,1689997.593831464,6104108.744838781,-0.754999995
871,871,1690204.640758951,6104098.217328484,0.013343678
872,872,1691906.107375122,6104082.645266596,-9999.0
873,873,1695111.748319592,6104048.921318023,-9999.0
874,874,1695239.727673853,6104047.16602347,-9999.0
875,875,1691922.361149933,6104072.516266304,-9999.0
876,876,1689826.574163782,6104165.227760357,-0.717183776
877,877,1690290.958377119,6104114.690892635,0.34757994
878,878,1691372.068596903,6104083.73707691,-9999.0
879,879,1691415.25593955,6104067.690934254,-9999.0
880,880,1694883.275171965,6104087.336680955,-0.702345498
881,881,1691374.263777813,6104057.732553409,-9999.0
882,882,1691858.732139171,6104062.593162157,-9999.0
883,883,1691880.936059358,6104057.21936652,-9999.0
884,884,1689934.935002128,6104062.600895368,-0.754999995
885,885,1689984.761642127,6104061.901073926,-0.754999995
886,886,1690188.435971986,6104060.077180176,-0.774999976
887,887,1691770.356325466,6104087.464349136,-9999.0
888,888,1691741.951104547,6104024.528353127,-9999.0
889,889,1691823.390323939,6104027.912077407,-9999.0
890,890,1695021.114022312,6103990.679008896,-9999.0
891,891,1689983.917621921,6104036.999983797,-0.754999995
892,892,1690637.404677176,6104145.995601492,-0.619722255
893,893,1691349.668479925,6104018.534253632,-9999.0
894,894,1691684.773627117,6104014.939836719,-9999.0
895,895,1691701.29827667,6104014.976680255,-9999.0
896,896,1691877.461496153,6104019.698818354,-9999.0
897,897,1690621.441816065,6104015.894713163,-9999.0
898,898,1691292.32589218,6104009.149274428,-9999.0
899,899,1691794.563934724,6104010.855448918,-9999.0
900,900,1689879.440589082,6104018.286634907,-0.674183522
901,901,1689963.660702672,6104012.872532977,-0.754999995
902,902,1691692.799591923,6103999.912712892,-9999.0
903,903,1691725.293153805,6103994.805707926,-9999.0
904,904,1689983.570772756,6104002.130144291,-0.754999995
905,905,1690613.064809564,6103996.050991151,-9999.0
906,906,1693657.954883517,6103971.713400259,-9999.0
907,907,1694683.058248074,6103954.320039712,-9999.0
908,908,1689991.649059205,6103992.085989031,-0.754999995
909,909,1690031.939726134,6103991.685089026,-0.754999995
910,910,1690621.30806231,6103985.800265088,-9999.0
911,911,1691701.326479222,6103980.466171885,-9999.0
912,912,1693221.557142545,6103959.58270249,-9999.0
913,913,1693655.722210492,6103954.893854834,-9999.0
914,914,1690114.044959489,6103981.108108172,-0.774999976
915,915,1691643.212021925,6103965.337371002,-9999.0
916,916,1691234.577397301,6103959.504002732,-9999.0
917,917,1691311.330412744,6103987.892770813,-9999.0
918,918,1691672.459194684,6103972.04519318,-9999.0
919,919,1691713.22308222,6103955.448903959,-9999.0
920,920,1691835.32603218,6103969.322409385,-9999.0
921,921,1692281.117017751,6103949.093012401,-9999.0
922,922,1690179.423781881,6103959.598131047,-0.774999976
923,923,1691763.380274084,6103966.241144211,-9999.0
924,924,1691796.996061125,6103949.617263684,-9999.0
925,925,1695004.112449151,6103941.166655158,-9999.0
926,926,1690171.154354023,6103950.443288047,-0.774999976
927,927,1691242.984427348,6103939.695868431,-9999.0
928,928,1692223.672180482,6103929.751075169,-0.886166736
929,929,1695478.039899068,6103900.969792507,-9999.0
930,930,1690056.572245621,6103941.620907063,-0.771883267
931,931,1691272.436474485,6103947.313253786,-9999.0
932,932,1691599.249904595,6104065.33001753,-9999.0
933,933,1691634.970485582,6103925.974123421,-9999.0
934,934,1691677.34255436,6103929.741810826,-9999.0
935,935,1694996.828519945,6103890.384118669,-9999.0
936,936,1691253.138620551,6103923.911221329,-9999.0
937,937,1691756.859103781,6103918.984727932,-9999.0
938,938,1690023.66458342,6103922.020854321,-0.76852066
939,939,1690162.686342904,6103921.362808923,-0.774999976
940,940,1691511.77316614,6103907.293550417,-9999.0
941,941,1691626.000800112,6103911.437058664,-9999.0
942,942,1693564.287399422,6103886.29693418,-9999.0
943,943,1693768.72135462,6103884.180127678,-9999.0
944,944,1695357.639811874,6103879.441888442,-0.434200042
945,945,1690080.484936327,6103925.981224321,-0.773505091
946,946,1691526.883589065,6103896.239466854,-9999.0
947,947,1692206.911229665,6103890.066446978,-9999.0
948,948,1695347.013671699,6103857.513870243,0.069499956
949,949,1695396.106311226,6103862.067578283,-9999.0
950,950,1689996.147961776,6103905.636421009,-0.759940832
951,951,1690039.870483777,6103906.913866575,-0.769750582
952,952,1691446.153036196,6103888.029447908,-9999.0
953,953,1695444.535279416,6103884.501785116,0.156419512
954,954,1689876.175807989,6103893.596033497,-0.410100004
955,955,1690156.954291975,6103897.279118834,-0.774999976
956,956,1691319.291306424,6103896.980196228,-9999.0
957,957,1693727.682930716,6103853.782782678,-9999.0
958,958,1695354.748682118,6103842.486364498,-0.292583378
959,959,1690124.351977773,6103909.416007608,-0.774996902
960,960,1690628.221857365,6103876.333330487,-9999.0
961,961,1691134.720929142,6103879.353286182,-9999.0
962,962,1692247.240512408,6103863.2789854,0.49742222
963,963,1693720.006169701,6103844.624932067,-9999.0
964,964,1694651.625179107,6103834.924884976,-0.651380996
965,965,1695507.729767034,6103836.141625905,-9999.0
966,966,1690184.798188113,6103877.269460165,-0.774999976
967,967,1690235.150648487,6103967.332770927,-0.774999977
968,968,1690489.104126356,6103867.35354944,-9999.0
969,969,1691065.338117522,6103861.194690778,-9999.0
970,970,1691143.622408362,6103860.782501558,-9999.0
971,971,1691203.619144943,6103877.192326576,-9999.0
972,972,1693805.60306616,6103834.35434852,-9999.0
973,973,1694897.499953309,6103841.491658713,-9999.0
974,974,1695313.884261226,6103818.007129021,-9999.0
975,975,1689836.323778028,6103867.921059878,-0.303639023
976,976,1690382.699908632,6103858.453508661,-9999.0
977,977,1690676.889193662,6104109.90112786,-0.840449278
978,978,1691116.038550415,6103854.57026766,-9999.0
979,979,1691707.423278851,6103845.52905697,-9999.0
980,980,1693563.334663373,6103830.733290293,-9999.0
981,981,1691715.830804548,6103835.071286621,-9999.0
982,982,1694662.380071955,6103874.075498354,-0.441764597
983,983,1694716.783034994,6103809.332973456,-9999.0
984,984,1695264.610489074,6103798.598182361,-9999.0
985,985,1695280.238040319,6103805.649670376,-9999.0
986,986,1689806.223701547,6103849.453837333,-0.310408941
987,987,1691050.555010149,6103835.519266753,-9999.0
988,988,1694676.889007714,6103794.151419548,-0.213645201
989,989,1693751.437334543,6103794.683943108,-9999.0
990,990,1689755.153111185,6103832.264620115,-0.158705602
991,991,1691158.695814405,6103959.821353804,-9999.0
992,992,1691094.06114553,6103811.871224162,-9999.0
993,993,1694837.914316741,6103785.919924581,-9999.0
994,994,1695520.559569402,6103796.709525257,-9999.0
995,995,1688145.208950071,6103835.195488135,-0.694999993
996,996,1691072.719738586,6103804.195936855,-9999.0
997,997,1691131.483429853,6103819.003205792,-9999.0
998,998,1694312.572174814,6103795.851990926,-0.568246592
999,999,1694929.74077177,6103781.182637298,-9999.0
1000,1000,1690733.727223427,6103795.565099744,-9999.0
1001,1001,1690800.619658046,6103795.42255312,-9999.0
1002,1002,1695238.173805499,6103757.260559093,-9999.0
1003,1003,1695525.526185296,6103751.008658496,-9999.0
1004,1004,1690907.761040866,6103783.649589287,-9999.0
1005,1005,1690967.360913234,6103789.76433176,-9999.0
1006,1006,1691055.606570003,6103785.418960133,-9999.0
1007,1007,1691281.832041912,6103779.678147871,-9999.0
1008,1008,1694769.875964952,6103777.035111841,-0.427762174
1009,1009,1688227.166479513,6103800.090770538,-0.269548772
1010,1010,1690873.355867096,6103792.237139537,-9999.0
1011,1011,1694192.649743104,6103739.34979225,-9999.0
1012,1012,1694358.008786121,6103763.186571063,-0.784701516
1013,1013,1694879.545487614,6103732.897499286,-9999.0
1014,1014,1690701.054033924,6103766.001302077,-9999.0
1015,1015,1690777.229850279,6103771.509955746,-9999.0
1016,1016,1691019.781763198,6103795.0200231,-9999.0
1017,1017,1691241.31421151,6103785.325147142,-9999.0
1018,1018,1694208.915585116,6103730.669531262,-9999.0
1019,1019,1694328.938799296,6103728.493147026,-0.778496229
1020,1020,1694625.819405098,6103731.229730335,0.15566662
1021,1021,1694895.199198418,6103722.769331913,-9999.0
1022,1022,1695455.935878969,6103716.869556585,-0.218223345
1023,1023,1695488.452897437,6103718.503513199,-9999.0
1024,1024,1695572.680621505,6103723.520635889,-9999.0
1025,1025,1690602.827905572,6103757.021871287,-9999.0
1026,1026,1691240.309080736,6103750.20554587,-9999.0
1027,1027,1694118.294353949,6103766.533325355,-0.815095267
1028,1028,1694298.588103665,6103719.249004953,-9999.0
1029,1029,1694616.90504477,6103717.097843919,-9999.0
1030,1030,1695574.400938936,6103705.654432956,-9999.0
1031,1031,1690594.211454207,6103746.735679097,-9999.0
1032,1032,1691189.420803198,6103748.166102565,-9999.0
1033,1033,1694200.693107359,6103710.305079475,-0.883166716
1034,1034,1694661.859678881,6103711.309539437,-9999.0
1035,1035,1695237.383846142,6103704.268378707,-9999.0
1036,1036,1695656.067715896,6103694.82730915,0.729604611
1037,1037,1688216.846103423,6103767.946779345,-0.694999993
1038,1038,1688287.550999408,6103765.271706495,-0.670254423
1039,1039,1690731.835032028,6103758.190339283,-9999.0
1040,1040,1694167.710725101,6103700.480222444,-9999.0
1041,1041,1694192.24232745,6103700.224802529,-9999.0
1042,1042,1694650.466580464,6103695.126820463,-0.32240004
1043,1043,1695678.282393143,6103702.930084121,0.152403683
1044,1044,1688133.270263948,6103755.326952855,-0.694999993
1045,1045,1688180.465227277,6103767.407926577,-0.694999993
1046,1046,1691129.326526939,6103722.302042492,-9999.0
1047,1047,1691150.505572545,6103733.424624969,-9999.0
1048,1048,1689746.380498631,6103742.346252142,-0.406907907
1049,1049,1691117.249793751,6103711.5906255,-9999.0
1050,1050,1691158.470954315,6103711.17529894,-9999.0
1051,1051,1691190.512757424,6103715.470985083,-9999.0
1052,1052,1694239.614251101,6103696.361889939,-0.697964025
1053,1053,1695703.6802842,6103673.752100095,-9999.0
1054,1054,1695729.114510645,6103669.144418532,-9999.0
1055,1055,1688267.588739142,6103730.087718582,-0.694999993
1056,1056,1688395.715238753,6103732.140950469,-0.694999993
1057,1057,1690356.845038598,6103709.458958075,-9999.0
1058,1058,1690970.300342715,6103703.514534985,-9999.0
1059,1059,1690993.188917133,6103717.59092462,-9999.0
1060,1060,1694618.559097462,6103664.22812358,-9999.0
1061,1061,1688216.361082234,6103734.809251531,-0.694999993
1062,1062,1688283.845688772,6103719.965354963,-0.694999993
1063,1063,1688328.911435799,6103728.905594043,-0.694999993
1064,1064,1688361.923685063,6103719.016623458,-0.694999993
1065,1065,1695203.065548253,6103649.383206181,-9999.0
1066,1066,1695521.382287918,6103700.263098301,-9999.0
1067,1067,1695588.240241935,6103651.060803622,-0.345533372
1068,1068,1695604.699629932,6103699.961803203,0.19491107
1069,1069,1695668.443527577,6103649.858325705,-9999.0
1070,1070,1689866.068428975,6103699.40242729,-0.754999995
1071,1071,1690920.70180558,6103684.085550597,-9999.0
1072,1072,1690952.311132445,6103694.639751334,-9999.0
1073,1073,1690998.948513945,6103687.76815486,-9999.0
1074,1074,1692425.452324565,6103667.904264779,-9999.0
1075,1075,1692475.831711391,6103668.848892088,-9999.0
1076,1076,1694582.453654093,6103668.035889613,0.047124975
1077,1077,1694715.113893196,6103649.927072869,-0.649395193
1078,1078,1690713.231750378,6103712.951729095,-9999.0
1079,1079,1692490.940595678,6103657.793175839,-9999.0
1080,1080,1694219.822071473,6103664.650064118,-0.503410897
1081,1081,1694690.425953286,6103635.239617415,-0.682052676
1082,1082,1689857.478214069,6103674.782613732,-0.754999995
1083,1083,1690278.764488591,6103670.383339727,-0.774999976
1084,1084,1694097.734471314,6103657.246269895,-0.4032474
1085,1085,1695140.064570215,6103620.557464398,-9999.0
1086,1086,1692286.194274269,6103645.142977102,-0.930714335
1087,1087,1692437.470921068,6103643.598266529,-0.30452073
1088,1088,1690249.945824976,6103650.743307204,-0.774999976
1089,1089,1690654.711518949,6103646.695648937,-9999.0
1090,1090,1692322.610384973,6103651.967817541,-0.365459828
1091,1091,1692380.078477197,6103629.238786478,-9999.0
1092,1092,1692468.184633103,6103628.338513503,-9999.0
1093,1093,1692817.561032965,6103625.486662486,-9999.0
1094,1094,1694116.81413545,6103609.952042762,-0.662529451
1095,1095,1694268.991249809,6103609.749754145,-9999.0
1096,1096,1688426.356236231,6103658.796256614,-0.694999993
1097,1097,1689683.322852711,6103652.020093312,-0.258365668
1098,1098,1689799.941805301,6103645.462619384,-0.754999995
1099,1099,1690233.492272081,6103640.943649366,-0.774999976
1100,1100,1690478.977233872,6103683.524689367,-9999.0
1101,1101,1691631.607353864,6103627.092550033,-9999.0
1102,1102,1691811.503282258,6103625.268337787,-9999.0
1103,1103,1692449.482023558,6103618.565808965,-0.785222269
1104,1104,1695114.094342418,6103597.309335795,0.716726199
1105,1105,1688499.856843318,6103648.108190416,-0.408274987
1106,1106,1690483.227750546,6103629.065633485,-9999.0
1107,1107,1690670.347150082,6103626.822095607,-9999.0
1108,1108,1694544.124928575,6103596.741393578,-0.531575801
1109,1109,1694578.633904688,6103589.357200311,-0.731400049
1110,1110,1695702.198599231,6103610.382417243,0.490499948
1111,1111,1690019.881291355,6103774.950479217,-0.764573915
1112,1112,1695079.71059393,6103573.083172123,-0.653000042
1113,1113,1688533.729249849,6103626.188722207,-0.102317072
1114,1114,1690658.570379035,6103607.006012363,-9999.0
1115,1115,1690674.754739056,6103606.639447778,-9999.0
1116,1116,1692440.999439245,6103588.760863638,-9999.0
1117,1117,1694568.535248508,6103571.252969161,-0.187415227
1118,1118,1689807.881650025,6103604.597741925,-0.754999995
1119,1119,1689824.242930675,6103605.161804999,-0.754999995
1120,1120,1690482.928760893,6103599.177167728,-9999.0
1121,1121,1690919.253547032,6103603.669611558,-9999.0
1122,1122,1692398.784284806,6103585.608569104,-9999.0
1123,1123,1692419.804446059,6103578.412424876,-0.232100043
1124,1124,1693135.782280642,6103571.873888007,-9999.0
1125,1125,1695057.612552363,6103556.658503243,-9999.0
1126,1126,1695660.397779619,6103562.61667281,0.427073128
1127,1127,1688689.517358029,6103609.541728975,-0.694999993
1128,1128,1690143.048021435,6103592.026415792,-0.755577467
1129,1129,1695049.278455465,6103541.80007361,-9999.0
1130,1130,1688513.534105957,6103601.588262863,-0.694999993
1131,1131,1689644.199910816,6103592.002434148,-0.447571598
1132,1132,1690690.809161876,6103576.587013951,-9999.0
1133,1133,1690469.764245753,6103569.041157865,-9999.0
1134,1134,1690609.311768683,6103572.907602476,-9999.0
1135,1135,1695028.636412903,6103527.039917235,-9999.0
1136,1136,1689629.921961169,6103569.663718994,-0.557271751
1137,1137,1690723.91363889,6103556.32737141,-9999.0
1138,1138,1692260.595560735,6103540.783631272,-0.574627947
1139,1139,1693166.629462261,6103541.115537867,-0.557916712
1140,1140,1694334.661778046,6103551.568589863,-0.244370255
1141,1141,1694455.072472724,6103518.919394059,-9999.0
1142,1142,1695066.251280668,6103521.816013379,0.073200001
1143,1143,1688791.625986764,6103563.329244363,-0.117517236
1144,1144,1689701.093413759,6103556.564960939,-0.725000024
1145,1145,1690596.306579145,6103659.653585459,-9999.0
1146,1146,1690677.971210436,6103555.799460904,-9999.0
1147,1147,1690731.560108874,6103546.082507524,-9999.0
1148,1148,1691540.747800646,6103537.929174906,-9999.0
1149,1149,1692630.962558322,6103551.420968996,-0.951333352
1150,1150,1694435.254051174,6103510.291283385,-9999.0
1151,1151,1695759.3739487,6103492.937449782,0.045749961
1152,1152,1689442.342566535,6103569.823677791,-0.077656253
1153,1153,1689475.26190334,6103557.152505086,-0.274702482
1154,1154,1689553.318643369,6103548.67055318,-0.572054923
1155,1155,1689676.463673891,6103546.845393686,-0.725000024
1156,1156,1690023.981875042,6103543.046173779,-0.754999995
1157,1157,1690052.60476531,6103543.108293961,-0.754999995
1158,1158,1691270.975913073,6103530.895919257,-9999.0
1159,1159,1692240.180854819,6103521.435879317,0.000764706
1160,1160,1693207.632088596,6103524.348167275,-0.420439534
1161,1161,1693732.305955183,6103510.705927365,-0.943000048
1162,1162,1693756.785347551,6103505.470325613,-9999.0
1163,1163,1695015.450620369,6103492.335618721,-9999.0
1164,1164,1695639.040956899,6103486.109338294,-9999.0
1165,1165,1695776.615527633,6103484.247156055,-0.16761057
1166,1166,1695801.244816152,6103526.82062922,0.467725
1167,1167,1689647.745503955,6103537.166281155,-0.725000024
1168,1168,1689999.7895731,6103534.250741982,-0.754999995
1169,1169,1691565.081235227,6103518.163832414,-9999.0
1170,1170,1691602.363831734,6103574.235577088,-9999.0
1171,1171,1692227.27255684,6103511.683337004,-0.763840044
1172,1172,1693637.235226855,6103510.445343385,-0.498500042
1173,1173,1693804.901607297,6103521.522612423,0.342377337
1174,1174,1693871.159975493,6103494.320159487,-0.725500032
1175,1175,1693949.432541281,6103496.257249301,0.720066635
1176,1176,1694035.313302681,6103499.01286546,-0.388802009
1177,1177,1689414.437749295,6103529.716236887,-0.43410715
1178,1178,1689610.850437689,6103527.568100036,-0.725000024
1179,1179,1690981.358509877,6103513.473481467,-9999.0
1180,1180,1691007.402215152,6103515.038163763,-9999.0
1181,1181,1692141.047087744,6103514.485474032,-9999.0
1182,1182,1692447.572608345,6103565.11239013,-0.700581433
1183,1183,1692938.713776323,6103494.189713828,-9999.0
1184,1184,1693126.726971012,6103492.32372491,-0.985000014
1185,1185,1688745.82320385,6103537.654420983,-0.694999993
1186,1186,1689598.486305977,6103517.726793819,-0.725000024
1187,1187,1691254.583006409,6103505.701623168,-0.223293442
1188,1188,1691663.00315289,6103497.244275605,-9999.0
1189,1189,1692513.408446159,6103488.585995016,-9999.0
1190,1190,1688776.605339073,6103515.867276155,-0.694999993
1191,1191,1689565.679847911,6103508.087896816,-0.725000024
1192,1192,1692660.131379368,6103477.466508427,-0.718545492
1193,1193,1695647.713855308,6103457.525610161,-9999.0
1194,1194,1688865.989943149,6103503.920189754,-0.16797015
1195,1195,1689340.828899779,6103502.054232501,-0.452136824
1196,1196,1689528.78499553,6103498.48940684,-0.725000024
1197,1197,1689945.808631663,6103494.351930038,-0.754999995
1198,1198,1692120.876260106,6103472.460355424,-9999.0
1199,1199,1692586.970317358,6103468.427690939,-9999.0
1200,1200,1692707.211387188,6103472.680078737,-9999.0
1201,1201,1693170.31185879,6103469.364100581,-0.536615424
1202,1202,1693425.410477777,6103464.489623038,-0.571555601
1203,1203,1695026.632537813,6103442.89566962,0.510121204
1204,1204,1695656.574830015,6103439.121769411,-9999.0
1205,1205,1688880.591498493,6103493.856633583,-0.235084738
1206,1206,1689294.403591689,6103494.170223738,-0.411703903
1207,1207,1689491.890225996,6103488.890747465,-0.725000024
1208,1208,1689937.532629217,6103484.470424322,-0.754999995
1209,1209,1691245.245654138,6103471.372446395,-0.754627957
1210,1210,1691695.408024079,6103467.024231688,-9999.0
1211,1211,1691711.761910783,6103466.858420818,-9999.0
1212,1212,1692063.370548774,6103463.286332904,-9999.0
1213,1213,1692090.74896945,6103492.776979432,-9999.0
1214,1214,1692606.423012234,6103460.30594855,-0.671226444
1215,1215,1693412.733384506,6103449.246546225,-0.693000051
1216,1216,1693559.965919537,6103452.717404549,-9999.0
1217,1217,1694306.80829583,6103440.300465597,-9999.0
1218,1218,1695632.543740375,6103431.236216933,-0.730111139
1219,1219,1688841.727238253,6103485.336557016,-0.694999993
1220,1220,1688922.100681185,6103481.215855715,-0.278421065
1221,1221,1689258.997205999,6103482.757556418,-0.427372834
1222,1222,1689410.022516054,6103479.736619767,-0.714999974
1223,1223,1691239.322483578,6103461.154995511,-0.637205172
1224,1224,1692112.661987988,6103452.411924865,-9999.0
1225,1225,1692210.412461826,6103466.56573276,-0.130750002
1226,1226,1692619.466576589,6103447.440732405,-9999.0
1227,1227,1688931.574923301,6103474.48999214,-0.404337346
1228,1228,1689232.791622302,6103470.369070115,-0.45748779
1229,1229,1689888.273043753,6103465.032506814,-0.754999995
1230,1230,1689904.725892902,6103474.832779176,-0.754999995
1231,1231,1692635.858666024,6103436.831813798,-0.819600039
1232,1232,1693016.237293915,6103440.192120145,-0.779965555
1233,1233,1693159.04237677,6103431.93531944,-0.939000033
1234,1234,1693408.439122159,6103429.363054297,-0.748000047
1235,1235,1693511.468314553,6103443.854510765,-0.165170428
1236,1236,1694343.454437802,6103421.169489007,-9999.0
1237,1237,1694393.793303959,6103419.092622956,-9999.0
1238,1238,1689861.070502207,6103458.524888341,-0.754999995
1239,1239,1692526.825107914,6103428.461098295,-0.960999995
1240,1240,1692586.471214653,6103432.493213216,-0.917606074
1241,1241,1692728.269333855,6103452.936579274,-0.985000014
1242,1242,1695021.343502966,6103402.72708812,-0.677977819
1243,1243,1689822.659896609,6103445.756749981,-0.750901049
1244,1244,1689847.197782699,6103446.239555815,-0.754999995
1245,1245,1692504.441863984,6103419.030581645,-0.649214317
1246,1246,1692778.610483984,6103415.91789212,-9999.0
1247,1247,1692860.918684436,6103429.102714633,-0.088033932
1248,1248,1692942.462217063,6103450.385432121,0.506321874
1249,1249,1694385.480133935,6103409.256151951,-0.752333303
1250,1250,1695685.509476185,6103385.631872123,-9999.0
1251,1251,1689781.676552175,6103436.199867028,-0.741040252
1252,1252,1693420.793692173,6103404.490218327,-0.550678756
1253,1253,1694632.652942211,6103390.158157268,-9999.0
1254,1254,1694668.178999161,6103394.440494746,-9999.0
1255,1255,1695692.984775882,6103375.588783662,-9999.0
1256,1256,1688914.82970609,6103434.799363887,-0.694999993
1257,1257,1688992.509913595,6103434.035343749,-0.630020402
1258,1258,1689086.54385799,6103433.109581965,-0.694999993
1259,1259,1689168.312510368,6103432.303881411,-0.694999993
1260,1260,1689744.781735059,6103426.602230546,-0.725000024
1261,1261,1694646.837180852,6103377.359361251,-9999.0
1262,1262,1688857.493784434,6103425.39906846,-0.694999993
1263,1263,1689711.978873025,6103417.310909549,-0.725000024
1264,1264,1692214.087728868,6103404.843002961,-0.334311019
1265,1265,1693183.874050115,6103404.432092991,-0.187271828
1266,1266,1693215.767623163,6103381.531253469,-9999.0
1267,1267,1693248.577917876,6103391.156960805,-9999.0
1268,1268,1694358.087597863,6103369.358123991,0.752039614
1269,1269,1694973.80929153,6103363.967870891,-9999.0
1270,1270,1689666.903921581,6103407.44705219,-0.725000024
1271,1271,1691371.782767353,6103390.731261216,-9999.0
1272,1272,1692192.78862036,6103383.646619556,0.106812488
1273,1273,1694344.482897557,6103359.020236841,-0.712837263
1274,1274,1689527.798824745,6103398.861276043,-0.725000024
1275,1275,1693321.861659021,6103360.509348781,-0.841421093
1276,1276,1693450.523434526,6103366.161009206,-0.7411867
1277,1277,1694737.109069954,6103350.571145052,-9999.0
1278,1278,1688745.762402409,6103396.051413381,-0.468000002
1279,1279,1688873.361773357,6103399.912660453,-0.694999993
1280,1280,1689437.755047687,6103389.788342087,-0.714999974
1281,1281,1689470.462377003,6103389.464857347,-0.715253289
1282,1282,1693166.477662628,6103366.881026082,-0.796735299
1283,1283,1693346.244115311,6103364.765213859,-0.459802123
1284,1284,1694329.310729237,6103342.577370228,0.299048582
1285,1285,1694883.357257066,6103334.882469743,-9999.0
1286,1286,1694904.655868895,6103342.647341658,-9999.0
1287,1287,1694969.399356447,6103333.395751996,-0.55379314
1288,1288,1689392.684002327,6103380.270112372,-0.714921945
1289,1289,1694090.111362617,6103332.417540047,-9999.0
1290,1290,1694572.716273909,6103327.588479902,-9999.0
1291,1291,1688897.386163275,6103379.60249622,-0.694999993
1292,1292,1689339.443419217,6103371.558945027,-0.694999993
1293,1293,1689355.839084914,6103375.652342516,-0.694699714
1294,1294,1691473.289736366,6103352.825099636,-9999.0
1295,1295,1691596.239569493,6103348.258414824,-9999.0
1296,1296,1691817.183880245,6103346.222446745,-9999.0
1297,1297,1689094.033737003,6103363.289399209,-0.694999993
1298,1298,1689224.855412015,6103361.273274246,-0.694999993
1299,1299,1689253.481390666,6103361.717349907,-0.694999993
1300,1300,1689295.11060428,6103370.189642,-0.694999993
1301,1301,1691576.238096348,6103342.779228015,-0.905676067
1302,1302,1691805.106788671,6103335.511930803,-9999.0
1303,1303,1694058.043590343,6103317.562164466,0.334926847
1304,1304,1694090.066327644,6103311.96791975,-0.621319127
1305,1305,1688864.98541737,6103355.579079723,-0.694999993
1306,1306,1689594.028950254,6103349.119485703,-0.4395247
1307,1307,1691544.267724819,6103330.51760856,-0.938142839
1308,1308,1691608.302996735,6103328.208510966,-0.935166712
1309,1309,1692031.882174958,6103326.292144797,-9999.0
1310,1310,1695674.012745411,6103342.952989452,-0.367619046
1311,1311,1688856.710745816,6103345.696609102,-0.694999993
1312,1312,1689020.311109887,6103351.432949763,-0.694999993
1313,1313,1691531.927315979,6103323.18744323,-0.868476184
1314,1314,1694016.811257748,6103291.251952759,-0.746785693
1315,1315,1694555.908986406,6103295.894859857,-0.084629036
1316,1316,1688962.903773295,6103333.962381565,-0.694999993
1317,1317,1689253.620702153,6103332.405198669,-0.694999993
1318,1318,1689639.933839922,6103332.944637127,-0.725000024
1319,1319,1689426.889501566,6103330.451821565,-0.683570165
1320,1320,1691644.803171972,6103298.673679279,-9999.0
1321,1321,1691971.70184019,6103294.833111331,-9999.0
1322,1322,1688755.508631049,6103316.955681355,-0.500919398
1323,1323,1689459.818500452,6103310.802493165,-0.408318175
1324,1324,1690233.173654635,6103303.522735015,-0.355764742
1325,1325,1695724.131035633,6103259.643675255,-9999.0
1326,1326,1689673.828517727,6103297.980975656,-0.725000024
1327,1327,1690148.184130717,6103300.840237323,-0.3630909
1328,1328,1690248.689982422,6103292.612024375,-0.321172406
1329,1329,1691907.657045605,6103288.436980596,-9999.0
1330,1330,1693192.365595737,6103268.405394648,0.035065727
1331,1331,1690610.072410617,6103279.677462678,-0.091896909
1332,1332,1692053.165558801,6103264.112698309,-9999.0
1333,1333,1688769.761524067,6103293.760626704,-0.685000002
1334,1334,1689475.496628413,6103290.962454622,-0.426008046
1335,1335,1695774.311050523,6103243.321569884,-9999.0
1336,1336,1689950.77218837,6103269.702644728,-0.351999998
1337,1337,1691771.030588516,6103246.847866804,-9999.0
1338,1338,1692065.792396992,6103248.525886416,-0.985000014
1339,1339,1688761.448870659,6103269.345810803,-0.685000002
1340,1340,1692201.476134027,6103271.735578218,-0.411434951
1341,1341,1693995.004391352,6103214.04353606,-9999.0
1342,1342,1690309.098640915,6103248.849854651,-0.20878899
1343,1343,1690331.722055082,6103241.06361399,-0.197347456
1344,1344,1689845.096001613,6103241.720798953,-0.316000003
1345,1345,1695789.494430456,6103183.079351645,-9999.0
1346,1346,1688859.722386579,6103236.065530324,-0.685000002
1347,1347,1694020.168794233,6103196.307269206,0.445870463
1348,1348,1689504.986668363,6103230.11565029,-0.427835044
1349,1349,1697277.101977349,6103149.775534533,-9999.0
1350,1350,1688762.853312676,6103225.472275463,-0.685000002
1351,1351,1692105.871354491,6103203.588484761,-0.948444318
1352,1352,1688859.425312879,6103205.830100269,-0.685000002
1353,1353,1697240.947741621,6103134.581747598,-9999.0
1354,1354,1697326.396614795,6103119.02210881,-9999.0
1355,1355,1693978.104141584,6103159.383223999,-0.70575348
1356,1356,1697216.197272541,6103110.278169863,-9999.0
1357,1357,1695993.989394704,6103124.356484652,-9999.0
1358,1358,1697144.507989868,6103103.255293436,-9999.0
1359,1359,1692027.418714665,6103144.808199611,-0.931133918
1360,1360,1693199.05698542,6103165.939780489,-0.547134448
1361,1361,1693344.781692833,6103142.487062037,-0.581453211
1362,1362,1695820.3550893,6103120.071672909,-9999.0
1363,1363,1697175.777232741,6103121.30127559,-9999.0
1364,1364,1688758.902461506,6103176.486215858,-0.597211541
1365,1365,1692010.964036419,6103135.011747367,-0.91106898
1366,1366,1693394.719828808,6103132.750077589,-0.435554811
1367,1367,1693958.367879973,6103116.631959143,-0.596154927
1368,1368,1694030.764112778,6103114.032390582,-0.359259483
1369,1369,1695973.427825617,6103107.729245508,-9999.0
1370,1370,1697142.393491422,6103081.644594179,2.25862499
1371,1371,1697447.697426871,6103088.192527501,-9999.0
1372,1372,1694074.994918475,6103126.84901169,-0.374043461
1373,1373,1695957.931598127,6103086.312788946,-9999.0
1374,1374,1693294.710179215,6103106.709616716,-0.360040414
1375,1375,1693327.64017165,6103110.007041404,-0.965000033
1376,1376,1694001.454380482,6103103.231793921,-0.919133317
1377,1377,1694196.88838006,6103099.542065428,-9999.0
1378,1378,1694536.999830877,6103090.03996153,0.089007534
1379,1379,1692002.483326551,6103105.206395048,-0.84375
1380,1380,1693155.511058888,6103089.150870573,-0.619000018
1381,1381,1694124.715032782,6103099.15925023,-0.389007576
1382,1382,1695975.771212989,6103064.472641074,-0.520280023
1383,1383,1689755.532310122,6103155.117684018,-0.135098666
1384,1384,1693937.092210473,6103074.675685273,-0.909352923
1385,1385,1694087.586183109,6103073.585615576,-0.58043528
1386,1386,1694177.181883992,6103078.470452442,-0.428723565
1387,1387,1696083.664749603,6103108.569714213,0.733133683
1388,1388,1695931.397261288,6103055.129222287,-9999.0
1389,1389,1688861.553809849,6103131.074084071,-0.446692445
1390,1390,1689752.72658283,6103093.106482357,-0.418460864
1391,1391,1693237.79998135,6103062.891040795,0.370101557
1392,1392,1697049.919051588,6103010.727844409,-9999.0
1393,1393,1697075.832278623,6103012.328361413,-0.313818217
1394,1394,1688796.929941741,6103087.225723679,-0.685000002
1395,1395,1693155.039872794,6103043.383959388,-0.672869582
1396,1396,1693228.629510693,6103042.62549762,-0.49727163
1397,1397,1688784.567311252,6103077.383327951,-0.685000002
1398,1398,1695910.554583347,6103014.579932513,-9999.0
1399,1399,1688721.627454766,6103079.993732596,-0.655507011
1400,1400,1688772.204707615,6103067.540921255,-0.685000002
1401,1401,1695841.286376201,6103031.853978876,-9999.0
1402,1402,1695942.916914311,6102999.845397366,1.101865769
1403,1403,1696153.005127478,6103009.168400192,-9999.0
1404,1404,1691907.415265823,6103026.454429933,-0.47978778
1405,1405,1696723.456778758,6102986.308777543,-9999.0
1406,1406,1697011.45927674,6102985.510500662,-0.216625009
1407,1407,1688752.207269913,6103041.864725684,-0.659562153
1408,1408,1689664.227991273,6103034.695751963,-0.421752798
1409,1409,1689739.056638475,6103034.20790371,-0.656975983
1410,1410,1692133.869504871,6103005.439818166,-0.466567358
1411,1411,1694563.58347585,6102989.347105103,0.195719354
1412,1412,1696927.837296019,6102957.998855807,-9999.0
1413,1413,1688640.989599186,6103028.972974426,-0.63499999
1414,1414,1696202.080231649,6102959.818940978,-9999.0
1415,1415,1696683.448393713,6102994.993931491,-0.056729274
1416,1416,1689687.574793448,6103008.077328763,-0.708319173
1417,1417,1694274.498827506,6102961.308935218,-0.896999955
1418,1418,1694315.381434314,6102960.882746126,-9999.0
1419,1419,1688554.504509035,6103009.893739909,-0.401995635
1420,1420,1691960.775637054,6103003.183865904,-0.431722857
1421,1421,1692053.914191411,6103000.923329759,-0.47044984
1422,1422,1692095.394801543,6102977.87224295,-0.348999998
1423,1423,1696218.211440067,6102937.68869911,-9999.0
1424,1424,1688585.833575902,6103014.327814843,-0.444815336
1425,1425,1688607.990823249,6102999.405018833,-0.63499999
1426,1426,1694266.122159671,6102942.194882697,-0.466549993
1427,1427,1694282.47510371,6102942.024491463,-0.719244449
1428,1428,1696293.141485903,6102946.812674928,-9999.0
1429,1429,1696751.624119817,6102916.148641077,-9999.0
1430,1430,1696867.39030044,6102914.734954105,-9999.0
1431,1431,1688517.661344852,6102999.035980743,-0.240288661
1432,1432,1689752.76641901,6102992.373644704,-0.539322125
1433,1433,1696708.159196436,6102917.070449128,-9999.0
1434,1434,1696881.086651311,6102923.539433014,-0.233933377
1435,1435,1688583.119860525,6102964.775497139,-0.629511753
1436,1436,1694396.53010104,6102900.97889851,-0.604692291
1437,1437,1694733.282496639,6102905.176248328,-0.15699695
1438,1438,1696376.221010909,6102916.145760653,-9999.0
1439,1439,1689760.670702633,6102943.103391836,-0.161132737
1440,1440,1688566.52306042,6102940.028639501,-0.625
1441,1441,1696878.586034023,6102872.740413029,-0.39481016
1442,1442,1688558.249085114,6102930.145903639,-0.625
1443,1443,1694462.956735668,6102875.951118706,-0.580139222
1444,1444,1696441.83504752,6102892.403313397,-9999.0
1445,1445,1696520.228163854,6102848.617447811,-9999.0
1446,1446,1694746.613781807,6102866.985477541,0.59460142
1447,1447,1696546.702769156,6102838.963677374,-9999.0
1448,1448,1696873.748458918,6102835.128823215,-9999.0
1449,1449,1688654.775065264,6102905.940846005,-0.492652164
1450,1450,1696493.159896565,6102820.820122953,-9999.0
1451,1451,1696570.945422833,6102828.199288471,-9999.0
1452,1452,1696685.092649973,6102830.170732223,-9999.0
1453,1453,1696814.386797327,6102845.065292163,-9999.0
1454,1454,1696865.298059261,6102825.05095663,-9999.0
1455,1455,1688513.475486655,6102912.934777966,-0.38257083
1456,1456,1688549.780013789,6102900.337538412,-0.625
1457,1457,1688647.896503963,6102899.376236374,-0.583949991
1458,1458,1694543.134247134,6102844.645358791,-0.404499993
1459,1459,1696554.486071184,6102818.410999672,-9999.0
1460,1460,1696715.042764414,6102817.505779991,-9999.0
1461,1461,1696668.90317832,6102812.206588998,-9999.0
1462,1462,1696726.767407376,6102809.386817843,-9999.0
1463,1463,1696636.037773911,6102797.611720866,-9999.0
1464,1464,1696811.204199101,6102798.016258021,-9999.0
1465,1465,1688537.222821392,6102870.569189847,-0.625
1466,1466,1694575.475247384,6102809.433496542,-9999.0
1467,1467,1696758.577655349,6102786.33730519,-9999.0
1468,1468,1688482.750553718,6102875.743771342,-0.625
1469,1469,1694624.429460496,6102798.957190368,-9999.0
1470,1470,1688459.116412587,6102856.388010431,-0.625
1471,1471,1694724.764192526,6102795.20706065,-0.161655045
1472,1472,1688604.247924239,6102838.905138936,-0.601101227
1473,1473,1694664.894208403,6102758.677790794,-9999.0
1474,1474,1688484.693417088,6102821.954712234,-0.625
1475,1475,1694644.348901036,6102748.928922569,-9999.0
1476,1476,1694775.728927579,6102746.71009252,3.283760324
1477,1477,1688581.314375126,6102780.463474316,-0.625
1478,1478,1694696.53150221,6102707.150325858,-0.656333397
1479,1479,1688589.173423585,6102765.768433126,-0.311858975
1480,1480,1694836.606170599,6102713.268829972,0.365027038
1481,1481,1688516.419781831,6102773.34209481,-0.625
1482,1482,1688587.155073923,6102740.86395295,1.356318169
1483,1483,1694725.611944289,6102725.611203922,-0.466636955
1484,1484,1688516.538112702,6102731.275609205,-0.625
1485,1485,1688580.77074485,6102725.685100312,-0.28895
1486,1486,1694827.428862017,6102662.316973861,1.616064216
1487,1487,1688516.045886698,6102711.355454117,-0.625
1488,1488,1694729.700634568,6102627.60458693,-0.674142855
1489,1489,1694744.657771101,6102592.087715296,0.173253495
1490,1490,1695079.429487804,6102554.631713221,-0.292661976
1491,1491,1688498.963915158,6102580.333740743,-0.625
1492,1492,1688570.893480612,6102551.398920882,-0.625
1493,1493,1694735.663029568,6102488.909523671,-0.176223153
1494,1494,1694731.869845029,6102453.405586638,-0.815279103
1495,1495,1694710.508461771,6102429.38899009,-0.040363675
1496,1496,1688512.978439853,6102482.219555882,-0.363448402
1497,1497,1688562.47388733,6102481.926404496,-0.36500001
1498,1498,1687901.930825172,6102477.69781938,0.067660449
1499,1499,1694938.803892752,6102409.832999848,-9999.0
1500,1500,1695003.32027177,6102410.764500869,-9999.0
1501,1501,1695144.909421802,6102436.804772034,-0.314806014
1502,1502,1688502.37741277,6102465.146200574,-0.328383057
1503,1503,1694734.558100798,6102399.449320546,-9999.0
1504,1504,1695034.54484443,6102399.245016412,-9999.0
1505,1505,1688488.157944484,6102452.571187232,-0.324999988
1506,1506,1695061.652603683,6102385.121475814,-0.788634622
1507,1507,1694700.329359676,6102395.799288801,-0.244593038
1508,1508,1695118.72141426,6102377.072818302,-0.654500005
1509,1509,1695139.858576037,6102384.758834048,-0.68392785
1510,1510,1688479.786986565,6102432.725565847,-0.324999988
1511,1511,1688471.513426237,6102422.842859866,-0.324999988
1512,1512,1688486.535001299,6102426.017351898,-0.324999988
1513,1513,1694715.159870166,6102366.73767769,-9999.0
1514,1514,1694892.890772335,6102357.02572698,0.132259255
1515,1515,1687670.771238553,6102420.678924884,0.075000003
1516,1516,1688380.577578436,6102414.322052865,-0.154240925
1517,1517,1688406.008542403,6102413.519773488,-0.324999988
1518,1518,1688365.031476294,6102403.956607365,0.098928683
1519,1519,1687656.954069495,6102401.250871833,0.075000003
1520,1520,1687737.434020545,6102411.450933554,0.071368191
1521,1521,1687751.740880925,6102399.965941934,0.058060803
1522,1522,1687690.325056067,6102390.597972134,0.074922863
1523,1523,1687706.583572444,6102380.823568013,0.066664655
1524,1524,1687727.698086577,6102386.79428643,0.062979901
1525,1525,1694720.754864209,6102321.513814771,-0.765947413
1526,1526,1687679.743088276,6102380.100052667,0.07495733
1527,1527,1688364.642109288,6102364.105254633,0.055
1528,1528,1694737.70690956,6102294.569793361,-9999.0
1529,1529,1694888.461382717,6102277.099000243,-0.510046246
1530,1530,1688010.758354224,6102341.589048284,0.059530756
1531,1531,1694866.568692472,6102254.623046126,-0.615777793
1532,1532,1694748.475469091,6102257.991078655,-0.734603056
1533,1533,1694733.748164114,6102218.786594712,-0.617246034
1534,1534,1694839.002010755,6102208.921147257,-0.418689304
1535,1535,1688255.065790372,6102255.093750378,0.055
1536,1536,1688009.641398266,6102231.234463555,0.068009977
1537,1537,1688069.090801304,6102212.550682908,0.055
1538,1538,1687996.398135473,6102193.86852352,0.061016142
1539,1539,1688076.843266437,6102198.256043871,0.055
1540,1540,1688003.157590343,6102188.283343099,0.057123185
1541,1541,1688060.290647518,6102177.763239804,0.055
1542,1542,1688022.477955555,6102170.812459936,0.055
1543,1543,1688207.307541063,6102161.384456439,0.055
1544,1544,1688247.942981204,6102136.07844713,0.055
