OID,FID_,X,Y,BCE_Mangon
0,0,1649989.316920693,6129726.07303134,0.640275009
1,1,1649627.890728846,6129619.74720905,0.170391723
2,2,1649680.137572448,6129624.947079526,0.40850215
3,3,1649668.865470518,6129608.274521543,0.086479421
4,4,1649971.753774217,6129566.498183148,0.455580052
5,5,1649401.437541254,6129536.218292752,0.142375102
6,6,1649216.365763801,6129331.780132808,0.079930389
7,7,1649228.119940083,6129311.793552427,-0.246588712
8,8,1648363.073677449,6129236.719990366,-0.077058806
9,9,1648420.364991097,6129216.491237682,0.043400581
10,10,1649215.673649722,6129237.280243835,-0.181123499
11,11,1649190.037004715,6129177.650057147,0.080196114
12,12,1649190.688493937,6129131.942944726,-0.227615389
13,13,1649198.811302362,6129117.683613237,-0.372999997
14,14,1649229.26403094,6129072.583845982,-0.347749756
15,15,1649288.6017043,6129042.480995387,-0.69104759
16,16,1649266.848081804,6129039.732905732,0.521129329
17,17,1648017.486007154,6129009.411191174,-9999.0
18,18,1649298.294537406,6129004.879104018,0.281253888
19,19,1648039.733603839,6128995.457506371,-0.525666714
20,20,1649280.079473497,6128982.752584356,0.250275016
21,21,1648058.321488174,6128978.581071932,-9999.0
22,22,1648085.497616888,6128948.875604489,-0.289909073
23,23,1649161.75124339,6128935.571727149,-0.214947927
24,24,1648104.508045777,6128925.932977282,0.042687524
25,25,1648143.945048991,6128889.196275551,-0.720935456
26,26,1648160.291035565,6128879.147587118,-9999.0
27,27,1648164.285366964,6128859.201817193,-0.815250024
28,28,1648164.127529743,6128829.315541159,0.087650937
29,29,1650648.263796205,6128776.01021479,0.678408332
30,30,1649101.038484477,6128836.828584613,0.89525457
31,31,1649049.265663042,6128754.861954158,-0.439918906
32,32,1648143.291889385,6128727.814019381,0.264362927
33,33,1650778.507659413,6128605.924945021,0.601988878
34,34,1650794.850215255,6128595.871523549,-0.044087498
35,35,1648160.3063063,6128624.255786628,-9999.0
36,36,1649006.605148817,6128668.147412881,-0.1033942
37,37,1650843.877667714,6128565.711074564,0.706708325
38,38,1648228.32521628,6128564.973439462,-9999.0
39,39,1648203.115896511,6128576.196372757,0.220683626
40,40,1648228.951128791,6128516.637986009,0.451587281
41,41,1648213.568807381,6128487.843053306,0.582699107
42,42,1651113.885819406,6128464.577590218,0.71070773
43,43,1651171.054503569,6128424.407291167,0.391774988
44,44,1648202.024082177,6128449.881309449,0.162587238
45,45,1651187.396308959,6128414.353154999,-0.334857159
46,46,1648211.163608894,6128420.609748553,-0.546222241
47,47,1651203.738078569,6128404.298988984,0.286175017
48,48,1651220.079812402,6128394.244793128,-0.08200003
49,49,1651236.421510454,6128384.190567425,0.173505624
50,50,1649075.724141728,6128457.545756986,0.46730059
51,51,1648194.450179796,6128360.923729733,-9999.0
52,52,1651277.219245483,6128349.093597066,0.723812485
53,53,1649074.504643283,6128332.061624578,0.937189091
54,54,1648157.23997156,6128301.346134045,-9999.0
55,55,1648125.671360821,6128274.946380815,-0.15893281
56,56,1648501.109555339,6128209.862176474,-9999.0
57,57,1648521.393926096,6128169.904913278,-9999.0
58,58,1648176.842090448,6128131.882154284,-9999.0
59,59,1651284.131322232,6128124.801129423,1.266979089
60,60,1650921.489298154,6128322.629844178,0.621453038
61,61,1650880.613233555,6127803.948876915,0.267383178
62,62,1650863.9734282,6127788.733917987,0.121017542
63,63,1650872.074379153,6127768.694453468,0.30805063
64,64,1650862.710364457,6127559.26850586,0.718408147
65,65,1650862.750971042,6127539.475628247,0.633220771
66,66,1648878.71467523,6127530.403308314,-0.546269191
67,67,1648903.415658909,6127550.195664636,-0.620771378
68,68,1648843.869332533,6127510.098565384,-0.418096911
69,69,1648812.917124499,6127490.906184959,-0.254074992
70,70,1650850.030109203,6127602.88238648,0.657710136
71,71,1650878.299244595,6127424.431470484,2.414349743
72,72,1650878.36876791,6127399.91435148,0.530625003
73,73,1650870.02550519,6127373.91490156,0.146273381
74,74,1648857.285324385,6127356.176091366,0.173229359
75,75,1648861.082539999,6127246.569334986,-0.189499996
76,76,1648861.697326181,6127188.144319237,-0.166453782
77,77,1650886.376057659,6127231.681458876,1.230093375
78,78,1650934.224091758,6127130.58275913,0.536202514
79,79,1651195.570637651,6126949.828441749,1.137188889
80,80,1651236.279981948,6126909.681535685,0.967037975
81,81,1649912.762592886,6126897.748755023,0.087445299
82,82,1651249.98279632,6126892.796038941,1.045830367
83,83,1649969.657498479,6126886.894115617,-0.021494115
84,84,1650223.778883426,6126885.497442941,0.111260504
85,85,1650318.04979562,6126884.97758851,-0.144799996
86,86,1649842.178316951,6126889.414556715,1.422758839
87,87,1650162.243112633,6126875.873898291,0.398240001
88,88,1648965.361333396,6126872.41947435,-0.021125
89,89,1649776.853879857,6126858.061739299,0.413749997
90,90,1650063.669361428,6126867.907230826,0.585169126
91,91,1650350.619547435,6126844.947989009,0.177333332
92,92,1649407.0983932,6126839.643680491,4.765727997
93,93,1649754.785517341,6126840.433450975,0.662425678
94,94,1649727.506213338,6126828.44380109,0.49746393
95,95,1648989.685950002,6126822.476708323,0.080025974
96,96,1650368.22065657,6126827.187513543,0.091452196
97,97,1649000.56096705,6126812.052643046,0.061448276
98,98,1650383.189011231,6126804.918267537,0.143825002
99,99,1650397.250692009,6126792.128042825,0.121734423
100,100,1649139.091464008,6126789.44998426,0.297782337
101,101,1649457.265114991,6126770.139565167,2.593967792
102,102,1649031.352346718,6126769.093541212,0.341201196
103,103,1649104.781642376,6126780.039667386,0.369152774
104,104,1649518.553819278,6126766.194829235,0.836801959
105,105,1649080.860027477,6126746.927246258,0.476452603
106,106,1650419.458139549,6126752.394121545,0.236092373
107,107,1649586.874699666,6126709.553037277,3.156070185
108,108,1649644.663960353,6126669.496552195,5.202740527
109,109,1649206.341261796,6126691.43228736,0.089422867
110,110,1650474.140851557,6126644.445031319,0.315711291
111,111,1650488.794883376,6126545.549974447,0.398985075
112,112,1650504.714709007,6126545.222202179,-0.229950007
113,113,1649115.433065742,6126540.019856502,-0.501972829
114,114,1649594.4460434,6126510.575395185,0.704105248
115,115,1649102.732090482,6126503.071055584,-0.721542355
116,116,1650506.152654058,6126502.829875984,-0.223365215
117,117,1649110.607135766,6126443.254087374,-0.410366651
118,118,1650528.100958741,6126435.505669907,-9999.0
119,119,1650528.421227582,6126415.783307827,-9999.0
120,120,1649118.696793835,6126423.285667687,0.086531047
121,121,1649126.786467641,6126403.317227174,0.135483199
122,122,1650512.414374992,6126411.649240372,0.123438777
123,123,1650527.824803846,6126385.694962711,-0.826249965
124,124,1649147.11782224,6126373.320327054,-0.088999977
125,125,1649162.056085838,6126356.63572098,-0.034076914
126,126,1650520.068540715,6126336.011501553,0.22318987
127,127,1649175.619231757,6126338.298105144,-0.647857113
128,128,1650538.35113114,6126328.35251563,-0.278999996
129,129,1650550.25398444,6126261.101218008,-0.19294197
130,130,1649240.969933727,6126207.913204964,-0.777101118
131,131,1650967.163244667,6126758.266153025,0.694056852
132,132,1650739.420266655,6126165.106163431,1.730545494
133,133,1650723.879796302,6126156.197468078,0.429561325
134,134,1649236.041775807,6126145.478571626,-0.45575
135,135,1649584.57361467,6126091.822279189,2.245989569
136,136,1649424.248882151,6126082.911149946,0.292907689
137,137,1649537.81856391,6126406.870580214,0.561802413
138,138,1649396.104022479,6126073.101243157,-0.074821423
139,139,1650601.299703097,6126114.945911268,-0.209387686
140,140,1650756.108148047,6126055.665441157,0.298300001
141,141,1649491.353902667,6126071.955583975,-0.293970117
142,142,1650641.243279376,6126036.379542243,-9999.0
143,143,1649534.801006563,6126032.294423522,-0.508662761
144,144,1650772.165773766,6126025.484336345,0.395857132
145,145,1650788.728405449,6126025.596350147,0.418116682
146,146,1650805.066261535,6126015.542819264,0.488475002
147,147,1650788.399295484,6125996.962982898,1.383012535
148,148,1649673.706289358,6125981.930378532,0.743733826
149,149,1650772.057639755,6125975.876920866,0.284124984
150,150,1649706.384224921,6125961.82729896,1.598290976
151,151,1649722.668721305,6125941.813629624,4.294988129
152,152,1650672.090265021,6125954.483948053,0.365281379
153,153,1650819.514993597,6125666.776099494,-0.462999965
154,154,1650720.997063394,6125728.880128425,0.454587143
155,155,1649507.549352381,6125852.579869978,0.449985207
156,156,1649925.728139785,6125601.980185685,1.333362505
157,157,1650737.760561711,6125597.494471783,-0.400999963
158,158,1649942.011546221,6125581.966048031,1.83137811
159,159,1650909.174169403,6125576.613389424,0.310789486
160,160,1650204.535551113,6125557.467503372,-9999.0
161,161,1650286.035872157,6125540.224023215,-9999.0
162,162,1650109.632656151,6125523.448920776,1.610014262
163,163,1650326.907101785,6125520.073442916,0.585537514
164,164,1650958.017641382,6125516.565536067,-0.070980472
165,165,1650359.58193134,6125499.967983275,0.690727277
166,166,1650392.25661768,6125479.862404236,0.716574978
167,167,1650998.775802659,6125476.487606809,0.487226661
168,168,1650354.613594709,6125484.81323181,0.745965597
169,169,1651023.252843004,6125456.425622091,-0.207191958
170,170,1651039.563406297,6125454.56688867,0.352326464
171,171,1651162.588062237,6125455.644249234,0.594773257
172,172,1651102.154076836,6125442.426483656,0.561596321
173,173,1651121.178726165,6125434.575017428,0.139307694
174,174,1649678.639849084,6125414.248593812,0.690333369
175,175,1651175.566380327,6125432.940746625,1.177976593
176,176,1651170.28160285,6125396.030504998,1.178962985
177,177,1649588.319673378,6125384.853299612,0.777428549
178,178,1651181.302104346,6125382.480995016,0.897231842
179,179,1649637.609028559,6125374.418131977,0.712168667
180,180,1649540.450877244,6125357.577970313,0.958520826
181,181,1649588.872375984,6125362.400074144,0.78881779
182,182,1650519.148754377,6125425.837353246,0.534662863
183,183,1650781.243470098,6125312.4235377,1.675582646
184,184,1649514.129647437,6125280.393364986,2.464436191
185,185,1650933.61802839,6125423.327734914,0.647547459
186,186,1650973.072432993,6125277.382026073,1.801450515
187,187,1650964.764945883,6125257.503550373,1.453013499
188,188,1649128.478031916,6125227.945527193,1.091357152
189,189,1651072.584543963,6125249.515939011,2.366508668
190,190,1649546.368333476,6125175.665851746,0.952299996
191,191,1649726.515480948,6125144.796961119,0.89984444
192,192,1649562.543381687,6125135.728072059,0.964244466
193,193,1650226.524537609,6125122.333342478,0.685247895
194,194,1649560.399562485,6125118.305447874,1.081125256
195,195,1650215.406537757,6125112.190314631,0.706381648
196,196,1650236.757759131,6125076.883459484,0.707557259
197,197,1650282.504147992,6125017.467489665,0.543556272
198,198,1649601.183305967,6124991.997826858,0.823897014
199,199,1649619.019700929,6124971.041290375,1.064000295
200,200,1649495.034764336,6124837.420033675,0.303849057
201,201,1649713.372788934,6125353.876771104,0.721084595
202,202,1649438.768994588,6124795.941866582,0.99305239
203,203,1649632.058712865,6124956.191925442,1.164154249
204,204,1650224.158229874,6124723.643509815,-9999.0
205,205,1650221.503030194,6124701.126774834,-9999.0
206,206,1650583.976061136,6124577.758087692,1.575890946
207,207,1650224.921738697,6124552.718341648,0.241000026
208,208,1650900.619744226,6124082.209498031,3.071287944
209,209,1650917.157472392,6124072.234523687,5.42875517
210,210,1650949.602824429,6124012.278113959,4.881185464
211,211,1650990.298398072,6123962.237852046,3.273257667
212,212,1650687.033811038,6123953.96842149,-9999.0
213,213,1651023.020640643,6123952.090513371,-9999.0
214,214,1650568.98787173,6124650.99864533,0.989237697
215,215,1651088.412978729,6123921.837940226,5.566441814
216,216,1651046.14111235,6123927.98768929,1.834443334
217,217,1650768.732344513,6123895.675620368,-9999.0
218,218,1650477.668445066,6124098.163432407,0.668264752
219,219,1651515.660201386,6123800.413570892,1.607359458
220,220,1651538.394493076,6123789.789800623,1.987869029
221,221,1651735.067178943,6123788.674527252,1.898724972
222,222,1651751.456570569,6123788.581396044,3.239208826
223,223,1651558.8205782,6123779.709049025,3.727096324
224,224,1651780.081356754,6123778.456155539,1.902811768
225,225,1651800.51140229,6123768.37744888,1.927044474
226,226,1651996.956140713,6123727.407748724,1.993175001
227,227,1651948.713655979,6123730.40746823,2.361646458
228,228,1652013.288521624,6123717.351954389,1.643775029
229,229,1652029.62090882,6123707.296086251,3.389451764
230,230,1650996.903099324,6123678.269784638,0.741853646
231,231,1652152.312114911,6123666.744093491,1.478958288
232,232,1651013.20856333,6123663.234702026,0.71007857
233,233,1652193.170888574,6123646.584905724,3.564040402
234,234,1652209.502857849,6123636.528769478,1.284735641
235,235,1652225.890021564,6123636.432425766,1.429937479
236,236,1652242.223928371,6123626.378622768,1.225600027
237,237,1651131.526419986,6123572.908553322,0.981411785
238,238,1651885.529038606,6123684.894447287,0.886948203
239,239,1651141.449870085,6123566.02822615,0.992740757
240,240,1651807.628276671,6123549.365991758,1.557553551
241,241,1651856.630096226,6123549.610788761,0.036351154
242,242,1651873.01906009,6123549.517433741,-0.155086937
243,243,1651948.016993878,6123539.133815191,0.003603075
244,244,1651244.600591372,6123543.061570943,1.207792052
245,245,1652323.539755624,6123516.323922606,-9999.0
246,246,1652206.5932003,6123487.210978071,1.454797694
247,247,1652309.364499592,6123498.075735805,0.534374678
248,248,1652224.977657624,6123477.03976963,1.625200002
249,249,1652298.560567225,6123476.821716351,1.22666672
250,250,1652110.031878722,6123467.940149522,1.76642109
251,251,1652232.517417682,6123467.03399442,1.753040016
252,252,1652142.833958279,6123468.063902891,2.022862691
253,253,1652306.714461905,6123456.738072417,1.329435919
254,254,1652248.851144512,6123437.896614102,1.881743869
255,255,1652278.873657157,6123427.735492753,1.814243687
256,256,1651773.664516879,6123400.121459571,1.364431046
257,257,1652087.747277991,6123425.725372995,2.074351208
258,258,1652041.436697087,6123382.489280092,1.903223803
259,259,1652008.545548874,6123362.752182803,2.641815501
260,260,1651849.354103751,6123352.023200789,1.508806258
261,261,1651557.520813729,6123324.714152357,1.586464328
262,262,1651809.698005683,6123339.000623533,1.444485278
263,263,1651917.232664834,6123322.479283143,2.435875831
264,264,1651441.410047283,6123292.252578575,-0.980856302
265,265,1651469.367295447,6123282.092314689,-0.985000014
266,266,1651540.048545228,6123282.272954663,0.356570648
267,267,1651589.244261263,6123280.749008158,-0.330621872
268,268,1651625.431926645,6123271.450493662,-0.177349672
269,269,1651707.651410566,6123260.612765603,1.635714265
270,270,1651528.396772956,6123261.318197575,-0.180006553
271,271,1651593.698817671,6123252.55825695,-0.043752884
272,272,1651628.738603766,6123241.347646802,-0.187682229
273,273,1651663.309707056,6123234.64204629,-0.521821868
274,274,1651674.481466236,6123221.155338996,-0.630755565
275,275,1651701.73742531,6123210.634877503,-0.801024089
276,276,1651715.282619286,6123191.036110204,-0.775202247
277,277,1651393.879426211,6123578.206406095,0.893047473
278,278,1651797.110838734,6123170.645880641,-9999.0
279,279,1651783.587283021,6123155.118016911,3.98715482
280,280,1651821.466431296,6123130.657195265,-9999.0
281,281,1651719.8319661,6123085.918750939,0.597096697
282,282,1651690.981658539,6123024.212883342,-0.784967932
283,283,1651702.046825322,6123012.349381459,-0.7926
284,284,1651812.425059455,6123011.362707661,1.306714322
285,285,1651730.441093625,6122992.361456938,-0.149818185
286,286,1651747.318084899,6122982.214147118,0.076189185
287,287,1651804.001973553,6122971.151934583,-0.754249995
288,288,1651851.462375657,6123055.134150557,4.633575343
289,289,1651844.426885314,6122948.65110578,1.711764405
290,290,1651810.109907109,6122923.943140931,-0.099409343
291,291,1651901.517305245,6122812.684902326,1.739889364
292,292,1651892.998543568,6122741.71126109,0.238075001
