OID,FID_,X,Y,BCE_Bluff_
0,0,1257287.442344727,4830180.786167867,1.298888869
1,1,1243697.676844739,4835066.652236903,1.638653407
2,2,1251318.459123822,4831497.787151552,1.046311283
3,3,1257376.51883373,4830455.829049486,0.910555559
4,4,1250088.09934474,4831375.105804916,1.426626497
5,5,1243477.099260101,4835033.198233509,0.90306286
6,6,1250350.976162452,4831514.078053939,0.710898395
7,7,1251157.634776507,4831535.130123215,1.503671737
8,8,1246900.679107167,4832431.658216869,1.450727675
9,9,1257374.88682137,4830430.697094238,1.192495781
10,10,1243471.771140675,4835057.270169344,1.570961567
11,11,1250298.072115723,4831519.123185538,1.056593675
12,12,1251826.334451115,4831386.408652571,1.685476649
13,13,1252449.120667727,4831403.540107593,1.229396787
14,14,1243421.289070578,4835940.291459215,0.674206894
15,15,1243334.478398219,4835911.239361911,0.582333326
16,16,1243319.963443298,4835903.716846683,0.864921571
17,17,1243313.379996716,4835894.505627541,0.842171434
18,18,1243266.529632085,4835869.303375648,0.670821439
19,19,1243293.857955429,4835873.378273644,0.620597008
20,20,1243248.639620942,4835859.278974094,0.573784617
21,21,1243171.545835086,4835828.954793286,0.755684205
22,22,1243159.35776985,4835810.350979017,0.911546763
23,23,1243153.944877561,4835784.9938773,0.953250001
24,24,1243147.942348629,4835769.616843544,0.924760871
25,25,1243130.943080276,4835731.504181343,0.600517244
26,26,1243090.847454177,4835690.268080737,0.821175462
27,27,1243060.666442096,4835609.227862465,0.843828572
28,28,1242910.763147181,4835489.825604591,0.734619033
29,29,1242915.339984385,4835463.209072618,0.621072115
30,30,1242905.413923087,4835429.795273092,0.586328588
31,31,1242899.075612149,4835395.972137698,0.535968509
32,32,1242886.594514984,4835338.344982184,0.524458331
33,33,1242866.427324932,4835276.863430304,0.524475407
34,34,1243962.471684602,4835338.87196289,1.052937496
35,35,1242854.058658778,4835246.488616765,0.459308818
36,36,1242841.424860576,4835202.278008439,0.476318898
37,37,1243434.251422233,4835229.865435841,0.683393452
38,38,1242830.645045358,4835174.998855563,0.748199992
39,39,1243944.280905914,4835262.765028785,0.793919228
40,40,1244029.795773006,4835220.54969415,0.966000021
41,41,1243428.41672021,4835212.343430891,0.68870969
42,42,1243527.939212021,4835186.159598472,0.877691165
43,43,1244004.737539019,4835205.017322872,0.643784168
44,44,1242826.710376628,4835124.691188361,0.427786402
45,45,1243544.155626694,4835137.04264856,0.946062502
46,46,1242817.747986699,4835084.089404279,0.38941309
47,47,1243532.358092728,4835111.309043107,0.97743886
48,48,1243522.912473304,4835095.729103197,1.183150002
49,49,1243756.133129783,4835116.64694067,0.983498956
50,50,1242797.592349292,4835032.833744101,0.439000002
51,51,1243726.733003011,4835087.729203955,0.985045461
52,52,1243507.349911446,4835073.94031042,0.825237988
53,53,1243720.937761272,4835077.372432265,1.143529399
54,54,1242778.311620174,4835011.40921504,0.373682542
55,55,1243405.043101085,4835084.076401372,1.131676759
56,56,1243707.75419819,4835066.579683666,1.076594218
57,57,1243461.028836666,4835031.986051505,1.048492763
58,58,1243681.387212397,4835044.994092513,1.034085701
59,59,1243454.731969794,4835021.599345718,0.893705869
60,60,1242742.574090244,4834970.041020622,0.4973526
61,61,1243673.615495219,4835027.270298496,0.790289618
62,62,1244094.099962533,4835111.765854985,0.661537449
63,63,1242724.526678716,4834951.021116291,0.661361124
64,64,1243442.675077633,4834995.850167759,0.898936825
65,65,1242713.386334048,4834937.716474127,0.609871419
66,66,1242707.090779914,4834927.328916529,0.608250016
67,67,1241479.211371916,4834832.779155693,0.723565332
68,68,1241689.428698318,4834836.058047918,-0.030382352
69,69,1241462.777335313,4834818.513028141,0.866840575
70,70,1244166.187895544,4834994.146929215,0.644824675
71,71,1244208.662192682,4834950.921242474,-9999.0
72,72,1241452.3790934,4834777.119452559,0.850474581
73,73,1241435.049890037,4834761.782495701,0.907542866
74,74,1244287.272034827,4834889.56790041,0.583312504
75,75,1241363.572272837,4834708.105315171,0.604716909
76,76,1241342.202959107,4834696.176005804,0.451195655
77,77,1241325.581006267,4834685.173257583,0.561304763
78,78,1241276.308490865,4834642.18466587,0.640458186
79,79,1241242.472116111,4834630.158799328,0.667419112
80,80,1241943.776892778,4834663.732381692,0.738144804
81,81,1241219.023726504,4834611.967951785,0.546051451
82,82,1241979.656780831,4834653.857276581,0.448477947
83,83,1244338.702395256,4834793.523667386,0.363020828
84,84,1241310.433799163,4834612.913086477,0.668466661
85,85,1241996.386571649,4834641.614459358,0.415363648
86,86,1241172.543140638,4834585.941718861,0.312457139
87,87,1242475.89298473,4834671.768827811,0.475135002
88,88,1240906.469110612,4834563.48523065,0.646555069
89,89,1241323.236393438,4834585.124830802,0.640157885
90,90,1241142.719545937,4834565.552507362,0.404483376
91,91,1241095.136052305,4834551.294454052,0.541537637
92,92,1241339.672544939,4834555.81181605,0.250674419
93,93,1240797.099565834,4834513.295450242,0.386000003
94,94,1244267.074109541,4834719.200562781,-0.057166668
95,95,1244397.924967991,4834721.132444337,0.292148939
96,96,1244855.574270468,4834743.024762785,0.694588235
97,97,1240774.452217178,4834482.496557903,0.374474228
98,98,1242475.953742375,4834614.164356861,0.494650366
99,99,1244409.8994495,4834753.197536622,0.542927614
100,100,1240662.448789213,4834453.005704794,0.345114297
101,101,1242493.647095915,4834564.167252007,0.626342875
102,102,1244474.67348912,4834687.854854394,0.189732058
103,103,1244789.709654281,4834699.110569897,0.47169565
104,104,1244643.349038353,4834709.545673909,0.578698777
105,105,1240638.536729847,4834433.961555218,0.478919544
106,106,1242501.177229833,4834549.59057136,0.848244907
107,107,1244913.502019988,4834708.112045324,0.682537941
108,108,1242017.067877103,4834510.227465864,0.541000009
109,109,1245061.011613207,4834701.134947658,0.548797098
110,110,1240627.467220344,4834416.372825851,0.447210527
111,111,1242482.239755624,4834523.431442458,0.914376802
112,112,1240612.065177586,4834391.065409503,0.415594597
113,113,1242375.597325434,4834465.824079646,0.724200006
114,114,1245279.189988893,4834655.186612511,0.388767706
115,115,1242372.436166039,4834446.235335113,0.319354835
116,116,1245198.737460018,4834627.5442054,0.1465
117,117,1242356.978842435,4834428.623373322,0.375446601
118,118,1242055.543248881,4834377.965182778,0.936042867
119,119,1245088.589070069,4834583.797502911,0.300010174
120,120,1245024.822189695,4834544.838673166,0.418436617
121,121,1242338.301109429,4834385.259992018,0.255786881
122,122,1244958.975200305,4834529.390953737,0.434714288
123,123,1245016.305008824,4834535.905160119,0.503714289
124,124,1244982.502931261,4834533.252248792,0.439749475
125,125,1244933.214668278,4834497.479960597,1.031505151
126,126,1244950.084584627,4834501.737392883,1.099187465
127,127,1244895.910836437,4834485.62322344,1.097297555
128,128,1244834.528601955,4834471.997621382,1.475357154
129,129,1239846.937474663,4834167.064335052,0.13763441
130,130,1239910.338090398,4834155.440712405,0.304999992
131,131,1239961.190711857,4834142.596694627,0.528816089
132,132,1242323.751902381,4834278.688713589,0.736783491
133,133,1240022.725139692,4834125.433473493,0.332163933
134,134,1240101.395721293,4834127.628447976,0.28775
135,135,1240439.474920333,4834131.692736123,0.935535206
136,136,1240451.710436539,4834042.282442842,1.053666666
137,137,1240500.204394271,4834040.163029077,0.662280831
138,138,1240619.616606619,4834034.96282068,0.583530646
139,139,1240735.050463337,4834042.614747262,0.527949995
140,140,1240660.220972872,4834041.834653096,0.404431375
141,141,1240397.432866886,4833996.48361667,0.580558395
142,142,1240805.264941589,4834033.139243927,0.124813604
143,143,1240365.373929901,4833940.891284023,0.294999995
144,144,1240359.320590418,4833929.677458453,0.642333344
145,145,1240342.689184387,4833900.578585964,0.803575542
146,146,1240768.144300917,4833849.743561649,0.134927083
147,147,1240374.951805096,4833796.691083285,0.768315792
148,148,1240775.80187192,4833821.208788737,0.591720585
149,149,1240396.494273273,4833764.429976824,0.646000028
150,150,1240425.387499017,4833730.235002094,0.648698533
151,151,1239793.60093187,4833677.176600248,0.281181372
152,152,1240477.116542348,4833708.913717481,0.298158335
153,153,1240809.096181731,4833750.419769355,0.108631188
154,154,1240536.264151612,4833666.731384018,0.678794122
155,155,1240564.397770095,4833658.391445976,0.722290231
156,156,1240593.125608197,4833640.071378147,0.517911764
157,157,1239785.449491277,4833597.28654883,0.350266291
158,158,1240825.221638049,4833657.049156132,0.18799449
159,159,1240618.410886877,4833621.546177762,0.617727936
160,160,1240636.514150815,4833607.600980271,0.554222222
161,161,1240804.263291147,4833609.51112745,0.218755098
162,162,1240693.671632065,4833575.95002956,0.822609822
163,163,1240785.389726804,4833583.478801474,0.403587303
164,164,1248590.605874462,4833485.957257931,-0.358999997
165,165,1248615.68928935,4833488.784603952,-0.414999995
166,166,1248457.930483868,4833472.186578418,0.592755114
167,167,1248537.857386014,4833467.616842527,-0.328744683
168,168,1249147.241356474,4833498.09792012,0.019
169,169,1248256.359930058,4833439.070265334,0.688979379
170,170,1248191.75294701,4833416.586210276,0.621484854
171,171,1248171.92603869,4833404.663425985,0.504500006
172,172,1251322.55950244,4833573.998240259,-0.271000013
173,173,1251336.940534792,4833564.842954066,-0.163333332
174,174,1248177.072618019,4833376.495847757,0.055763443
175,175,1247917.0266238,4833328.161652447,0.853472215
176,176,1247944.292654011,4833325.059541447,0.249038094
177,177,1251391.071257741,4833511.62959147,-0.178400002
178,178,1250999.506445774,4833494.201365388,-0.052383335
179,179,1250490.23231699,4833440.428767993,-0.347591836
180,180,1247822.749290501,4833270.603110496,0.599999984
181,181,1250515.961893444,4833422.2762637,-0.184946806
182,182,1247787.022086006,4833250.063149336,0.592125002
183,183,1251416.816387084,4833466.608888996,-0.07390854
184,184,1247757.63183052,4833238.696393144,0.964796611
185,185,1251428.907958517,4833454.464537333,-0.100323525
186,186,1241197.224028353,4832840.077918303,-0.915999949
187,187,1247737.623543081,4833228.88401058,0.882641293
188,188,1244918.370979045,4833039.261722928,-0.226361704
189,189,1247702.136351664,4833197.989135118,0.256470269
190,190,1247625.26665902,4833180.678505315,0.341333328
191,191,1247681.282537881,4833185.844725726,0.131146854
192,192,1251662.423297739,4833417.464084514,-0.258946807
193,193,1247611.987673728,4833172.49298887,0.221708335
194,194,1247585.056758106,4833160.87620986,0.265355555
195,195,1247564.663830961,4833150.107052159,0.332638293
196,196,1251842.001187946,4833375.776139615,-0.434692296
197,197,1247523.111085697,4833125.391892578,0.361556817
198,198,1247451.043247784,4833090.918407515,0.65913159
199,199,1247440.962843718,4833082.593630013,0.727214284
200,200,1247354.14729301,4833063.283746579,0.570499999
201,201,1247286.649442695,4833054.33705099,0.510765854
202,202,1247394.944047087,4833060.707089099,0.463465578
203,203,1247158.789478897,4833006.014805248,0.698550742
204,204,1247104.30386014,4832992.814208062,0.910230774
205,205,1247067.027527919,4832980.619727428,0.434450001
206,206,1247050.402208146,4832969.633000595,0.420914285
207,207,1247030.918953729,4832948.464762248,0.480705884
208,208,1252228.671885456,4833239.530168353,-0.59119997
209,209,1252242.439144765,4833240.323599318,-0.656210509
210,210,1247007.994049249,4832927.095099752,0.660499997
211,211,1246991.368980718,4832916.108196749,0.899114304
212,212,1246978.189638352,4832905.317551716,0.832724622
213,213,1239860.358920633,4832429.028359786,0.243330396
214,214,1246694.012568621,4832815.03184468,0.952578959
215,215,1252746.750682894,4833173.702869684,0.098185511
216,216,1252800.92918516,4833157.062007719,-0.055342523
217,217,1253522.356853043,4833198.208183762,-0.400692587
218,218,1252824.772721563,4833139.652617021,-0.112307691
219,219,1239883.923609353,4832390.763039045,0.194926605
220,220,1246579.655532527,4832751.805749142,1.216771445
221,221,1246573.356733494,4832741.422423303,0.875785694
222,222,1239877.014502202,4832329.408314012,0.519023996
223,223,1246530.718670566,4832717.852626531,0.841300968
224,224,1253371.880769538,4833115.788648553,-0.562471437
225,225,1239858.443561414,4832304.308680336,0.448799998
226,226,1246506.861675203,4832697.469445737,1.068544111
227,227,1253011.430137305,4833074.917654162,-0.601749979
228,228,1247048.428819647,4832722.858472414,0.550000006
229,229,1246480.497822879,4832675.895988093,0.928285723
230,230,1246447.250854047,4832653.919048768,0.936955888
231,231,1246970.73629156,4832691.683924887,0.815012494
232,232,1246390.497569293,4832620.549846207,0.741169121
233,233,1254046.998370972,4833060.022338273,-0.235428587
234,234,1246364.134452879,4832598.975840302,0.677542865
235,235,1246324.005078086,4832576.594713414,0.896673773
236,236,1242198.615725535,4832323.325654337,-0.645142849
237,237,1242215.262651068,4832331.6148492,-0.832626273
238,238,1246129.004004939,4832545.131370363,0.820970606
239,239,1254127.357549011,4833008.172880932,-0.597066671
240,240,1246177.771694181,4832537.977174189,0.759205892
241,241,1242157.864883711,4832313.813610779,-0.424392615
242,242,1245891.698151531,4832510.286834997,0.819211119
243,243,1254165.938794726,4832990.766090313,-0.571344021
244,244,1254197.069961807,4832988.980998795,-0.367285705
245,245,1245849.136304042,4832488.65134259,0.629174764
246,246,1254198.434056769,4832972.967441711,-0.597257146
247,247,1245810.006067403,4832465.987473477,0.651011041
248,248,1242236.960663181,4832243.137611234,-0.488387734
249,249,1242217.826796746,4832224.273512612,0.601117657
250,250,1242208.070346433,4832213.716648993,0.591642873
251,251,1245737.563616441,4832398.52991295,0.472421061
252,252,1245727.718184341,4832390.761854006,0.487918031
253,253,1241826.051134656,4832155.212943988,-0.733999997
254,254,1239858.135186529,4832284.492590565,-0.07
255,255,1245682.24285532,4832367.403740312,0.497160497
256,256,1241213.704122734,4832102.3217626,1.483597512
257,257,1245664.351773237,4832354.187303259,0.485947361
258,258,1241375.745691993,4832128.720114529,-9999.0
259,259,1245644.232474236,4832343.024500652,0.496272732
260,260,1246699.658645726,4832413.314480064,-9999.0
261,261,1245630.60263801,4832333.838543176,0.506555552
262,262,1245610.529830624,4832322.710860577,0.570148937
263,263,1246617.072284192,4832377.976311945,0.664636363
264,264,1241819.250749344,4832070.665337158,-0.848914876
265,265,1250158.090430696,4832559.802263084,-9999.0
266,266,1246470.436106812,4832341.513474533,0.70917182
267,267,1248844.977433062,4832476.838345706,-9999.0
268,268,1242066.220965484,4832067.654545281,-0.862272735
269,269,1250210.870031772,4832542.835187188,-9999.0
270,270,1241724.819024939,4832034.80964773,0.352264702
271,271,1245551.708431029,4832260.878665603,0.887057982
272,272,1241701.321723014,4832023.398725478,-0.003927181
273,273,1245567.992860887,4832265.841267754,0.684733919
274,274,1246418.890303236,4832301.668188396,0.544666643
275,275,1241549.248049046,4832129.075104392,-9999.0
276,276,1241653.548769677,4831992.604078175,0.675856894
277,277,1254584.453705936,4832733.246893378,-0.079750008
278,278,1245697.442091473,4832216.602394798,0.622194448
279,279,1254593.577929717,4832724.205185598,-0.136037497
280,280,1246728.495891223,4832284.558526699,0.774219049
281,281,1254606.421301086,4832714.357833317,-0.03132
282,282,1245587.162298558,4832179.103653427,0.891499981
283,283,1246659.16546978,4832249.160758364,0.734939288
284,284,1254619.751632917,4832696.673826844,0.092578948
285,285,1245873.558694367,4832183.460956266,0.554437481
286,286,1246642.993077494,4832227.518923013,0.730759558
287,287,1245611.691276737,4832186.28716367,0.737777908
288,288,1245711.851912604,4832200.175374777,0.529714278
289,289,1245851.743458942,4832172.831297486,0.583000004
290,290,1254631.812538857,4832680.714219149,0.073894232
291,291,1241542.229949327,4831899.067273788,0.375
292,292,1245529.181295602,4832187.153423554,0.755889197
293,293,1241533.276627932,4831891.561660471,0.413822221
294,294,1245920.676444459,4832152.357663568,0.505683822
295,295,1254657.810583608,4832658.622480357,0.034979488
296,296,1245784.008990685,4832183.710593786,0.444560161
297,297,1245876.567079466,4832139.02372052,0.80723256
298,298,1245863.344751318,4832128.963214571,0.664449763
299,299,1245905.491111804,4832134.747887762,0.523296408
300,300,1245825.438174523,4832108.777621601,0.697078738
301,301,1249938.290931891,4832349.314766318,0.021035635
302,302,1249974.799730459,4832334.442358641,0.053231577
303,303,1241502.711788086,4831847.49631113,0.316945331
304,304,1246682.201083827,4832127.494224859,0.259096771
305,305,1254680.16481388,4832610.041303046,-0.020759493
306,306,1245824.499813495,4832076.928584238,0.613084202
307,307,1254687.061725192,4832559.979041185,-0.087902912
308,308,1241452.144604505,4831788.770736004,0.138339772
309,309,1245718.333283768,4832032.525576967,0.743220584
310,310,1245791.577497365,4832069.907530061,0.691572594
311,311,1241440.41981669,4831745.627347506,-0.17744805
312,312,1241423.941332504,4831719.236850518,0.26372432
313,313,1254681.709376784,4832490.189669488,-0.069829786
314,314,1241399.661510108,4831694.998064118,0.159579718
315,315,1241307.861901976,4831678.529932153,0.295894501
316,316,1245904.731576693,4831979.054391319,0.410698412
317,317,1246521.899232513,4831988.072488669,0.414372266
318,318,1245953.102920302,4831945.342619581,0.442641675
319,319,1254601.59557106,4832444.619497992,-0.495000006
320,320,1245971.637284112,4831935.410224387,0.682343748
321,321,1254636.538180764,4832437.33721953,-0.492457152
322,322,1254657.757221577,4832428.539040745,-0.534000004
323,323,1254672.093645266,4832419.34681334,-0.571044131
324,324,1245990.800826045,4831920.146210775,0.516606619
325,325,1248792.156883996,4832072.648415858,-9999.0
326,326,1241021.840004842,4831602.415799586,-0.97719999
327,327,1246003.054379036,4831900.852940128,0.51324999
328,328,1240185.182353547,4831541.632226449,0.31472951
329,329,1246032.088020829,4831896.424488351,0.385000005
330,330,1248756.746932115,4832036.907396562,-0.623555534
331,331,1240197.295839828,4831523.843211596,0.182200002
332,332,1241007.717760362,4831562.372655435,0.573887504
333,333,1241272.411819787,4831630.584774536,0.355871584
334,334,1240281.139213416,4831517.480723916,-0.788946084
335,335,1255046.986397674,4832355.796088631,-9999.0
336,336,1255008.631886281,4832349.208622593,-0.135239129
337,337,1255075.097615547,4832351.633567691,-0.059538459
338,338,1241261.968912296,4831539.344396232,0.244251369
339,339,1240342.243721022,4831471.992142024,-0.813043473
340,340,1255180.836697676,4832337.576386007,0.054680851
341,341,1241103.485338249,4831507.120492866,0.191043798
342,342,1255195.810524988,4832326.480610332,0.043586388
343,343,1240274.226963866,4831460.782066491,0.166579619
344,344,1255192.830123909,4832308.953571669,0.01710072
345,345,1240310.672144206,4831431.691780776,0.356510635
346,346,1255265.515186156,4832303.297037176,0.229708337
347,347,1240318.946597965,4831422.914779793,0.491863635
348,348,1255314.262129356,4832296.069802517,0.208604168
349,349,1255344.138422586,4832297.776413907,0.153291667
350,350,1255405.48743752,4832300.466380233,0.190180095
351,351,1246563.033594179,4831786.783177931,-0.432485465
352,352,1255301.218085027,4832285.109578928,0.049294118
353,353,1255629.673409199,4832302.50430763,0.415657305
354,354,1256048.406818242,4832327.545226453,0.412308417
355,355,1241141.711308692,4831452.315065418,-0.686859086
356,356,1255456.661263564,4832283.625085168,0.20488542
357,357,1255552.709183833,4832294.468562705,0.467440535
358,358,1256160.567448443,4832304.114937214,0.372982454
359,359,1240351.632555954,4831399.46796327,0.511455233
360,360,1255998.728453699,4832215.451546405,-0.228452628
361,361,1240470.247266847,4831326.539041975,0.516416084
362,362,1256398.364291093,4832233.10364982,0.343763091
363,363,1240552.554586393,4831291.259631207,0.342228345
364,364,1240577.037515071,4831272.030360858,0.537792331
365,365,1256002.001813025,4832164.909925062,-0.474185706
366,366,1250504.837138257,4831792.983949539,0.890285722
367,367,1256499.230817028,4832135.933682747,0.600151351
368,368,1256511.746610063,4832123.771051169,0.64437313
369,369,1240542.62131448,4831183.270143413,0.165043802
370,370,1240604.332308076,4831229.009049615,0.025462683
371,371,1256518.207300972,4832113.276019514,0.621738097
372,372,1250160.344253874,4831728.050398546,0.452789852
373,373,1250135.151473118,4831707.506930876,0.305469388
374,374,1250091.383741184,4831738.21922373,0.332601567
375,375,1250120.4351482,4831695.381266105,0.347865286
376,376,1256538.784805852,4832070.886202147,0.578452173
377,377,1250257.524496081,4831684.947655802,0.476903233
378,378,1240444.058226095,4831157.247076987,0.107525984
379,379,1240461.698584263,4831089.956159749,0.345660374
380,380,1256565.432616644,4832009.218905861,0.619463202
381,381,1240484.46278537,4831068.813409016,0.258824324
382,382,1250046.208185859,4831571.972129066,0.81594202
383,383,1250590.664978232,4831591.45375808,0.796536575
384,384,1250636.252967552,4831601.524480228,0.76340961
385,385,1256792.955367026,4831935.576933774,0.460666663
386,386,1248651.934310044,4831460.345742853,0.388749996
387,387,1250522.787279474,4831569.559134531,0.777955206
388,388,1250506.161055931,4831558.582015526,0.721237416
389,389,1256710.133771659,4831914.887433479,0.514521951
390,390,1240516.620972413,4830972.858767843,-0.469299089
391,391,1250281.955132272,4831528.465727597,0.894934779
392,392,1250373.516012983,4831540.874661898,0.715914995
393,393,1251904.685353958,4831625.178685741,0.886042986
394,394,1252059.289579221,4831629.877026426,1.427999994
395,395,1250106.286777473,4831544.437644059,0.716917654
396,396,1251939.027579381,4831611.918543953,0.863621892
397,397,1251977.690492133,4831604.350922735,0.921999997
398,398,1252043.083242243,4831605.393014468,0.817749999
399,399,1252060.384842371,4831605.947519927,0.911282041
400,400,1250253.144752623,4831494.801710204,0.777178873
401,401,1250326.396941436,4831503.100581327,0.763778299
402,402,1251113.057171768,4831544.49101947,1.067562487
403,403,1250377.122054553,4831508.234989491,0.669825618
404,404,1248656.665324452,4831383.594053587,0.664321444
405,405,1252151.545577305,4831574.119785788,0.884408607
406,406,1248684.534160885,4831363.392648156,0.744344819
407,407,1252061.483257463,4831586.644229187,0.775777778
408,408,1252166.418407144,4831564.441276778,0.921690142
409,409,1240541.201320701,4830896.65384344,0.211872882
410,410,1250085.964943389,4831414.399735507,0.701008203
411,411,1250201.175904319,4831466.04056416,0.687686229
412,412,1251308.361435554,4831483.030819661,0.986083329
413,413,1250061.424178676,4831406.276816908,0.664999993
414,414,1251904.164193678,4831499.04015383,1.199167939
415,415,1251839.552753525,4831485.500247927,1.054070402
416,416,1251868.686924617,4831491.93979236,0.95055454
417,417,1252259.88692321,4831511.370367834,0.699391309
418,418,1251750.667611971,4831470.354879246,0.936971406
419,419,1251809.529061571,4831473.458538882,1.057682174
420,420,1252273.884524941,4831501.023871758,0.749050008
421,421,1252288.229490091,4831491.878136835,0.765516674
422,422,1256657.921783383,4831731.689276168,0.679355558
423,423,1245690.002372338,4831093.844283912,-0.913253342
424,424,1251800.397108239,4831447.485527953,0.633333325
425,425,1252115.953812986,4831457.225925007,0.827750012
426,426,1256648.649286293,4831721.500839868,0.832793813
427,427,1252002.083886219,4831449.985270393,1.024023968
428,428,1252248.865072499,4831457.300368585,0.807688896
429,429,1256733.213539757,4831742.762911228,0.858280413
430,430,1240494.546242555,4830773.669408149,-0.119196078
431,431,1251951.522739135,4831430.3696226,0.850317911
432,432,1252088.546701376,4831448.169787673,0.884089743
433,433,1252222.531726481,4831445.093065856,1.000828772
434,434,1256709.369167756,4831694.567555204,0.831395338
435,435,1252090.814866222,4831417.400801156,0.866111114
436,436,1256719.757841862,4831685.14629975,1.06614491
437,437,1251927.316664377,4831400.445293979,0.91256522
438,438,1240479.799963925,4830715.749920504,0.115199994
439,439,1251914.129610518,4831389.670744625,0.939985281
440,440,1252461.21183211,4831421.222514994,0.867698072
441,441,1256482.016564524,4831659.524333579,0.63983794
442,442,1256815.230519634,4831816.470594944,0.741690689
443,443,1240474.343351329,4830703.831538393,-0.037500009
444,444,1251640.72271402,4831365.157067397,0.50953846
445,445,1251887.179555691,4831378.101733955,1.018676472
446,446,1252500.95798375,4831414.690813614,0.725350656
447,447,1252518.676469687,4831405.534269294,0.830937499
448,448,1256543.42204364,4831637.529543078,0.722750008
449,449,1251613.071731858,4831342.24614541,0.432653657
450,450,1252538.939045784,4831395.897687607,0.80642857
451,451,1252553.545612168,4831387.355153147,0.824621616
452,452,1256531.108871229,4831622.260757321,0.791836664
453,453,1251584.640185467,4831323.340779346,0.571797815
454,454,1252581.723409781,4831379.494087996,0.592593751
455,455,1256506.816271639,4831603.136213232,0.653276583
456,456,1251560.609707846,4831293.074584635,0.484057141
457,457,1252620.795691,4831362.266230487,0.855720862
458,458,1251547.716722471,4831278.389306013,0.55123189
459,459,1252646.124567657,4831342.317005151,0.946964919
460,460,1251541.411970024,4831268.011506733,0.52105715
461,461,1251582.700481523,4831270.397110712,0.786357145
462,462,1252656.429047738,4831333.210403631,0.793851854
463,463,1246072.826272947,4830945.654164861,-0.804296524
464,464,1249004.855560022,4831114.577073629,0.567428572
465,465,1251576.395683955,4831260.019350506,0.84462856
466,466,1251669.631628403,4831309.810775527,0.882604821
467,467,1252669.581903461,4831326.723518012,0.715740745
468,468,1256503.997488246,4831542.697964747,0.86679999
469,469,1249012.822458256,4831105.664434046,0.550000012
470,470,1251521.921141007,4831246.858240887,0.777072459
471,471,1251566.650212204,4831249.442782235,0.791985192
472,472,1251797.17699697,4831262.757846902,0.903264706
473,473,1246092.950467179,4830920.873225058,-0.816770847
474,474,1249029.71740891,4831093.133483545,0.583872338
475,475,1251470.816355967,4831484.500933699,0.910403423
476,476,1249039.318788524,4831084.518090337,0.799136346
477,477,1251804.680839775,4831248.170932312,0.893969074
478,478,1249063.567813434,4831074.254874338,0.75702941
479,479,1251544.295370147,4831218.110611664,0.500594203
480,480,1256471.489894375,4831500.998002404,0.531312501
481,481,1245824.596269901,4830879.931074305,-0.567504147
482,482,1251792.312548206,4831227.429872726,0.94661502
483,483,1256464.922189412,4831490.207119286,0.664604175
484,484,1240475.601684484,4830554.974108404,-0.206904497
485,485,1251531.287001678,4831204.894549489,0.531661537
486,486,1251794.266596609,4831201.057564872,0.918666662
487,487,1249152.072075242,4831036.669344798,0.425999999
488,488,1251822.430994737,4831184.108352461,0.89528572
489,489,1251712.132677038,4831167.178810127,1.053581927
490,490,1256496.468396929,4831442.88616872,0.682640301
491,491,1251689.398441799,4831156.398977614,1.053257357
492,492,1240461.187047504,4830497.248192175,-0.101373496
493,493,1251461.648035338,4831160.199631954,0.729832215
494,494,1251665.890448386,4831145.027627112,0.799935954
495,495,1249244.76722299,4830995.871634392,0.85632
496,496,1251638.941907099,4831133.457425978,0.835264706
497,497,1251804.092137318,4831142.995663444,0.95097099
498,498,1251618.874706317,4831122.284647572,0.781117083
499,499,1249260.784604094,4830979.108553261,0.678799993
500,500,1240446.322129474,4830447.948605319,-0.076838712
501,501,1251558.096841915,4831098.746068793,0.827068618
502,502,1245695.982839422,4830737.126604063,-0.540000012
503,503,1251497.319396752,4831075.206861652,0.943514276
504,504,1249350.013312089,4830944.022133022,0.315781256
505,505,1240435.532331365,4830405.625142049,-0.317857134
506,506,1240415.61613165,4830347.624889886,0.175993549
507,507,1245337.49235817,4830646.491891716,-0.396207276
508,508,1251543.797090809,4830987.771215054,0.798602934
509,509,1251537.931947968,4830967.592786047,1.106287866
510,510,1240399.430284054,4830309.353435278,0.157659091
511,511,1251008.949273711,4830931.278059243,0.520989247
512,512,1251531.565344755,4830957.297547398,0.909437511
513,513,1251002.501005967,4830916.412504717,0.495657137
514,514,1240386.524303906,4830281.964607645,0.105279999
515,515,1245684.282370559,4830653.212500897,-0.381867769
516,516,1250996.197600822,4830906.034065196,0.508072458
517,517,1251518.689678315,4830937.258131946,0.922893621
518,518,1250989.894219455,4830895.655617875,0.503558829
519,519,1251505.643073675,4830926.080503608,0.879105289
520,520,1250980.578461146,4830884.437828931,0.479177088
521,521,1245674.601332708,4830560.992457468,-0.49389401
522,522,1251469.378012734,4830967.424328488,0.926531221
523,523,1256671.05405455,4831196.231082289,0.68118614
524,524,1245660.707789387,4830527.563594945,-0.440767536
525,525,1251581.884706629,4830898.040353823,0.834734421
526,526,1256697.943840591,4831137.970482509,0.844623708
527,527,1251573.667543395,4830829.281197115,0.857942863
528,528,1251567.363344134,4830818.903398385,0.856342855
529,529,1256733.430162334,4831111.566679223,0.55554546
530,530,1256761.399462214,4831092.562590481,0.724000007
531,531,1250860.920337613,4830738.015145755,0.383686571
532,532,1256784.621678103,4831075.121784624,0.671458334
533,533,1251478.286698888,4830754.26498715,1.13120431
534,534,1251634.270310208,4830733.44207015,0.697904046
535,535,1251504.78296993,4830741.664985208,0.985187222
536,536,1253214.721115647,4830810.004704302,0.765082175
537,537,1245643.102837834,4830410.772869486,-0.370410976
538,538,1251653.338242358,4830719.837665603,0.722495766
539,539,1253179.347004496,4830793.119152663,0.773272722
540,540,1251672.287413566,4830697.796658631,0.746809528
541,541,1256928.873892481,4831018.216108683,0.763299874
542,542,1251691.502455055,4830689.087572942,0.729777775
543,543,1253155.858719773,4830774.392155082,0.742333333
544,544,1245657.131918834,4830336.561015492,-0.428368414
545,545,1253117.409631663,4830758.430122638,0.635999997
546,546,1251813.778884195,4830664.527917919,0.667661816
547,547,1251902.094373648,4830659.606218943,0.672893201
548,548,1245642.874142286,4830287.692978732,-0.522496976
549,549,1251976.415553196,4830663.793005047,0.590511117
550,550,1252068.762128517,4830640.469967788,0.645521763
551,551,1252077.884645348,4830632.473686247,0.683333337
552,552,1257100.367362432,4830953.81369302,0.893858356
553,553,1252097.476261056,4830623.105825193,0.650363657
554,554,1252119.096747836,4830614.52918173,0.62357143
555,555,1245651.875824264,4830237.10361833,-0.537644752
556,556,1252174.702306854,4830605.063330847,0.533163303
557,557,1240436.46598395,4829894.996720202,-0.008246374
558,558,1252218.711821774,4830587.719241978,0.640561395
559,559,1252278.120982385,4830579.912019759,0.777731392
560,560,1257146.693805011,4830889.267436138,0.836540435
561,561,1240444.362333201,4829881.00323652,0.058695996
562,562,1252336.571782642,4830578.664688312,0.68862674
563,563,1252358.728632497,4830564.180173056,0.905264698
564,564,1242385.991620984,4829970.854307672,-9999.0
565,565,1252376.505476345,4830555.191790189,0.900999998
566,566,1252390.841992237,4830546.005007418,0.814250005
567,567,1252745.190058142,4830566.424419278,1.025359696
568,568,1252405.178463222,4830536.818184871,0.856492689
569,569,1252755.950136596,4830560.307452491,0.956523819
570,570,1252974.26970553,4830592.052749423,0.768777235
571,571,1252422.9703924,4830527.844934366,0.744618713
572,572,1252653.088349828,4830542.159829343,1.01548147
573,573,1252784.182573623,4830548.643509173,1.034955216
574,574,1252448.583563517,4830519.841529335,0.895705543
575,575,1252931.994266235,4830547.829397252,0.68263963
576,576,1252916.925495667,4830540.7907342,0.640333341
577,577,1240488.354021546,4829833.899753422,0.162575222
578,578,1245513.984642221,4830089.973288122,-0.765808504
579,579,1257220.362624822,4830767.751730632,0.758654056
580,580,1245424.834725694,4830070.43874203,-0.819021285
581,581,1245504.53887733,4830074.258989313,-0.734892496
582,582,1242515.16681227,4829888.37913001,-9999.0
583,583,1242477.402824218,4829883.206178308,-9999.0
584,584,1253454.816072323,4830705.197244111,0.684399402
585,585,1242567.953172944,4829871.478863743,-9999.0
586,586,1253707.014935527,4830526.607608522,-9999.0
587,587,1240532.507296585,4829770.409988069,0.087908067
588,588,1242578.86544615,4829862.110706835,-9999.0
589,589,1240549.925666546,4829731.743905205,0.371015628
590,590,1240586.261777879,4829718.935755651,0.209857143
591,591,1240643.980131712,4829691.280027964,-0.112660493
592,592,1253761.006912953,4830495.0963035,0.637191754
593,593,1240646.830351862,4829666.769729427,0.158843749
594,594,1253807.406476907,4830440.689249462,0.853099996
595,595,1253826.343857686,4830436.560701575,0.469694756
596,596,1253865.946857119,4830395.153325194,0.599000037
597,597,1240675.890456052,4829641.034726068,0.012643209
598,598,1242684.064045125,4829718.119829241,-9999.0
599,599,1242694.975881592,4829708.751479313,-9999.0
600,600,1242719.056458773,4829710.17881685,-9999.0
601,601,1257239.732640908,4830617.023543421,0.833535136
602,602,1242712.724705041,4829700.518639098,-9999.0
603,603,1253935.586666502,4830358.491745031,0.804909088
604,604,1253958.26744689,4830350.62089853,0.722000003
605,605,1257315.977696896,4830531.989288891,0.875698719
606,606,1245234.937093358,4829799.308601441,3.07883211
607,607,1240899.361217309,4829539.020404869,-0.282259531
608,608,1245370.960337634,4829793.973702305,1.063165673
609,609,1254188.701677731,4830303.537241071,0.616999984
610,610,1254207.835643437,4830292.674560159,0.729666666
611,611,1242550.11925686,4829609.467092829,-9999.0
612,612,1243832.66062711,4829675.930743861,-9999.0
613,613,1243793.706421978,4829666.378499242,-9999.0
614,614,1240908.050339685,4829517.67606071,-0.076381683
615,615,1240978.585873312,4829503.732866156,0.974708458
616,616,1241813.441246347,4829540.533840256,-9999.0
617,617,1254285.074463718,4830268.945372694,0.649499997
618,618,1240932.814129104,4829478.166625214,0.193599999
619,619,1241007.586215846,4829480.326521252,0.541931031
620,620,1241840.944424387,4829521.068249454,-9999.0
621,621,1242527.521945366,4829563.618203896,-9999.0
622,622,1254368.732341507,4830251.85551466,0.642333338
623,623,1254406.197973734,4830251.680410095,0.302229165
624,624,1241854.695975685,4829511.335449564,-9999.0
625,625,1254383.55192788,4830243.67044499,0.75193749
626,626,1257244.645922695,4830463.437626578,0.850568055
627,627,1254404.348441437,4830234.171414757,0.81886958
628,628,1241873.148804541,4829499.945482933,-9999.0
629,629,1254425.423899313,4830224.611031644,0.871222228
630,630,1254466.37323967,4830225.468835752,0.338521737
631,631,1241025.771396137,4829464.033127933,0.413298431
632,632,1241895.953362636,4829482.136019409,-9999.0
633,633,1242568.616982735,4829510.971708412,-9999.0
634,634,1241918.75210798,4829464.328557269,-9999.0
635,635,1254534.753649219,4830189.906479937,0.907190006
636,636,1254625.397032924,4830194.67951919,0.316775396
637,637,1254848.096128065,4830186.730277982,0.581395836
638,638,1241097.962615208,4829391.618892409,0.186900002
639,639,1241960.390277865,4829435.001594607,-9999.0
640,640,1242871.391872846,4829480.410609161,-9999.0
641,641,1257260.072056515,4830356.385866417,0.875028461
642,642,1254967.516012837,4830164.233175091,0.890216862
643,643,1255012.341893959,4830167.489049224,0.603955741
644,644,1242001.28347603,4829404.293465748,-0.388185688
645,645,1242061.98786174,4829380.754458212,-0.083857116
646,646,1242983.885305367,4829435.431605968,-9999.0
647,647,1255080.495050435,4830152.260656694,0.617920415
648,648,1255135.4810971,4830142.798733868,0.443626791
649,649,1242067.721522723,4829360.31110284,0.737045446
650,650,1243027.528634598,4829397.956138468,-9999.0
651,651,1255204.846582147,4830106.835232212,0.976088228
652,652,1243039.030448925,4829378.607126806,-9999.0
653,653,1255244.454016096,4830100.477434085,0.695952106
654,654,1243049.941148402,4829369.238199674,-9999.0
655,655,1255282.225153246,4830081.201165849,1.070579706
656,656,1242864.779128716,4829348.254380751,-9999.0
657,657,1243012.622819274,4829346.000955064,2.194461536
658,658,1242852.20240994,4829327.478880131,-9999.0
659,659,1242172.349406128,4829283.843932767,-0.007826064
660,660,1255370.505494421,4830046.197409463,1.076470595
661,661,1242186.05483078,4829267.937901764,0.22991669
662,662,1242464.090361198,4829294.45302335,-9999.0
663,663,1257184.318881872,4830129.797100665,0.856591817
664,664,1245029.392731755,4829429.431169038,-0.351586365
665,665,1242952.672834099,4829282.091680303,-9999.0
666,666,1257227.845710811,4830190.043354174,0.863535557
667,667,1245016.303965453,4829385.549230284,-0.362837482
668,668,1255433.141742034,4830017.012148121,0.85259799
669,669,1255502.81266871,4829948.5946599,0.882178723
670,670,1255556.553041743,4829937.263883158,0.627234057
671,671,1242448.522056865,4829156.250952235,-9999.0
672,672,1255585.626793294,4829911.579574788,0.784108613
673,673,1243208.163485798,4829166.033784335,-9999.0
674,674,1255684.858207408,4829888.460232634,0.749637685
675,675,1255728.045118262,4829886.599464279,0.587500003
676,676,1243159.848418805,4829145.399298798,-9999.0
677,677,1243249.595239042,4829154.171342419,-9999.0
678,678,1255711.566522607,4829875.443407668,1.235233577
679,679,1255759.723608199,4829878.193809288,0.581992651
680,680,1243291.149488057,4829143.156970241,-9999.0
681,681,1255746.535103544,4829867.428348368,1.094177764
682,682,1255791.536602722,4829864.991372861,0.828842225
683,683,1243333.607635115,4829125.6396855,-9999.0
684,684,1255825.867645228,4829856.628336569,0.846711955
685,685,1255854.424388521,4829846.470672579,0.881102196
686,686,1255916.642739999,4829847.304339068,0.461702121
687,687,1243248.79592983,4829100.589759499,-9999.0
688,688,1243376.065512954,4829108.122114902,-9999.0
689,689,1255887.697484722,4829842.946697765,0.66808304
690,690,1242812.742223616,4829069.081007433,-9999.0
691,691,1257139.017905949,4829892.037023278,0.828839567
692,692,1255960.070591711,4829821.759935361,0.763008796
693,693,1242882.233217073,4829054.581961419,-9999.0
694,694,1243462.841499416,4829068.856375144,-9999.0
695,695,1243500.207630631,4829061.922911693,-9999.0
696,696,1244830.718077245,4829136.97708382,0.378919995
697,697,1256048.925883699,4829796.844440699,0.71909714
698,698,1256121.398564954,4829770.652019918,0.871590908
699,699,1256135.212403071,4829770.146339696,0.768400005
700,700,1244667.817007253,4829094.287479904,-0.887200028
701,701,1256152.283899907,4829765.376792179,-9999.0
702,702,1256214.380470335,4829758.639866461,0.620000005
703,703,1256241.59609536,4829749.819998484,0.706666688
704,704,1243531.05725364,4828997.111309086,-9999.0
705,705,1244660.976877594,4829068.8910664,-0.53836312
706,706,1256306.323599058,4829740.096110282,0.64656607
707,707,1244684.517732176,4829045.198095824,1.568457186
708,708,1244711.686025891,4829047.705060437,0.241981817
709,709,1256359.171995748,4829726.011277528,0.702538458
710,710,1244643.242012169,4829042.764423038,-0.815636864
711,711,1256415.064282814,4829723.291752726,0.574527418
712,712,1244626.640241117,4829005.62084168,-0.881560968
713,713,1256556.627959288,4829698.340532067,-9999.0
714,714,1256606.471148333,4829697.203669082,0.856949316
715,715,1243634.938255053,4828933.149953539,-9999.0
716,716,1256781.09236484,4829700.251622515,1.075499972
717,717,1256801.712953535,4829706.650930856,0.862810523
718,718,1256825.954157962,4829701.761180488,0.80446151
719,719,1256854.835487261,4829710.526315607,0.674872542
720,720,1243702.061035554,4828907.073847768,-9999.0
721,721,1243658.526580683,4828884.469778209,-9999.0
722,722,1244648.827806807,4828942.580240063,0.328803276
723,723,1243666.58599387,4828864.916340485,-9999.0
724,724,1244618.262259684,4828881.054269381,-9999.0
725,725,1243766.433788591,4828810.729618714,-9999.0
726,726,1244624.938815046,4828826.366466027,-0.64780589
727,727,1243831.884674274,4828754.508529233,-9999.0
728,728,1244927.584548791,4828684.945643205,0.633962264
729,729,1244782.545305061,4828670.4146199,-0.377225788
730,730,1244872.558562211,4828665.705343549,2.045985697
731,731,1244030.401310344,4828596.168793795,-9999.0
732,732,1244826.75967463,4828622.946883518,0.278588233
733,733,1244837.645424342,4828613.925794777,0.066690717
734,734,1244100.260214635,4828535.014053887,-9999.0
735,735,1244185.135104922,4828321.515885326,-9999.0
736,736,1244203.899836898,4828307.044227869,-9999.0
737,737,1244242.543250068,4828288.036118269,-9999.0
738,738,1244254.290123912,4828271.303175867,-9999.0
739,739,1244323.41285586,4828262.765862504,-9999.0
740,740,1244308.843710147,4828242.651601247,-0.198366323
741,741,1244318.613337631,4828233.062399846,0.112172416
742,742,1244334.423303406,4828217.761717974,0.107726906
