OID,FID_,X,Y,BCE_Aotea_
0,0,1762466.090028918,5799404.886415928,0.716785706
1,1,1762474.213322079,5799395.624073355,0.728760577
2,2,1762520.865705019,5799238.201537373,0.872619056
3,3,1762350.927431314,5799158.539840261,0.646098579
4,4,1762553.966032278,5798654.995473848,0.588555557
5,5,1764097.169250867,5798315.688615992,1.065644442
6,6,1764276.669357345,5798292.929846735,0.592000011
7,7,1764337.413046712,5798191.486666246,0.510500006
8,8,1764395.203647264,5798138.201305643,0.780355178
9,9,1762651.829986548,5798012.301600347,0.446897808
10,10,1761640.214289915,5797958.348724804,1.240999976
11,11,1763313.808826244,5797924.163011786,0.477408165
12,12,1764499.777154408,5797869.065070184,0.966379836
13,13,1760512.887519294,5797690.132175478,0.892153059
14,14,1760496.387587766,5797666.624908302,1.051190486
15,15,1760372.104545516,5797636.844768416,0.805333316
16,16,1761082.123633564,5797539.126838208,0.899622828
17,17,1760573.749797341,5797488.889205202,1.403239985
18,18,1760943.087663561,5797390.762298679,0.596211529
19,19,1760643.173123054,5797390.466186635,1.878359217
20,20,1760839.166513145,5797381.892184852,1.128250012
21,21,1760926.935669479,5797380.242896986,0.584577778
22,22,1764875.723444347,5797258.723920128,0.751803799
23,23,1762490.981736442,5797246.605970165,-0.009384615
24,24,1760260.688143772,5797256.427106782,0.94887039
25,25,1760169.066090372,5797180.174590273,0.709666669
26,26,1762333.856944179,5797095.365268102,-0.209814819
27,27,1762345.886810215,5797079.648956868,-0.162224299
28,28,1765017.941555272,5797024.532892359,0.744015242
29,29,1765253.132805232,5797006.039572307,0.682067801
30,30,1759988.786112243,5797064.833537542,1.075839763
31,31,1762296.551063691,5796976.816575387,-0.162766354
32,32,1759925.586019041,5796952.416435004,1.009074057
33,33,1763302.058587595,5796877.169860081,-0.367292991
34,34,1762837.412408239,5796923.813038779,-0.160345371
35,35,1763144.370222289,5796877.771512653,-9999.0
36,36,1763308.129360321,5796856.584898555,-0.32685185
37,37,1762451.59211611,5796891.463411198,0.002181476
38,38,1763411.353942688,5796815.153923104,0.092082802
39,39,1763469.704349953,5796813.845152938,0.134224299
40,40,1761985.131368378,5796838.121287068,-9999.0
41,41,1762907.236588952,5796818.795344112,-0.034720429
42,42,1762903.446578362,5796754.960670346,-0.063037737
43,43,1762936.581484269,5796768.919341628,0.114012448
44,44,1762800.651816041,5796747.035175974,-0.133796299
45,45,1762948.778065468,5796738.2465863,0.136762556
46,46,1759591.433477085,5796779.48274868,1.023565206
47,47,1762231.825459384,5796728.005422373,-9999.0
48,48,1763581.698639658,5796740.653418387,0.15305386
49,49,1759769.695446335,5796776.678871167,1.338363632
50,50,1763612.732497595,5796690.942337318,0.19403572
51,51,1762020.528088732,5796722.494241871,0.129251385
52,52,1762246.743076489,5796702.415642664,-9999.0
53,53,1763628.117635172,5796670.690135696,0.204925924
54,54,1761996.47124624,5796696.409650754,0.239598871
55,55,1763527.120650503,5796681.546170617,0.156601186
56,56,1762763.639545421,5796720.469218439,-0.062063037
57,57,1763471.89898776,5796663.234581296,0.151381944
58,58,1761970.032151439,5796679.645640111,0.256256131
59,59,1763477.882768587,5796643.362170804,0.174836367
60,60,1761899.296456155,5796677.696632695,0.232512586
61,61,1761946.340849108,5796664.273667736,0.29751852
62,62,1760888.347599913,5796679.388505845,0.078638888
63,63,1760912.715738069,5796689.448303737,0.148411961
64,64,1762965.015713748,5796673.38381938,0.17185237
65,65,1760915.782689622,5796663.877742073,0.199710277
66,66,1760959.460495533,5796663.810353626,0.295660374
67,67,1763007.13364875,5796622.464595971,0.246657404
68,68,1763450.738118319,5796624.695592827,0.121401656
69,69,1763641.907157802,5796570.692092231,0.154740742
70,70,1762975.428510453,5796574.404162894,0.191249998
71,71,1761375.850223583,5796601.7068581,0.392709542
72,72,1761673.541984323,5796609.628433312,0.184988133
73,73,1763491.502766992,5796574.007158798,0.138734062
74,74,1763002.069728088,5796553.552350703,0.218185189
75,75,1762486.816103446,5796556.188493966,-9999.0
76,76,1763030.075406898,5796543.398526176,0.259373834
77,77,1763001.672397026,5796533.61591622,0.232685184
78,78,1763597.239807801,5796558.994834472,0.124352101
79,79,1762472.045533793,5796518.444755393,-9999.0
80,80,1763060.649021768,5796492.928130534,0.298650944
81,81,1762471.253444517,5796478.571916621,-9999.0
82,82,1763071.109935203,5796467.724184583,0.295132077
83,83,1759424.436436782,5796505.776653433,0.970551912
84,84,1763109.84708232,5796490.11955102,0.257228371
85,85,1765153.66508514,5796365.32690703,0.276542483
86,86,1762863.947630902,5796426.442194205,-0.15857313
87,87,1760959.049524908,5796418.061947357,0.323626604
88,88,1759472.93636352,5796393.120611944,0.930762511
89,89,1760838.192161177,5796380.915124366,0.126548701
90,90,1763173.602462416,5796337.068830155,-0.4702399
91,91,1760843.207321082,5796356.548595207,0.176963638
92,92,1761297.850316747,5796365.317969157,0.326266363
93,93,1762949.35616419,5796285.354020987,0.234388887
94,94,1760696.65727921,5796321.190403439,-9999.0
95,95,1762112.256843979,5796272.074104243,0.097327273
96,96,1762941.187299636,5796255.600250904,0.210087721
97,97,1762172.115140394,5796324.437107176,0.131198342
98,98,1760762.413549228,5796278.776386153,-0.226500008
99,99,1762119.555553523,5796242.01304417,0.175314813
100,100,1760795.510704997,5796321.533299877,-0.007940923
101,101,1761168.819469336,5796241.237554229,0.247990564
102,102,1762187.024729825,5796226.884954974,0.284401709
103,103,1761180.46962205,5796226.036866412,0.117752293
104,104,1761716.300287339,5796210.108828396,0.187759258
105,105,1763898.21615886,5796171.760368031,0.063665095
106,106,1762175.826235192,5796202.151456932,0.274216471
107,107,1762799.832014248,5796182.71524664,-0.398069895
108,108,1761633.628731983,5796192.175590859,0.157914287
109,109,1762746.323411407,5796170.107520574,-0.637658536
110,110,1762137.88109176,5796187.702466976,0.223270923
111,111,1760918.47825908,5796185.958550777,-0.122400002
112,112,1762757.97064224,5796154.904486801,-0.563000007
113,113,1763748.827458015,5796153.12622106,0.00877345
114,114,1760885.400616975,5796187.709950775,-0.031740596
115,115,1762803.653136184,5796122.936002549,-0.375706425
116,116,1762961.413635688,5796105.144650823,-0.213075082
117,117,1762027.89746686,5796106.57546322,0.227607597
118,118,1762210.736535895,5796129.489553179,0.218264278
119,119,1762055.857151944,5796090.922605902,0.251621847
120,120,1762960.04932619,5796233.240541666,0.025062081
121,121,1762842.200235434,5796058.128446999,-0.284018524
122,122,1762867.098943622,5796048.179789452,-0.222601261
123,123,1762099.82064777,5796042.961731526,0.320927277
124,124,1762121.431104351,5796069.29492467,0.22985912
125,125,1762226.137975048,5796035.262971904,0.168452533
126,126,1763748.708483124,5795990.165241625,0.318035722
127,127,1763840.04158141,5795988.712361309,0.314514021
128,128,1762172.127563352,5796012.904810608,0.266262238
129,129,1762446.666634577,5796001.046513613,0.068
130,130,1763756.200556714,5795970.070742464,0.315226416
131,131,1764142.509110049,5795990.365393498,0.161012239
132,132,1762178.055618139,5795991.134346545,0.20872727
133,133,1763487.416514735,5795969.683750629,0.157963302
134,134,1763620.092519484,5796057.588309516,0.099202805
135,135,1763766.215376998,5795959.690187755,0.287148937
136,136,1763929.609291613,5795956.624007414,0.231928568
137,137,1763988.977109928,5795935.865693635,0.139038096
138,138,1762390.215733628,5795957.422937011,0.098727272
139,139,1762424.123871411,5795961.566097951,0.075315565
140,140,1763602.105469108,5795933.642820735,0.291476641
141,141,1763637.033191935,5795932.567387215,0.301666666
142,142,1763858.158108162,5795928.658746537,0.147173076
143,143,1763286.057146993,5795920.015542526,-0.601583324
144,144,1763336.568136167,5795908.657989107,-0.105767854
145,145,1762125.453862339,5795913.19242616,0.302952823
146,146,1763494.784247268,5795890.901347357,0.272224296
147,147,1762152.292496459,5795902.311574889,0.253654546
148,148,1762339.594609112,5795900.950790414,0.186419086
149,149,1760254.853629691,5795930.12238524,0.364028037
150,150,1762373.047669446,5795887.958830895,0.214296297
151,151,1762235.529655617,5795900.866155551,0.163384859
152,152,1762319.034689056,5795879.57843375,0.21116981
153,153,1763248.022937422,5795869.83668864,-0.570660969
154,154,1762202.713543636,5795871.862592748,0.292546297
155,155,1762119.360001832,5795876.203409642,0.295635073
156,156,1762279.631850782,5795876.170520207,0.199610748
157,157,1762190.561730482,5795856.98961737,0.318433967
158,158,1762103.561594909,5795848.742684318,0.343345794
159,159,1762297.138819846,5795846.22398326,0.275289326
160,160,1762376.450886718,5795852.92284993,0.250263231
161,161,1762461.125876432,5795859.54272861,0.099851286
162,162,1760252.024809965,5795876.253646477,0.312654969
163,163,1761208.50418697,5795851.544602902,-0.006462267
164,164,1763232.77329339,5795825.142645275,-0.540619996
165,165,1761661.462835502,5795832.253257606,0.120327275
166,166,1762316.678399792,5795824.05128154,0.293656052
167,167,1762404.01598741,5795822.888420195,0.261093459
168,168,1762076.269574958,5795821.704518297,0.42829
169,169,1764541.94853245,5795769.375743323,0.62885841
170,170,1761611.883834847,5795858.372736261,0.152577549
171,171,1761668.959758259,5795812.1608281,0.175400002
172,172,1762402.830531831,5795797.61802092,0.29642593
173,173,1762470.487655426,5795796.650520267,0.248731479
174,174,1763199.830932903,5795781.74954672,-9999.0
175,175,1762268.484227659,5795790.313090887,0.377037038
176,176,1762295.673454162,5795797.64211471,0.351661714
177,177,1762364.523449163,5795803.129827501,0.28029656
178,178,1762378.761357698,5795778.15173624,0.311163647
179,179,1760319.000333928,5795808.824228501,0.361870368
180,180,1761118.778478589,5795813.349984736,-0.142828604
181,181,1761165.316673327,5795797.934848698,-0.005465385
182,182,1762040.77758334,5795782.597334484,0.476399418
183,183,1763198.953241225,5795756.057480818,-9999.0
184,184,1760638.974222249,5795792.948848818,0.223000001
185,185,1761285.376601083,5795784.937501154,0.198278299
186,186,1763317.711232886,5795739.091573888,0.128600001
187,187,1762188.78256491,5795752.005840054,0.435285723
188,188,1762298.029589194,5795755.551330113,0.381669172
189,189,1762331.139771664,5795749.180858451,0.357185185
190,190,1762425.51372935,5795747.306704665,0.329074074
191,191,1760382.965005246,5795778.173145066,0.354234181
192,192,1760650.154803165,5795772.408563555,0.180771925
193,193,1761456.075762227,5795790.373077941,0.142829392
194,194,1761533.883494472,5795759.776114398,0.257020833
195,195,1762271.361800612,5795745.485215341,0.402481131
196,196,1762318.941946446,5795739.243112029,0.369749993
197,197,1763510.700247445,5795865.248731565,0.154462127
198,198,1764540.336788278,5795702.288690635,0.653721992
199,199,1760629.067160136,5795753.987420414,0.168267716
200,200,1760854.414247813,5795738.476687746,-0.088272722
201,201,1762227.165337533,5795715.562838659,0.432379636
202,202,1762317.16504144,5795716.010041195,0.374539459
203,203,1764170.88323325,5795682.685277464,0.99629427
204,204,1764593.941190349,5795652.500086131,1.055769217
205,205,1760885.303894614,5795722.131800429,-0.10531132
206,206,1760950.399766394,5795739.483643825,-0.294102194
207,207,1761189.89652358,5795717.132623678,0.011772511
208,208,1762298.069927704,5795690.004456166,0.379999997
209,209,1762313.851889793,5795689.691178994,0.347090919
210,210,1760805.432347467,5795718.937696286,-0.158658427
211,211,1762337.045664029,5795683.465571136,0.370657404
212,212,1760577.446868231,5795704.032509591,0.055740741
213,213,1760628.462302741,5795698.148314259,0.129829384
214,214,1760784.199134694,5795777.492956446,0.008864099
215,215,1760766.633471886,5795690.342848633,-0.153740744
216,216,1760832.858113832,5795702.427348613,-0.112825185
217,217,1762486.578034938,5795660.551045175,0.271174316
218,218,1762305.169415743,5795649.974946357,0.341759256
219,219,1764254.23521512,5795611.052582597,0.221075471
220,220,1760901.497438327,5795686.028719898,-0.17759838
221,221,1764262.236090744,5795600.504064366,0.219963631
222,222,1760821.28181427,5795659.352005236,-0.115370368
223,223,1761310.222897079,5795663.406021366,0.158471783
224,224,1764293.779807403,5795597.078563978,0.26469804
225,225,1764389.029622022,5795618.575763578,0.290560566
226,226,1762184.823516896,5795634.28846935,0.348881561
227,227,1760792.22211705,5795653.045570127,-0.154012196
228,228,1760852.171210765,5795643.007233631,-0.150055558
229,229,1761531.069791656,5795625.416146336,0.313072723
230,230,1762143.197247311,5795613.676569939,0.347401874
231,231,1763347.629487949,5795666.809784893,0.115674541
232,232,1760892.030019275,5795628.04397889,-0.229214288
233,233,1761195.770100479,5795660.388799204,-0.007759866
234,234,1761297.609143296,5795632.570020338,-0.03317413
235,235,1761342.127448887,5795627.186044687,0.023176605
236,236,1762245.33228624,5795608.757200675,0.255755638
237,237,1762290.192189838,5795604.605513546,0.261859997
238,238,1760843.974056838,5795609.045367253,-0.18543636
239,239,1761486.999920106,5795601.460306617,0.192488152
240,240,1764306.512501734,5795542.572837627,0.21067638
241,241,1761526.590249454,5795590.394560746,0.175335475
242,242,1760839.595524017,5795579.007591639,-0.219183368
243,243,1761400.075427499,5795558.574938108,-0.045476191
244,244,1762303.452403596,5795557.862672021,0.114253541
245,245,1762227.481348005,5795544.150644056,0.228571429
246,246,1764768.451691595,5795476.096446232,1.055828954
247,247,1760878.070539346,5795589.035853409,-0.270369158
248,248,1762106.55201304,5795514.824665491,0.376379747
249,249,1762593.137241649,5795512.665972479,-0.316506562
250,250,1761107.132831726,5795514.492135314,-0.332457948
251,251,1761327.877851986,5795500.167309303,0.028443395
252,252,1761458.506116905,5795514.614769971,0.053174825
253,253,1762643.463611017,5795498.027404315,-0.522750838
254,254,1762503.485356209,5795611.603235909,0.014899259
255,255,1762442.080866702,5795473.865167566,-0.196822707
256,256,1760825.643317469,5795479.76923919,-0.215777771
257,257,1761066.893462443,5795475.39666536,-0.288769227
258,258,1762454.808905103,5795446.767933135,-0.321122653
259,259,1761365.683468769,5795459.623773918,0.146481483
260,260,1761472.486776471,5795457.047675163,0.21437037
261,261,1762060.267488253,5795450.507847907,0.318037382
262,262,1762143.199185713,5795443.773625584,0.331074081
263,263,1761353.920912096,5795449.000888742,0.194321424
264,264,1761614.322888881,5795444.273084857,0.356444449
265,265,1762434.958525989,5795428.010082564,-0.345109087
266,266,1764525.362932817,5795386.614005663,1.216000018
267,267,1761378.827482553,5795439.472092756,0.201746836
268,268,1761441.094174116,5795453.255134485,0.238686714
269,269,1761514.419087088,5795442.559705547,0.182708573
270,270,1761393.29945911,5795428.279454276,0.194296298
271,271,1762120.357006038,5795414.829558942,0.247645566
272,272,1762138.190512765,5795403.192335293,0.212889909
273,273,1761031.384777453,5795433.111759053,-0.451763485
274,274,1761850.573764262,5795399.711128393,0.338509438
275,275,1761317.170694033,5795407.072039391,0.198057891
276,276,1761392.117099659,5795403.008996534,0.229177568
277,277,1762395.221028288,5795383.197640247,-0.388268521
278,278,1761302.048212068,5795389.724490887,0.218247708
279,279,1761932.255815213,5795470.273367058,0.330487637
280,280,1761992.662958345,5795408.867576537,0.253560277
281,281,1762592.937404503,5795397.611042896,-0.59141047
282,282,1760833.843083332,5795401.124599828,-0.648613634
283,283,1761358.015952626,5795392.336228747,0.231123456
284,284,1761470.91179248,5795377.301999009,0.288555556
285,285,1761828.840474626,5795381.811489885,0.327148201
286,286,1762190.908089748,5795381.89442791,0.078265936
287,287,1762466.911612397,5795399.186385319,-0.377020558
288,288,1762472.744350621,5795361.661147169,-0.392527267
289,289,1761341.102101773,5795370.269198471,0.236814812
290,290,1761601.493347105,5795365.126379292,0.332861108
291,291,1762382.339791716,5795356.342518162,-0.398706975
292,292,1762009.877830324,5795358.541932292,0.202103217
293,293,1762472.629320637,5795337.51210203,-0.406444448
294,294,1762045.456689259,5795330.838416439,0.136798508
295,295,1762373.521545956,5795324.626705784,-0.422840372
296,296,1762480.123750236,5795317.41883512,-0.540277782
297,297,1762500.433157935,5795317.391730762,-0.600138895
298,298,1763159.448502196,5795303.681926642,-9999.0
299,299,1764081.031717138,5795460.938749473,0.110002275
300,300,1761840.504465484,5795324.340471201,0.233376147
301,301,1762592.87954973,5795321.502200708,-9999.0
302,302,1760623.862450896,5795338.972466127,-0.612074771
303,303,1761036.138855549,5795358.902449906,-0.418157438
304,304,1762134.997963683,5795330.72488671,0.058311598
305,305,1762422.463136465,5795320.070412417,-0.468184437
306,306,1763805.605975047,5795275.802528156,-0.04331624
307,307,1761039.224436269,5795315.219970661,-0.468435177
308,308,1762446.597338383,5795296.432115799,-0.522241253
309,309,1761085.321715499,5795319.287099929,-0.177278736
310,310,1761263.347855914,5795386.177816578,0.270317413
311,311,1762301.846659566,5795401.397177959,-0.062895398
312,312,1763670.811294914,5795253.779365896,-0.030277779
313,313,1764853.562664658,5795229.830107696,0.641625013
314,314,1761776.872068393,5795281.504412121,0.358415088
315,315,1762573.968860348,5795281.473648109,-9999.0
316,316,1763150.19352903,5795264.315397561,-9999.0
317,317,1763587.282710566,5795235.974156485,-0.217314814
318,318,1764395.327803912,5795215.863032278,0.589531234
319,319,1761046.32354388,5795276.451332662,-0.437925919
320,320,1761389.840681389,5795269.209735701,0.232482148
321,321,1762289.363576689,5795251.402715858,-0.375833336
322,322,1761409.070645789,5795267.714668836,0.259990023
323,323,1762372.708245246,5795271.786378635,-0.484309942
324,324,1761207.965022109,5795252.853955898,0.150090911
325,325,1761591.380010813,5795251.78968057,0.353885242
326,326,1761854.706897623,5795244.28231629,0.348799997
327,327,1762257.405663779,5795232.092752428,-0.344094341
328,328,1762367.864951164,5795229.484176506,-0.535072729
329,329,1761405.031366308,5795238.993553145,0.234814813
330,330,1761811.038210364,5795242.627750702,0.371209736
331,331,1761906.662226968,5795229.450967526,0.275514284
332,332,1761286.476956295,5795231.361232514,0.276407408
333,333,1762490.363143764,5795207.898064411,-9999.0
334,334,1760574.125664966,5795254.173006658,-0.023022687
335,335,1761567.685547498,5795229.700320555,0.33820435
336,336,1764253.268821526,5795162.112507291,0.306537498
337,337,1760504.925887038,5795226.798702786,0.022781818
338,338,1761907.552532928,5795200.806997548,0.32662393
339,339,1764245.178075639,5795152.302687555,0.164662499
340,340,1761696.191938423,5795193.351498722,0.361509092
341,341,1762303.561481216,5795171.343626421,-0.482903837
342,342,1761327.877658282,5795243.686696132,0.174382694
343,343,1761922.682806812,5795149.64228096,0.378099526
344,344,1760535.627369867,5795193.118441634,0.016741953
345,345,1761072.359546847,5795199.835321961,-0.41568785
346,346,1761807.095171396,5795141.815953031,0.399360759
347,347,1761869.840389329,5795146.377894218,0.375263515
348,348,1761892.46701894,5795139.606379472,0.381145443
349,349,1762474.148800887,5795117.886524686,-9999.0
350,350,1763352.00032178,5795100.600197318,-0.313454548
351,351,1761580.364323396,5795140.101490646,0.156409145
352,352,1761130.371381359,5795129.836522277,-0.435464796
353,353,1761234.431637984,5795184.338446907,0.140417578
354,354,1761347.788777297,5795130.222715374,-0.09568214
355,355,1763322.759365365,5795123.16430532,-0.468778659
356,356,1764243.319457532,5795062.511482198,1.340710498
357,357,1761699.81511871,5795117.443111325,0.383098591
358,358,1761825.333628586,5795107.55231702,0.39432967
359,359,1762265.010794964,5795108.628869917,-0.545754762
360,360,1762368.639227972,5795098.548659816,-0.633623609
361,361,1761404.873662749,5795103.46443113,-0.106015875
362,362,1761554.039568305,5795106.918780678,0.081158788
363,363,1761862.318880358,5795084.447734224,0.401402121
364,364,1762424.466217601,5795069.597282315,-0.648354843
365,365,1763300.299669522,5795052.148569313,-0.410537733
366,366,1764246.099559797,5795042.626130494,0.832639056
367,367,1762369.03552822,5795060.726275304,-0.440138895
368,368,1762399.748387716,5795066.530582025,-0.307659453
369,369,1763319.243651365,5795041.421347757,-0.349254546
370,370,1761494.569354423,5795081.553783515,0.085618897
371,371,1762343.068212853,5795063.557636652,-0.553607744
372,372,1761202.143918721,5795065.854707916,-0.492713041
373,373,1761563.141289282,5795055.749241574,-0.088759655
374,374,1764264.691095582,5794990.517680499,0.703318203
375,375,1762185.904633642,5795024.563879254,-0.488551416
376,376,1762174.141535065,5795013.942152646,-0.48607409
377,377,1763514.241263862,5795141.283976843,-0.164449096
378,378,1761641.741639112,5795005.334673699,0.257981308
379,379,1762106.607773479,5795000.842807976,-0.327688681
380,380,1763306.596970658,5794972.244999431,-0.505242705
381,381,1762055.202079699,5794986.79995469,-0.207722218
382,382,1762079.126910935,5794991.103944493,-0.26600417
383,383,1761651.924267009,5794969.075293476,0.290564815
384,384,1764260.197514915,5794917.651676665,0.694107259
385,385,1762318.392878212,5794995.021368315,-0.455283823
386,386,1759679.408924402,5794983.485985369,0.99173334
387,387,1761052.153520744,5794956.762609876,-9999.0
388,388,1762322.538594011,5794926.441224405,-0.708272723
389,389,1759655.404788485,5794963.94376182,0.973346145
390,390,1764017.109255277,5794880.184263004,0.187488049
391,391,1764077.795878981,5794865.766011292,0.388885967
392,392,1760801.753541026,5794928.088307012,-0.21706818
393,393,1761497.746913622,5794908.459615866,-0.328962269
394,394,1762273.279351066,5794904.033983852,-0.584895836
395,395,1761567.247845295,5794934.380184308,0.036405241
396,396,1764049.161738734,5794837.457189215,0.396338027
397,397,1760808.52924225,5794897.402577003,-0.22863921
398,398,1761492.837496537,5794880.7957166,-0.391829791
399,399,1763421.599811764,5794884.805217874,-0.400430297
400,400,1760821.57175579,5794871.553631064,-0.268618191
401,401,1762021.779362129,5794892.264792105,-0.177467469
402,402,1763847.048170643,5794856.10829208,-0.118321941
403,403,1761949.948276556,5794832.551825657,-0.172903471
404,404,1762178.435793145,5794791.449585655,-0.617514922
405,405,1763707.774019479,5794734.482410968,-0.188418178
406,406,1761731.0299072,5794768.951076018,-0.67116666
407,407,1761793.080523676,5794769.982417087,-0.331707207
408,408,1763830.453701447,5794722.428768056,0.13612963
409,409,1761049.648456469,5794757.889729654,-0.431742139
410,410,1761821.055453795,5794722.190876269,-0.496727268
411,411,1762127.426160533,5794741.317576127,-0.688937844
412,412,1759584.195959725,5794755.988557219,0.867762512
413,413,1761820.801503603,5794701.316753528,-0.791000009
414,414,1761844.485930243,5794701.574965604,-0.71466127
415,415,1762041.736271591,5794697.666978009,-0.46737499
416,416,1764065.841802638,5794660.475459235,0.748753165
417,417,1761859.871169279,5794681.326050612,-9999.0
418,418,1761883.526754382,5794680.130446644,-0.656980013
419,419,1761949.104945996,5794965.079413849,-0.01596552
420,420,1762071.092066468,5794690.556668182,-0.656228843
421,421,1762846.79063437,5794670.838398816,-0.601205971
422,422,1763010.369400398,5794736.653472543,-0.523232311
423,423,1763689.486214044,5794678.421723554,-0.002504893
424,424,1761164.390325282,5794689.850635364,-0.251231151
425,425,1762853.458793586,5794641.853698506,-0.534888907
426,426,1761061.544940006,5794687.776291029,-0.088939395
427,427,1761237.216904349,5794648.173543333,-0.095551844
428,428,1762944.121089823,5794607.79298501,-0.538655617
429,429,1761064.324144049,5794633.728590501,0.003569833
430,430,1761196.811764973,5794632.988622577,0.058895833
431,431,1763869.988237251,5794575.88282003,0.333431191
432,432,1759964.821693468,5794643.836033561,0.654502089
433,433,1763531.056185975,5794573.270020663,-0.014173585
434,434,1761144.00024116,5794615.27832109,0.154938272
435,435,1763314.211800551,5794563.231601776,-0.322773582
436,436,1763343.612632751,5794575.367053961,-0.267897527
437,437,1761283.151378633,5794606.236262959,0.04036211
438,438,1762891.381062658,5794622.386328434,-0.515297349
439,439,1761323.486030304,5794588.339674858,-0.053454078
440,440,1761376.205703686,5794570.497011754,-0.260038463
441,441,1761384.068240844,5794560.889045279,-0.233927269
442,442,1763256.480755568,5794526.138968991,-0.320631784
443,443,1760018.397134244,5794558.75866681,0.820941184
444,444,1760601.258858679,5794555.495351232,0.624550624
445,445,1761352.820500404,5794552.344078167,0.082030471
446,446,1760519.860479526,5794541.377312038,0.636324446
447,447,1761367.346172212,5794521.538533431,0.122848104
448,448,1761375.194317094,5794511.20372346,0.165296295
449,449,1762820.144603806,5794483.481596055,-9999.0
450,450,1763337.825328965,5794479.104841277,0.195592437
451,451,1763933.26604883,5794447.739754438,0.922603814
452,452,1763172.38749965,5794550.313253808,-0.544919707
453,453,1761156.458889013,5794451.220294634,0.232701419
454,454,1760111.025796613,5794446.117284854,0.628507053
455,455,1761399.601036801,5794461.894954259,0.168480709
456,456,1763090.084968819,5794402.346600232,-0.425564413
457,457,1761436.033646422,5794410.696671432,0.147055555
458,458,1761609.325942083,5794411.478925167,-0.710175918
459,459,1761443.895949336,5794401.088638645,0.095708334
460,460,1761469.501417281,5794407.153720095,0.0146
461,461,1761727.699545558,5794384.051283399,-9999.0
462,462,1762970.771049406,5794360.670237504,-0.506113224
463,463,1761490.981051495,5794379.279303965,0.061872728
464,464,1761704.550774564,5794376.95722874,-0.88481034
465,465,1761739.351217143,5794374.575712278,-0.980000019
466,466,1763071.484242451,5794354.597179343,-0.400085706
467,467,1761629.387380934,5794377.461533649,-0.613511184
468,468,1763348.418301912,5794337.900120293,0.381617926
469,469,1761766.570544075,5794354.09274533,-0.884285714
470,470,1759819.229032926,5794396.997145209,0.773999989
471,471,1761733.0327378,5794351.463774525,-0.6060466
472,472,1762898.96885263,5794322.212844611,-0.48173833
473,473,1763014.642116344,5794320.373904403,-0.374841624
474,474,1762993.451923949,5794309.097370464,-0.357364494
475,475,1761509.697385343,5794344.59163712,-0.001069497
476,476,1761671.401493509,5794331.045541776,-0.615847971
477,477,1761730.902849696,5794325.466540934,-0.712485724
478,478,1763343.555401692,5794283.046141265,0.393259261
479,479,1763852.406082037,5794273.262953326,0.829227012
480,480,1763875.839198186,5794272.454768172,0.853113331
481,481,1761602.559723618,5794326.161571842,-0.115293821
482,482,1761691.064039809,5794310.400675961,-0.542658765
483,483,1761557.2006102,5794314.575878507,0.031855819
484,484,1761583.770449943,5794298.08386652,0.048418181
485,485,1762915.561821046,5794293.360649491,-0.245445541
486,486,1761686.138242023,5794286.087186478,-0.366472723
487,487,1761789.1102081,5794312.337075787,-0.878700357
488,488,1762646.888851637,5794271.685099891,-0.161103572
489,489,1762814.352938484,5794263.689177563,-0.273350874
490,490,1761524.78704589,5794279.68212056,0.228603771
491,491,1761662.590705773,5794276.580877619,-0.185452823
492,492,1762860.751123081,5794258.909183961,-0.124886581
493,493,1762831.176622719,5794242.29291113,-0.078496897
494,494,1761362.07402775,5794262.575568214,0.404800006
495,495,1762570.621583614,5794237.507833576,0.022858896
496,496,1761782.346927005,5794244.08696797,-9999.0
497,497,1761700.536861757,5794215.997396615,-0.242745461
498,498,1762528.290538059,5794223.706502527,-0.051810458
499,499,1761676.146689094,5794246.049922994,-0.248250615
500,500,1761581.51807707,5794202.614146666,0.173605505
501,501,1761072.368877739,5794198.36819966,0.718166659
502,502,1761091.660236354,5794186.276628027,0.481539394
503,503,1761532.587930936,5794187.392396643,0.29477739
504,504,1762682.942604243,5794206.453714697,0.029779848
505,505,1761762.131178821,5794129.807554568,-0.381491668
506,506,1761737.394331483,5794105.366817122,-0.106692309
507,507,1762522.735023956,5794095.084123526,-0.428319247
508,508,1761785.287557484,5794089.46061348,-0.878674171
509,509,1761876.067413649,5794083.261176819,-9999.0
510,510,1762526.680297061,5794069.971321071,-0.55218867
511,511,1762493.258629061,5794052.183596871,-0.719397891
512,512,1761761.701714641,5794053.596714018,-0.411304635
513,513,1762513.524596798,5793990.832002307,-0.656775701
514,514,1763803.101887774,5793969.475639582,1.488980899
515,515,1761913.526554952,5794012.830407627,-0.87383697
516,516,1762512.929890223,5793960.927265176,-0.658289709
517,517,1762670.113434064,5793852.390615512,0.208239284
518,518,1763889.153337522,5793781.348997531,0.500507251
519,519,1761665.420831606,5793808.211200325,0.027186917
520,520,1762614.077758552,5793789.800715652,-0.077630517
521,521,1761718.811074754,5793917.119085658,-0.242915495
522,522,1763309.492081771,5793759.554448183,-0.186505725
523,523,1763885.568589823,5793738.470836207,0.511349065
524,524,1762622.576297685,5793748.953329157,0.056666666
525,525,1761708.248292867,5793767.928500964,-0.636062043
526,526,1762669.514118852,5793728.074655624,0.206611108
527,527,1763242.056781514,5793717.033293887,-0.410620355
528,528,1762943.297787901,5793717.416176158,0.769420194
529,529,1763344.301559012,5793696.123764551,-0.044999998
530,530,1762664.895777702,5793703.339962635,0.214047167
531,531,1762920.948667958,5793677.982634079,0.896947817
532,532,1762964.944108779,5793672.703509633,0.761192652
533,533,1762478.705469345,5793676.24480939,-0.790871547
534,534,1762549.987859903,5793670.620070448,-0.288890904
535,535,1762982.772535206,5793661.064243,0.872943401
536,536,1764017.112566097,5793619.513876454,0.673857158
537,537,1762820.492349014,5793641.602330513,0.634125719
538,538,1762553.125241359,5793872.228430127,-0.317715936
539,539,1762485.876170291,5793621.618736755,-0.670649102
540,540,1761444.060040833,5793636.919826085,0.449055039
541,541,1763155.6527764,5793568.798902969,-0.384000002
542,542,1762537.294795984,5793603.109521238,-0.33200734
543,543,1761613.794202238,5793703.584227707,-0.059658827
544,544,1761135.492464458,5793578.971082035,0.624054532
545,545,1761419.746728227,5793578.138744041,0.453911397
546,546,1762581.728843081,5793552.490626411,-0.058340707
547,547,1761078.015860287,5793577.520435087,0.696146674
548,548,1761664.479186031,5793553.476250151,-0.090415705
549,549,1761044.370896352,5793580.275546186,0.810919406
550,550,1761024.417123741,5793541.064659842,0.849558448
551,551,1761054.705082671,5793539.740567265,0.687386074
552,552,1762476.622092176,5793523.954648427,-0.677754985
553,553,1763154.57788101,5793499.014711951,-0.563396213
554,554,1764004.047843818,5793471.828321636,2.243833318
555,555,1761011.335133262,5793526.45833326,0.847330809
556,556,1761670.754889505,5793508.56493306,0.039777778
557,557,1761694.421454953,5793508.09661683,-0.611924557
558,558,1761102.27929976,5793514.028246172,0.477839622
559,559,1761312.197946672,5793506.056129431,0.409828568
560,560,1761110.563559338,5793499.270307438,0.474127274
561,561,1761498.486345366,5793503.799931362,0.363384951
562,562,1762526.358209196,5793526.460577335,-0.387577549
563,563,1762561.518487523,5793475.153747765,-0.234731486
564,564,1763137.223377289,5793472.175603474,-0.473114602
565,565,1760979.430941381,5793527.205439342,1.008419952
566,566,1761497.8346428,5793472.61546332,0.301253167
567,567,1761669.965934255,5793468.691974532,-0.132267857
568,568,1761355.639134913,5793465.452699267,0.364248404
569,569,1761449.200569441,5793463.08510262,0.317290912
570,570,1762549.292725871,5793446.363336071,-0.224572091
571,571,1763997.27120581,5793418.810136281,0.931542122
572,572,1761440.788169509,5793452.863692278,0.290433966
573,573,1761488.129144169,5793452.343656437,0.262759264
574,574,1762466.658896847,5793432.944713818,-0.788019223
575,575,1764008.759161873,5793401.927445483,1.473948392
576,576,1761255.795652288,5793447.336776344,0.52725471
577,577,1762986.522333966,5793416.825746457,0.399376141
578,578,1761156.40661143,5793438.949081735,0.508811325
579,579,1761468.595828561,5793433.161991035,0.253264148
580,580,1761676.292394025,5793445.797134693,-0.605530994
581,581,1763113.079537313,5793404.899263773,-0.447839589
582,582,1761387.056206499,5793439.881476461,0.301226257
583,583,1761428.955002301,5793423.973164521,0.276953265
584,584,1762965.533930283,5793393.284056153,0.594078939
585,585,1761315.211072575,5793416.390384634,0.385407644
586,586,1763104.538181541,5793380.346946695,-0.493907418
587,587,1761270.786194853,5793407.152433156,0.488800001
588,588,1762514.475601831,5793386.326804207,-0.327662206
589,589,1762954.452634685,5793373.369480518,0.627648143
590,590,1761518.220458907,5793396.123047547,0.147626168
591,591,1762446.116541333,5793394.619470892,-0.727287719
592,592,1762985.808843895,5793362.771806229,0.675709095
593,593,1762938.277517577,5793353.747619493,0.596333325
594,594,1761356.971800818,5793375.534443381,0.291240736
595,595,1763224.472865245,5793343.97435544,0.117882847
596,596,1760929.673022258,5793382.533161953,0.3250415
597,597,1761312.804399716,5793366.057920334,0.432036369
598,598,1760847.427764324,5793370.03955604,0.401632254
599,599,1764011.015287462,5793326.111937819,1.416612833
600,600,1760672.025604243,5793354.443375059,1.368199944
601,601,1763126.612305537,5793300.128351741,-0.718943397
602,602,1764030.116453644,5793286.80788094,1.36288125
603,603,1761324.432803638,5793326.316381436,0.328
604,604,1762496.042554996,5793314.192160812,-0.231851805
605,605,1760814.612099301,5793306.593660493,0.179925926
606,606,1760562.911146397,5793306.559267748,2.996666749
607,607,1760839.903859702,5793328.302996051,0.224877846
608,608,1761087.124567966,5793298.368600124,0.267178807
609,609,1761169.234595122,5793289.114361185,0.288433963
610,610,1760782.495803208,5793286.762190113,0.166166666
611,611,1763172.705962647,5793229.194463459,0.981299989
612,612,1761097.647290406,5793260.609899465,0.244129634
613,613,1760593.15427399,5793260.280379492,0.597731708
614,614,1760718.798625937,5793258.099206472,0.163890911
615,615,1762438.667167507,5793223.877441811,-0.506412506
616,616,1760514.317517235,5793247.554599355,0.743400007
617,617,1760758.045402456,5793247.354969723,0.154836361
618,618,1760864.977854573,5793257.216900532,0.166744775
619,619,1760991.708569138,5793279.178517802,0.237526296
620,620,1762651.107535383,5793199.914183667,0.199740739
621,621,1760489.597438511,5793232.480819889,0.721552636
622,622,1760575.934395742,5793235.199089215,0.484509255
623,623,1760677.506229367,5793282.714716967,0.296839834
624,624,1761569.893309483,5793215.602876812,-0.670614681
625,625,1761586.107016443,5793210.86746657,-0.935891918
626,626,1763160.445721764,5793200.075138633,-0.09854586
627,627,1764150.881864651,5793166.895902621,0.78403606
628,628,1761218.895443533,5793198.177751816,0.121481249
629,629,1760055.665476529,5793209.348564367,1.436122459
630,630,1760715.124713778,5793201.403297733,0.235163042
631,631,1761119.655283405,5793194.578115983,0.152972971
632,632,1761155.590488637,5793189.454599176,0.178744337
633,633,1761206.702633127,5793188.238479221,0.107927272
634,634,1764176.513696895,5793137.880574407,0.670814809
635,635,1760598.816267635,5793194.86101057,0.236449543
636,636,1761258.448887573,5793200.470944372,0.090344253
637,637,1763178.639342167,5793139.118009375,-0.302499994
638,638,1760496.351734199,5793182.695523508,0.388589287
639,639,1760548.209609465,5793182.053155653,0.37603809
640,640,1761037.297075659,5793172.427256986,0.24599065
641,641,1761103.766792095,5793170.740233831,0.124285713
642,642,1761135.122274526,5793175.419546376,0.142229358
643,643,1761182.905350168,5793173.957584742,0.0929875
644,644,1761238.57693949,5793172.339666781,0.093871559
645,645,1760427.439523492,5793191.579484028,0.98726208
646,646,1760448.980075579,5793173.446183876,0.374848096
647,647,1762665.495390326,5793129.822251406,0.165716985
648,648,1763210.148058318,5793123.690489543,-0.043517914
649,649,1760488.071596705,5793162.914037548,0.329865385
650,650,1760781.368121386,5793157.666579472,0.230113206
651,651,1761959.858240426,5793134.245927989,-9999.0
652,652,1762704.739470272,5793119.068562572,0.232363632
653,653,1760926.268880326,5793144.698709726,0.322111105
654,654,1762657.209936626,5793110.042794323,0.154811322
655,655,1760246.324229076,5793151.247031441,2.551573279
656,656,1760301.416065374,5793148.239779631,1.571471815
657,657,1760365.991355735,5793145.743704387,1.132844014
658,658,1760476.429858067,5793143.575123725,0.332710283
659,659,1760897.364489708,5793167.937479942,0.259534657
660,660,1761962.82458779,5793113.866236863,-9999.0
661,661,1762570.492324793,5793106.574996029,0.068862291
662,662,1760850.508305839,5793125.662182651,0.242842793
663,663,1761500.392219152,5793292.662734616,-0.171443522
664,664,1760234.43804784,5793127.796535267,1.179811288
665,665,1760334.046238536,5793126.426575915,1.016177563
666,666,1761201.732051652,5793132.097105822,-0.005132393
667,667,1761438.327569425,5793108.723813638,-0.801205414
668,668,1762619.640624162,5793098.180987595,0.109644513
669,669,1762661.973214835,5793088.390069142,0.138969444
670,670,1762972.15350469,5793073.849531325,-0.08894444
671,671,1760167.756609421,5793144.007116099,1.632175513
672,672,1760833.985029666,5793111.548731637,0.248122643
673,673,1761335.979973751,5793102.109976536,-0.421049123
674,674,1762683.947253626,5793074.711540204,0.143478674
675,675,1762703.465960275,5793073.439879618,0.144633027
676,676,1761914.703440981,5793074.931434768,-9999.0
677,677,1761969.492295646,5793083.576081819,-9999.0
678,678,1762818.440357377,5793062.176858284,0.183625001
679,679,1760367.795100501,5793108.598704128,0.751371429
680,680,1761262.107940474,5793082.683794886,-0.338937904
681,681,1761436.212078582,5793079.944208019,-0.465854542
682,682,1762738.569497379,5793049.056670503,0.128046296
683,683,1762802.110416009,5793047.115471144,0.142575002
684,684,1764218.70715646,5793028.797310378,0.758834381
685,685,1760233.793915037,5793092.335651203,0.394045452
686,686,1760352.393985813,5793085.386160313,0.561433964
687,687,1760644.27320612,5793080.067426851,0.236963638
688,688,1760683.715252473,5793079.291751233,0.260296293
689,689,1761879.393059595,5793056.063409491,-9999.0
690,690,1762997.498885172,5793046.413115352,-0.536945376
691,691,1760317.29128275,5793076.895068232,0.530962623
692,692,1760411.952038891,5793075.036914947,0.285233645
693,693,1760836.270074674,5793072.602181519,0.313909602
694,694,1760861.590820119,5793066.195695391,0.305619048
695,695,1761622.239460867,5793050.806180521,-9999.0
696,696,1762718.426240176,5793036.146697436,0.078050691
697,697,1760238.211811492,5793068.474467042,0.341773591
698,698,1760563.667454024,5793124.270717823,0.264506685
699,699,1760643.881178858,5793060.130967086,0.224892859
700,700,1760683.323128876,5793059.355290249,0.241277783
701,701,1762364.28272286,5793025.912193335,-0.890547163
702,702,1760482.562062649,5793052.446511386,0.199425929
703,703,1760805.317378504,5793052.072735371,0.321294389
704,704,1764248.567103473,5792977.909059435,0.761378378
705,705,1760222.044041894,5793048.847453007,0.378171429
706,706,1760509.386865523,5793042.830386581,0.164018516
707,707,1760748.257120681,5793043.922975658,0.276212681
708,708,1762370.624493016,5793005.841761215,-0.829129622
709,709,1762746.832685815,5793012.740278579,0.053083436
710,710,1760258.555983059,5793041.976651394,0.388937293
711,711,1761334.107707249,5793016.989426724,-0.580102795
712,712,1762031.441611574,5793128.043523391,-9999.0
713,713,1764271.179214584,5792956.307616713,0.748808512
714,714,1760726.507410614,5793018.993984768,0.283914291
715,715,1762827.639449332,5793003.838003698,0.094690259
716,716,1762865.433002257,5792979.284383177,-0.13548045
717,717,1764279.175414173,5792946.832994798,0.739050851
718,718,1760327.367517088,5793016.488393243,0.248851847
719,719,1760200.958648829,5793008.996185171,0.368818188
720,720,1760860.216855735,5792996.418059345,0.289914282
721,721,1761270.796252602,5792994.831150396,-0.305424655
722,722,1760807.967641817,5792977.125978595,0.237472724
723,723,1761608.156535635,5792951.830757096,-0.840838381
724,724,1763090.736917302,5792928.536994745,0.070010716
725,725,1764349.785246532,5792896.458810448,0.221531645
726,726,1760770.067487263,5792967.839496076,0.208994698
727,727,1762567.456952112,5792927.707008425,-0.492422019
728,728,1760910.74918612,5792954.093187235,0.38630481
729,729,1762480.251913895,5793080.752872053,-0.237317851
730,730,1762473.232066397,5792914.77905254,-0.455139236
731,731,1760744.076554239,5792938.495021762,0.173351851
732,732,1760886.187616482,5792925.725376628,0.320160717
733,733,1760906.17247896,5792925.708310811,0.339722223
734,734,1760964.751889716,5792924.177724031,0.335272729
735,735,1763014.617214555,5792874.072478595,0.685879999
736,736,1760688.676853943,5792928.231645616,0.139519202
737,737,1760862.387022285,5792915.991735419,0.34324593
738,738,1760443.3432635,5792894.546614107,-0.033944449
739,739,1760853.531020085,5792886.480061869,0.280444443
740,740,1760873.834187803,5792886.456802445,0.318380947
741,741,1763015.049969694,5792843.405678881,0.166607592
742,742,1760763.006646003,5792868.694400155,0.064588784
743,743,1760845.250248264,5792866.698910955,0.198054549
744,744,1760861.026666923,5792866.388262034,0.218145453
745,745,1760786.481592744,5792896.340843179,0.181841145
746,746,1760726.886108965,5792858.848769356,-0.041723463
747,747,1761247.605765907,5792853.572910899,-0.66732551
748,748,1760838.195744207,5792837.440882162,0.004164558
749,749,1760682.820988114,5792858.472926118,-0.17904083
750,750,1760678.576566406,5792809.938679761,-0.52647369
751,751,1760950.367888232,5792798.251764308,-0.190467742
752,752,1761768.212135014,5792779.188112372,-9999.0
753,753,1761901.206605837,5792776.033930444,0.136072727
754,754,1760904.502962028,5792778.138668895,-0.272280346
755,755,1761276.458659139,5792742.738585765,-9999.0
756,756,1761197.66255575,5792730.114785993,-9999.0
757,757,1762279.037537724,5792712.962549623,-0.967022208
758,758,1761229.434414695,5792738.610160454,-9999.0
759,759,1760905.214288779,5792705.964326404,-9999.0
760,760,1761028.061757199,5792703.920087882,-9999.0
761,761,1760995.983810828,5792698.982015016,-9999.0
762,762,1761146.185983838,5792691.618509988,-9999.0
763,763,1761172.929919268,5792694.92131092,-9999.0
764,764,1761706.237745642,5792680.550773056,-9999.0
765,765,1761932.316601125,5792760.072770908,0.080827675
766,766,1761125.011722803,5792665.950277923,-9999.0
767,767,1762683.166308274,5792601.319429221,0.310933338
768,768,1761184.058600422,5792609.834779923,-9999.0
769,769,1761731.444711195,5792579.745822609,-0.775773362
770,770,1761928.533058269,5792608.754938352,0.039754849
771,771,1761723.359389193,5792569.933747305,-0.795531653
772,772,1762993.144387545,5792541.276842232,0.351599997
773,773,1763014.451049261,5792550.204074595,0.511442059
774,774,1761754.8124901,5792564.324857639,-0.210856843
775,775,1762708.204990157,5792528.78178465,0.280466258
776,776,1761691.018290862,5792530.685370933,-0.694455684
777,777,1761217.391949182,5792530.282871,-9999.0
778,778,1762511.008188416,5792504.647708745,0.27072727
779,779,1761229.412855901,5792510.477888658,-9999.0
780,780,1761674.85410549,5792512.51283141,-0.688202187
781,781,1758976.806245276,5792544.075511461,-0.757737514
782,782,1761457.109277293,5792494.839450812,-9999.0
783,783,1761611.649014216,5792515.912462817,-9999.0
784,784,1761658.677496009,5792491.436874312,-0.740215202
785,785,1762499.164025866,5792475.343267551,0.237952382
786,786,1761240.268528349,5792489.942788989,-9999.0
787,787,1758961.934563514,5792523.911270701,-0.757875
788,788,1761351.850977562,5792491.33917963,-9999.0
789,789,1761646.451138903,5792471.734527465,-0.614243427
790,790,1762486.352954455,5792455.277154404,0.24568518
791,791,1758976.224338298,5792514.171015814,-0.953222271
792,792,1759004.737048031,5792520.539634387,-9999.0
793,793,1759425.621073378,5792494.712192954,-0.990333319
794,794,1761330.386812936,5792462.596722647,-9999.0
795,795,1762427.380164341,5792436.882235479,0.017813083
796,796,1758960.257081849,5792500.593420488,-0.788687493
797,797,1759386.001713946,5792486.240507194,-9999.0
798,798,1759449.104087832,5792485.008909409,-0.975052074
799,799,1759515.955691725,5792473.731585773,-0.806845531
800,800,1761615.028012489,5792444.3476574,-0.719598376
801,801,1762369.25282934,5792445.296497228,-0.117678641
802,802,1759346.173797182,5792467.073578441,-9999.0
803,803,1759539.424352841,5792463.301194402,-0.808622224
804,804,1761878.211795912,5792492.740936853,-0.552834051
805,805,1762466.90391592,5792600.765782764,-0.048436003
806,806,1759314.428261761,5792457.720816895,-9999.0
807,807,1759456.157465927,5792460.805543537,-0.877126525
808,808,1759566.836841335,5792452.793689899,-9999.0
809,809,1761684.909622259,5792437.759605311,0.139136237
810,810,1761632.802058273,5792406.614292995,0.230541286
811,811,1762543.994509649,5792402.050623773,0.294646993
812,812,1759274.600665674,5792438.553542507,-0.980821438
813,813,1759444.614601258,5792435.820756338,-0.923000002
814,814,1759523.492100724,5792434.280601096,-0.869849071
815,815,1759554.713100433,5792438.072490561,-0.870661349
816,816,1761209.510627041,5792402.969145877,-9999.0
817,817,1761348.994233932,5792399.427021788,-9999.0
818,818,1762461.103177033,5792376.001730287,0.166527276
819,819,1759293.698279117,5792427.624806415,-0.916302039
820,820,1759617.522940987,5792421.887239104,-9999.0
821,821,1760465.300579408,5792405.483417439,-9999.0
822,822,1761564.911964311,5792405.218028718,-0.859481792
823,823,1761601.278555574,5792382.151847998,0.033326923
824,824,1759236.171877334,5792422.826141831,-0.984799969
825,825,1759542.239555089,5792413.593831419,-0.983375005
826,826,1759571.284694117,5792426.397496354,-0.942504738
827,827,1761640.379408828,5792372.340860617,-0.001264152
828,828,1759210.91577417,5792409.879157143,-0.983714227
829,829,1761529.908771876,5792364.346445744,-0.955666617
830,830,1761613.161487373,5792367.373998613,-0.02393868
831,831,1761808.278116402,5792364.939212834,-0.16085501
832,832,1758430.328416563,5792413.942002382,-9999.0
833,833,1758598.869969902,5792436.885116829,0.182190307
834,834,1759187.058345627,5792400.37214015,-0.964459784
835,835,1759273.667987949,5792398.891449292,-0.763277775
836,836,1762522.932780506,5792329.117617409,0.240796297
837,837,1762581.340764888,5792329.552263333,0.706270442
838,838,1759149.14677918,5792385.630361867,-0.84396136
839,839,1759399.482258755,5792376.493017222,-0.979759998
840,840,1761813.651256846,5792333.799585653,-9999.0
841,841,1762324.893930542,5792335.377256818,-0.128338881
842,842,1759115.4864068,5792371.850764907,-0.787661065
843,843,1759204.744550143,5792374.518683387,-0.837349537
844,844,1761501.513237014,5792325.019362281,-0.842486488
845,845,1759099.516877938,5792362.189863782,-0.959999998
846,846,1760889.864805477,5792327.326527364,-9999.0
847,847,1761781.174353622,5792309.720274759,0.157392857
848,848,1762183.701249082,5792306.515501563,-0.271602561
849,849,1761489.287490447,5792305.3168014,-0.947166699
850,850,1761789.019672832,5792299.3849502,-0.783700049
851,851,1759047.858817061,5792343.251957936,-9999.0
852,852,1759432.850505573,5792340.030756392,-9999.0
853,853,1761407.561742892,5792300.232246752,-0.520326087
854,854,1762589.419023343,5792273.520612526,0.693848687
855,855,1759130.484909956,5792331.670565776,-0.662506669
856,856,1758278.665109677,5792337.678632035,-9999.0
857,857,1761469.636272831,5792292.256602478,-0.80638237
858,858,1758246.999541046,5792326.919918382,-9999.0
859,859,1759032.682050087,5792320.122963783,-0.685168197
860,860,1759088.625372432,5792329.210443854,-0.607884562
861,861,1759147.264152065,5792339.811923897,-0.6977924
862,862,1761698.075035029,5792343.221708172,0.097554134
863,863,1761764.260206521,5792275.479600191,0.113841164
864,864,1762647.732526628,5792242.092099363,2.028523079
865,865,1758235.053945381,5792318.881393454,-9999.0
866,866,1761449.438963261,5792256.243851933,-9999.0
867,867,1758214.815924875,5792309.466745438,-9999.0
868,868,1758952.237062568,5792295.253510333,-9999.0
869,869,1759078.865973697,5792293.372408915,-0.559846154
870,870,1759239.9793287,5792289.856234177,-9999.0
871,871,1761756.284374976,5792240.200325668,-0.725857147
872,872,1762295.677171777,5792349.291107125,-0.200896386
873,873,1758206.666345075,5792299.757600022,-9999.0
874,874,1758989.868541312,5792301.777451231,-0.587204932
875,875,1761369.038914207,5792268.771882267,-0.306966636
876,876,1761645.505158074,5792232.6291735,-0.030399998
877,877,1759034.513505595,5792273.915614863,-0.662636347
878,878,1759285.132669831,5792273.693122196,-9999.0
879,879,1761619.631050273,5792227.23508803,0.015607142
880,880,1761748.001913375,5792220.420021331,-9999.0
881,881,1762403.563974702,5792213.941983543,0.11439933
882,882,1758916.161003141,5792266.039568939,-9999.0
883,883,1758934.684954437,5792274.980076432,-0.62281691
884,884,1758959.969948462,5792265.771332417,-0.489064232
885,885,1758983.336660207,5792274.911962327,-0.519558709
886,886,1761421.120007511,5792259.3040715,-0.323514831
887,887,1758908.079487172,5792256.224822263,-9999.0
888,888,1758923.868749464,5792256.64472594,-0.620303033
889,889,1759239.454241873,5792254.756686009,-9999.0
890,890,1761376.85660093,5792198.053192823,-0.397462978
891,891,1761547.420169885,5792251.675444663,-0.05986595
892,892,1758163.014563075,5792268.678812143,-9999.0
893,893,1758890.166381711,5792240.27591686,-0.605012506
894,894,1758915.423984407,5792236.345690464,-0.590777802
895,895,1759274.455476865,5792228.793581657,-0.987499992
896,896,1761543.833275516,5792183.70229233,0.070995305
897,897,1761723.549526801,5792181.015580107,-0.910000026
898,898,1762379.485967729,5792168.727757521,0.003189874
899,899,1758126.632591967,5792241.475857757,-9999.0
900,900,1759286.113393276,5792219.671919284,-0.963815824
901,901,1758875.908761348,5792216.754991473,-0.459836348
902,902,1761699.058578707,5792179.506076361,-0.005358444
903,903,1758224.840552102,5792219.629999441,-9999.0
904,904,1758851.548140065,5792197.700366438,-0.436142852
905,905,1761683.322294914,5792141.923384373,-0.636627928
906,906,1758054.87327216,5792202.977130475,-9999.0
907,907,1758157.410542323,5792200.992130214,-9999.0
908,908,1758804.184460642,5792188.441720818,-9999.0
909,909,1758837.182007881,5792208.758728808,-0.561266006
910,910,1760472.274040725,5792177.162148958,-9999.0
911,911,1761435.007935172,5792142.660318133,-0.244393389
912,912,1761383.046983547,5792128.125851825,-0.375035713
913,913,1761529.386195638,5792158.685010237,-0.055438668
914,914,1761635.701159073,5792127.907749661,-0.163004236
915,915,1761661.744140599,5792133.802970318,-0.176132895
916,916,1758137.305917707,5792181.437834357,-9999.0
917,917,1758097.668750393,5792171.882423865,-9999.0
918,918,1759243.562648698,5792185.74568702,-0.987285725
919,919,1759260.920792715,5792149.839753444,-0.979750037
920,920,1761411.706275113,5792110.679544328,-0.371865591
921,921,1758192.131901617,5792160.431899962,-0.962000012
922,922,1758229.43923924,5792179.437321088,-9999.0
923,923,1760822.600049522,5792109.057111458,-0.80622079
924,924,1761642.996797137,5792097.846874385,-0.839447329
925,925,1758064.420095992,5792156.327196288,-9999.0
926,926,1758115.181076454,5792159.429052705,-0.007775509
927,927,1761359.722698507,5792091.854466014,-0.474372452
928,928,1761397.555548267,5792082.185405713,-0.407284404
929,929,1761624.204715816,5792081.200381155,-0.813849061
930,930,1759236.733281629,5792115.201590632,-9999.0
931,931,1761413.297868305,5792067.487367075,-0.395473364
932,932,1761519.346853243,5792072.634545356,-0.422010025
933,933,1761571.164068248,5792064.573483684,-0.421803579
934,934,1762395.986486801,5792048.59031384,0.079112149
935,935,1758033.64591393,5792133.760628279,0.016426749
936,936,1760908.421606035,5792067.685961476,-0.860127277
937,937,1761394.087808203,5792057.219685946,-0.71230842
938,938,1761596.705654419,5792065.921092362,-0.642855416
939,939,1762474.662855511,5792037.053256186,0.097066037
940,940,1757990.13433398,5792119.468303594,-0.652999997
941,941,1758005.812704832,5792114.179019118,-0.210986302
942,942,1761578.812165175,5792044.270099539,-9999.0
943,943,1762391.063717398,5792028.367223648,0.054709091
944,944,1760972.550538697,5792046.997335478,-0.760619406
945,945,1761562.840089346,5792034.613920655,-9999.0
946,946,1762351.682455103,5792023.956334149,0.037231423
947,947,1762434.829030136,5792017.901201143,0.086179246
948,948,1757942.327604495,5792095.46363443,-0.418105263
949,949,1759767.824168399,5792060.630267343,-9999.0
950,950,1760865.919719148,5792045.099161834,-0.621331386
951,951,1760942.253093263,5792043.387474901,-0.697305553
952,952,1762237.247027163,5792001.884253245,-0.181462971
953,953,1760899.721623766,5792018.516163209,-9999.0
954,954,1760915.496407275,5792018.205356027,-9999.0
955,955,1761471.970886954,5792007.078916944,-9999.0
956,956,1761521.86454088,5792013.795048968,-9999.0
957,957,1762219.223900581,5791978.233678347,-0.250824557
958,958,1762753.779286749,5791965.028208643,0.903263349
959,959,1762176.018681477,5792115.984170878,-0.186073163
960,960,1761443.304355667,5791966.964991823,-9999.0
961,961,1762748.210552558,5791926.313800823,0.829150471
962,962,1760168.853284926,5791967.337278427,-0.955181848
963,963,1761466.770516005,5791941.259045979,-9999.0
964,964,1760061.983732862,5791949.488448979,-0.767382151
965,965,1760088.657081823,5791945.70205284,-0.558064937
966,966,1760053.803386158,5791934.690675825,-0.863149999
967,967,1759459.890387852,5791923.072320042,-9999.0
968,968,1759589.506122765,5791918.262745849,-9999.0
969,969,1759645.811137421,5791921.65485029,-9999.0
970,970,1760038.651084985,5791914.807113677,-0.645524462
971,971,1760307.885416352,5791909.221344473,-0.418461543
972,972,1760352.933061956,5791898.906352208,-9999.0
973,973,1761062.753444659,5791875.173318169,-9999.0
974,974,1761012.903136951,5791865.976464386,-9999.0
975,975,1761054.506316669,5791865.15608781,-9999.0
976,976,1760395.725628647,5791868.149713327,-0.888999999
977,977,1760981.387096689,5791861.494867402,-9999.0
978,978,1759949.832817726,5791867.155181052,-9999.0
979,979,1759995.589429893,5791881.325341558,-0.751687501
980,980,1761000.937456052,5791839.048724554,-9999.0
981,981,1760404.949780592,5791854.794748338,0.193535708
982,982,1760430.630649996,5791837.548475698,-9999.0
983,983,1759916.34762458,5791835.39864153,-9999.0
984,984,1760446.2092539,5791827.26990695,-9999.0
985,985,1762149.690055349,5791793.830423272,-0.025574072
986,986,1759846.197291157,5791809.120600705,-9999.0
987,987,1761076.986050059,5792528.209434968,-0.324438217
988,988,1759802.427850262,5791790.033037205,-9999.0
989,989,1760476.778544991,5791776.808495947,-9999.0
990,990,1762024.725525723,5791752.239180307,-0.149941056
991,991,1762132.660654821,5791754.954991627,0.033337868
992,992,1762068.894274404,5791743.816230056,-0.015077289
993,993,1759016.726793473,5791765.689968532,-9999.0
994,994,1759660.107315645,5791753.512643927,-9999.0
995,995,1759733.138898026,5791759.673142087,-9999.0
996,996,1761934.560897191,5791688.405178289,-0.103924528
997,997,1758603.326226631,5791736.906014081,-9999.0
998,998,1759551.498296468,5791712.880124112,-0.866829464
999,999,1760542.055336741,5791685.776783256,-0.868727286
1000,1000,1758475.88311746,5791716.748586436,-9999.0
1001,1001,1758589.662583181,5791714.163126864,-9999.0
1002,1002,1758834.160433031,5791709.411074668,-9999.0
1003,1003,1759481.051176698,5791701.06872122,-0.753491148
1004,1004,1761725.332076401,5791649.507655137,-0.699547897
1005,1005,1761958.826417249,5791792.387129229,-0.3397884
1006,1006,1758682.098068701,5791689.060498408,-9999.0
1007,1007,1761801.232975906,5791660.968259319,-0.403757068
1008,1008,1761877.967888287,5791619.721953687,0.105745453
1009,1009,1761798.504973368,5791591.380303439,0.007660375
1010,1010,1759289.999147609,5791609.84877025,-9999.0
1011,1011,1759305.417714729,5791612.439162314,-9999.0
1012,1012,1760536.250100463,5791591.156045999,-0.847224478
1013,1013,1758679.008736885,5791613.08414896,-9999.0
1014,1014,1759268.52860688,5791601.446357647,-9999.0
1015,1015,1759250.057488436,5791591.648381281,-9999.0
1016,1016,1760512.098936144,5791566.701205982,-0.192274992
1017,1017,1761780.543688601,5791569.948161403,0.00698141
1018,1018,1762091.864521956,5791540.321739701,0.232507802
1019,1019,1762268.364323552,5791512.067998596,0.088566039
1020,1020,1759182.156090026,5791563.111572182,-9999.0
1021,1021,1762065.080505214,5791506.316273689,0.325870376
1022,1022,1759158.211233413,5792007.034159431,-0.780448164
1023,1023,1760751.96440082,5791527.07920908,-0.796342838
1024,1024,1759141.710415726,5791543.482991948,-9999.0
1025,1025,1760763.500381727,5791511.893917259,-0.713175664
1026,1026,1758053.927244598,5791560.116821115,-9999.0
1027,1027,1759114.946242357,5791534.213382984,-9999.0
1028,1028,1760774.707044798,5791501.116842623,-0.539065428
1029,1029,1762135.426220822,5791464.823192846,0.966657885
1030,1030,1758390.235313686,5791529.085761273,-9999.0
1031,1031,1760826.148954549,5791487.976247288,-0.726981512
1032,1032,1761098.110540399,5791475.73328986,-0.91643744
1033,1033,1759074.92937993,5791505.076777981,-9999.0
1034,1034,1760904.523746411,5791469.435421823,-0.850312481
1035,1035,1761587.320148974,5791456.328282881,-0.060764152
1036,1036,1760727.381264345,5791468.158928866,-0.280679065
1037,1037,1760920.10101631,5791459.156314383,-0.478854558
1038,1038,1761003.745535769,5791460.942859335,-0.691429888
1039,1039,1761164.593472261,5791454.33422334,-0.697415102
1040,1040,1760543.055550088,5791470.061429981,-0.77728541
1041,1041,1759062.122036665,5791485.887484648,-0.995999992
1042,1042,1760707.01684686,5791448.187041538,-0.304512504
1043,1043,1761176.612732921,5791434.529240133,-0.36211111
1044,1044,1759029.427707821,5791464.412895915,-9999.0
1045,1045,1759004.706552617,5791449.100705235,-0.898999989
1046,1046,1760504.643681151,5791434.029755548,-0.724382071
1047,1047,1761115.452925467,5791431.882373089,-0.208936805
1048,1048,1761400.327046883,5791389.429482652,0.324333342
1049,1049,1760345.917527496,5791402.501759328,0.373263156
1050,1050,1760524.639809078,5791401.914004359,-0.752282047
1051,1051,1761200.15813452,5791397.739516886,0.073469964
1052,1052,1761249.970866682,5791382.843561328,0.162648146
1053,1053,1761491.133063539,5791509.673288669,-0.25427513
1054,1054,1758962.766817936,5791417.512847602,-9999.0
1055,1055,1758975.319293425,5791422.56319698,-0.627892861
1056,1056,1760489.282768121,5791388.23519176,-0.689262633
1057,1057,1760839.661634348,5791380.96421629,0.257849056
1058,1058,1762322.531874405,5791351.411359033,0.620561659
1059,1059,1760359.598103664,5791382.08492831,-0.479254919
1060,1060,1760505.861463835,5791360.161416618,-0.841973553
1061,1061,1761550.199389445,5791382.874402493,0.252329778
1062,1062,1758933.866773744,5791393.567619218,-0.081865073
1063,1063,1760326.204101286,5791340.992231853,-0.306639995
1064,1064,1761511.888734059,5791323.157481882,0.428521977
1065,1065,1758901.267788042,5791365.526213053,-0.633481825
1066,1066,1760287.943793955,5791346.348243547,0.485873736
1067,1067,1761125.63903664,5791328.977840645,0.156795743
1068,1068,1761167.164770655,5791307.97339884,0.255212642
1069,1069,1761240.473843452,5791343.827849656,0.200113646
1070,1070,1758880.251809029,5791346.902367615,-0.574242249
1071,1071,1760467.407936767,5791308.096260032,-0.779113207
1072,1072,1761420.163878341,5791290.393428808,0.600452828
1073,1073,1758865.937447533,5791330.415180737,-0.557218759
1074,1074,1760953.88744586,5791379.165982435,0.196963787
1075,1075,1758857.469152419,5791321.918006613,-0.440400006
1076,1076,1761453.177495356,5791269.134145347,0.600019228
1077,1077,1758841.92151075,5791310.86625421,-0.571967749
1078,1078,1760454.726085225,5791278.052633418,-0.779111103
1079,1079,1761297.879995676,5791281.985828476,0.393990567
1080,1080,1761441.408425928,5791252.188248132,0.566537633
1081,1081,1761034.2751652,5791247.490499915,0.36805556
1082,1082,1758811.616389416,5791290.963945879,-0.701611976
1083,1083,1761176.038118988,5791234.721099741,0.379462962
1084,1084,1761341.657645316,5791231.44998233,0.553150939
1085,1085,1761436.297393778,5791229.579262705,0.779481457
1086,1086,1758794.188634643,5791271.278843392,-0.764285708
1087,1087,1760479.428811822,5791247.274274251,-0.697333324
1088,1088,1761184.038113398,5791224.17551564,0.389999999
1089,1089,1761381.212182333,5791220.696089987,0.76364286
1090,1090,1761593.833047901,5791216.490686484,0.396436366
1091,1091,1760911.632280752,5791200.42438014,0.285533335
1092,1092,1760945.933945774,5791208.528399728,0.286795538
1093,1093,1761593.241172686,5791186.585874774,0.404339288
1094,1094,1762000.043573055,5791168.063495728,0.485299996
1095,1095,1760876.608248819,5791197.009134305,0.262004993
1096,1096,1761020.793080466,5791173.069230495,0.271137443
1097,1097,1761047.800598524,5791151.709312733,0.252752294
1098,1098,1760330.210351511,5791151.653494596,-0.747854534
1099,1099,1760686.651438923,5791308.25123824,-0.079238604
1100,1100,1760683.165962178,5791143.182211257,-0.147928199
1101,1101,1762024.011846758,5791087.165142226,0.653080007
1102,1102,1760835.410446421,5791103.937268673,-0.068838487
1103,1103,1760344.722606454,5791105.714986406,-0.696945461
1104,1104,1760329.035827767,5791091.843979544,-0.436999991
1105,1105,1760480.390415426,5791103.376603357,-0.408717279
1106,1106,1758104.859626277,5791125.246937607,-9999.0
1107,1107,1758163.353398827,5791127.947121542,-9999.0
1108,1108,1760506.672130305,5791068.785980464,-0.37756481
1109,1109,1758104.473549723,5791105.310499204,-9999.0
1110,1110,1758143.867721187,5791094.367811518,-9999.0
1111,1111,1758096.201068141,5791085.526780498,-9999.0
1112,1112,1758601.086500484,5791075.526893197,-0.001506267
1113,1113,1758001.178404752,5791067.422392375,-0.944052655
1114,1114,1762018.115418854,5790998.848639147,0.582000017
1115,1115,1758135.498611632,5791069.600034549,-9999.0
1116,1116,1758010.780030293,5791050.998470228,-9999.0
1117,1117,1758562.675996967,5791037.914473319,-0.088300817
1118,1118,1760441.621455122,5790970.343547227,-0.935142855
1119,1119,1760585.805593326,5790967.83331576,-0.824302462
1120,1120,1760610.595866046,5790966.644493482,-0.618678574
1121,1121,1761965.127051893,5790935.481619132,0.784633338
1122,1122,1758512.593833788,5790987.497302171,-0.510866676
1123,1123,1757967.829535934,5790958.376267884,-0.918277793
1124,1124,1758028.494322399,5791004.409267155,-9999.0
1125,1125,1758492.139466155,5790966.523129999,-0.722655862
1126,1126,1761926.131707129,5790870.991770688,0.449657531
1127,1127,1757962.224744365,5790941.592124232,-0.918733775
1128,1128,1758089.453553703,5790992.222141098,-9999.0
1129,1129,1758038.063941502,5790926.893341278,-9999.0
1130,1130,1758455.985133759,5790924.173909579,-0.736623286
1131,1131,1758029.984733835,5790917.077781786,-9999.0
1132,1132,1758017.962430802,5790907.338536022,-9999.0
1133,1133,1758005.940156311,5790897.599279045,-9999.0
1134,1134,1757989.974806271,5790887.936305533,-9999.0
1135,1135,1761865.306327676,5790802.619178102,0.605215825
1136,1136,1760158.126550135,5790810.16250332,0.530957445
1137,1137,1758372.962439737,5790841.051775112,-0.913967992
1138,1138,1758262.861791368,5790759.022012526,-0.418907465
1139,1139,1760004.895066445,5790633.614766526,0.801804192
1140,1140,1761124.497634833,5790610.847613198,0.455575963
1141,1141,1758083.734133581,5790677.974453669,0.028842331
1142,1142,1757964.981665703,5790645.286744484,0.418662085
1143,1143,1758108.328022595,5790631.800389973,0.425289766
1144,1144,1757910.054160761,5790624.45419681,-9999.0
1145,1145,1757950.44645282,5790623.487256798,0.530131146
1146,1146,1757889.941384681,5790610.657792899,-9999.0
1147,1147,1761202.044302366,5790545.921185784,0.543724999
1148,1148,1762027.614329505,5790499.35528361,1.007538453
1149,1149,1757880.493707886,5790567.587737146,0.506741668
1150,1150,1762074.777143441,5790413.122193938,0.769763879
1151,1151,1761322.755257924,5790380.980012817,0.568402986
1152,1152,1761870.332793326,5790033.023563752,0.591040803
1153,1153,1761182.971109719,5789977.84038689,0.681215183
1154,1154,1757922.213789816,5791152.954665062,-0.790478865
1155,1155,1757837.141803777,5790584.905912007,-9999.0
1156,1156,1761407.392637782,5789956.109100148,0.672128005
1157,1157,1761345.951617033,5789910.631333981,0.744999992
