OID,FID_,X,Y,BCE_Queen_
0,0,1676269.358817598,5429849.58280844,0.505875795
1,1,1705041.067060948,5451834.757535264,0.452861357
2,2,1705088.434799502,5451684.939242284,1.351578542
3,3,1705094.940573665,5451638.859487725,-0.071628005
4,4,1705110.917520844,5451603.593394038,1.297825278
5,5,1705117.898475967,5451500.736939888,2.396248187
6,6,1705093.231179516,5451467.182287022,-0.56371424
7,7,1705094.485699917,5451416.055056134,-0.760666619
8,8,1705152.928815244,5451398.322386973,1.560852364
9,9,1705179.388489188,5451373.201417043,0.46198653
10,10,1705159.881609737,5451307.544347624,-0.221575736
11,11,1705165.235748334,5451292.574851181,-0.647599957
12,12,1705188.11105703,5451258.11725493,-0.734799945
13,13,1705195.218815086,5451247.744419272,-0.243608647
14,14,1705207.58861814,5451233.35599135,-0.374952335
15,15,1705209.660037862,5451177.346313614,-0.865999937
16,16,1698838.461843227,5450843.823857061,0.438017043
17,17,1698958.644338815,5450800.879778996,0.284379442
18,18,1699088.552823217,5450819.807787687,0.66726169
19,19,1698780.977506589,5450649.169006687,-9999.0
20,20,1698787.027421495,5450638.516360781,0.495133376
21,21,1698787.917860332,5450578.559392039,-9999.0
22,22,1698797.164047763,5450568.309419276,-9999.0
23,23,1698809.50333685,5450548.525013449,-9999.0
24,24,1698807.670905786,5450488.684059097,-0.12964701
25,25,1698815.281120579,5450479.187222378,-0.463599959
26,26,1703727.219450713,5450457.036129901,0.271329777
27,27,1698829.882346066,5450468.280367082,0.606069001
28,28,1703709.344184877,5450380.762448747,1.137246541
29,29,1703684.703091104,5450341.251830678,0.047240635
30,30,1698851.900728647,5450376.374484278,0.255647093
31,31,1699612.467633118,5450357.776723704,0.203660387
32,32,1699600.035712822,5450341.109510138,0.304972239
33,33,1698872.600314265,5450341.119043387,0.552094021
34,34,1699600.289736481,5450277.427587674,0.245129771
35,35,1699610.723561955,5450267.347260904,0.647057699
36,36,1698902.818140939,5450263.971548908,-9999.0
37,37,1698917.233102869,5450240.353916148,-0.538322537
38,38,1703607.911741586,5450182.283514931,0.035180485
39,39,1698932.561385876,5450228.248547442,-9999.0
40,40,1703633.549854578,5450148.92515444,-0.086667129
41,41,1703665.78428938,5450131.933160448,-0.11501334
42,42,1703677.103422456,5450098.060019835,0.86739167
43,43,1703687.569559419,5450071.778676303,0.058879997
44,44,1698904.599987253,5450119.187739324,1.276967014
45,45,1703698.680012971,5450013.260448677,-9999.0
46,46,1703713.285562125,5450002.130693654,-0.727666616
47,47,1703750.709416503,5449991.680855821,-0.069925911
48,48,1703773.090612352,5449991.708782331,-0.477359953
49,49,1703862.504552414,5449988.922176382,0.559258082
50,50,1703916.608060787,5449969.424718809,-9999.0
51,51,1698893.504736321,5450041.26826648,1.267712358
52,52,1698774.941173929,5449959.27556379,0.371417753
53,53,1698760.232773046,5449943.190808255,0.302237849
54,54,1698747.683090536,5449930.074035724,0.3947541
55,55,1698736.359560392,5449920.228331657,0.469982462
56,56,1703937.840552013,5449864.195624046,0.345279307
57,57,1703956.457268843,5449839.010758294,0.851030335
58,58,1698724.02004814,5449901.029654729,-0.665999964
59,59,1703979.35164371,5449829.256763693,1.103194227
60,60,1698702.410245893,5449880.022663358,-0.013481435
61,61,1703958.69748578,5449742.451051685,-0.734965464
62,62,1699718.050680518,5449789.354701068,-0.288299952
63,63,1699672.395327069,5449769.898199954,-0.00564441
64,64,1698639.424578213,5449758.501310029,-9999.0
65,65,1703964.287760411,5449702.082233145,0.606994151
66,66,1703995.915520207,5449649.015992573,-0.791999951
67,67,1699556.303921873,5449530.960304887,-0.380666617
68,68,1699518.193450874,5449523.207910004,-0.359090871
69,69,1699545.085250347,5449522.999724844,-0.378279954
70,70,1703905.11624365,5449415.745087587,-0.491569804
71,71,1698530.395845301,5449453.083386072,-0.17397219
72,72,1703928.759631997,5449370.459336899,0.995825857
73,73,1703930.886040849,5449309.947587041,-0.796799958
74,74,1698458.876695364,5449256.193486636,-9999.0
75,75,1703834.709306358,5449154.807463961,-0.203183891
76,76,1703823.398472493,5449142.04707107,1.531685727
77,77,1703859.90059141,5449092.626751444,-0.295034701
78,78,1703888.519702546,5449061.899342342,-0.766181767
79,79,1703896.357681222,5449053.311713632,-0.951999962
80,80,1704008.71223979,5449039.901354415,0.403269267
81,81,1704139.844871941,5449051.945383324,0.121067777
82,82,1704276.758991431,5449038.390236082,1.876137933
83,83,1704326.310602014,5449036.818907831,-0.145403845
84,84,1704072.91163089,5449030.946449039,0.490879125
85,85,1704426.139331506,5449027.761607297,1.198547292
86,86,1704491.577172456,5449014.142977089,-9999.0
87,87,1698413.089302172,5449087.294832006,-9999.0
88,88,1704657.173811981,5449000.895825626,1.726420701
89,89,1704718.737718206,5448990.520142157,-0.179999976
90,90,1704521.720429007,5448984.416166216,-9999.0
91,91,1704599.144226002,5448982.342362382,-0.150991444
92,92,1698418.803372427,5449062.638608184,-0.322542813
93,93,1698425.822865458,5449047.284238372,-0.313999955
94,94,1699413.468427763,5449024.497836495,-0.051085684
95,95,1698425.070053621,5448982.118645775,-0.700749941
96,96,1704783.00758145,5448935.56456646,0.744798766
97,97,1704837.538223739,5448855.813862995,0.463117955
98,98,1704856.087093572,5448825.529956853,0.281720004
99,99,1704888.865953551,5448783.294853403,0.680971842
100,100,1696180.778083603,5448597.942997752,-0.056977789
101,101,1696237.88918817,5448583.265275114,0.391495857
102,102,1704740.140663456,5448381.702502624,-0.823684159
103,103,1704751.433710198,5448367.094688174,-0.102697629
104,104,1696208.447882928,5448449.936861588,-0.864999955
105,105,1696229.943931011,5448428.365616639,-0.552735293
106,106,1696237.582942596,5448409.810125545,-0.281883836
107,107,1698138.02026489,5448372.534139668,-0.670499953
108,108,1696251.671897574,5448358.145821485,-0.296688362
109,109,1698099.394683573,5448293.185838403,-0.893999934
110,110,1696273.554620621,5448308.001662229,-9999.0
111,111,1696281.213838683,5448299.018752799,-9999.0
112,112,1698091.267231538,5448273.519881148,-0.47894114
113,113,1696296.464514564,5448289.687592377,-9999.0
114,114,1698084.291588935,5448263.098284787,-0.700999945
115,115,1696311.910959139,5448268.633322114,-9999.0
116,116,1696318.75843926,5448258.175044638,-9999.0
117,117,1697988.947102831,5448233.689296808,4.460595205
118,118,1696332.973030815,5448237.401902379,-9999.0
119,119,1696694.444140224,5448231.950360878,3.333661542
120,120,1696340.308443324,5448227.236799906,-9999.0
121,121,1697954.718640536,5448177.586875708,1.77730112
122,122,1704699.50789573,5448169.226322626,0.320351452
123,123,1704703.872496195,5448052.601664441,-0.723459415
124,124,1704727.000332277,5448021.899162493,0.245083362
125,125,1704755.624235435,5447981.992680654,-9999.0
126,126,1704763.246007527,5447972.236645364,-0.585999966
127,127,1696383.853401155,5448097.000760064,-0.2943196
128,128,1704778.135660716,5447948.18468382,-0.655714244
129,129,1704785.305252509,5447927.275859344,0.674590942
130,130,1704795.964626616,5447906.512945745,0.79259654
131,131,1697905.989147028,5447961.287204525,-0.310603407
132,132,1704804.09130296,5447867.257801736,0.510989621
133,133,1696397.773328778,5447958.114585064,-9999.0
134,134,1697898.201655403,5447941.730640159,0.247164205
135,135,1697883.488108155,5447915.641704314,1.501513548
136,136,1696427.141843655,5447898.750893289,-9999.0
137,137,1704769.962307749,5447782.098177783,-0.824761853
138,138,1697821.473188803,5447858.462943165,0.151250038
139,139,1704782.93512022,5447754.604777948,0.991828032
140,140,1697814.64139914,5447812.989438802,-0.663371383
141,141,1697813.099830248,5447788.687385288,-9999.0
142,142,1697790.794587398,5447757.910204998,-0.416699951
143,143,1702148.986381082,5447705.286857354,-0.610619004
144,144,1704816.429137522,5447644.167028859,0.83891859
145,145,1697729.811029891,5447698.239659894,0.927200028
146,146,1696468.457070639,5447765.905567002,-0.541178255
147,147,1696454.450900039,5447686.644489431,-0.731599955
148,148,1696446.503398493,5447641.514658791,-0.908666611
149,149,1696438.060811545,5447607.210599324,-9999.0
150,150,1704753.920045234,5447449.890068048,-0.741636322
151,151,1696392.022921171,5447547.866882484,-0.605636316
152,152,1701510.011523611,5447435.077246179,-0.221578434
153,153,1696373.980216035,5447499.661182847,-0.070909813
154,154,1701497.178161593,5447418.879804576,0.644807014
155,155,1696375.462360094,5447439.153430601,-9999.0
156,156,1696390.678919329,5447409.507580825,-0.561085688
157,157,1696397.605565628,5447399.012917788,-0.565111064
158,158,1703101.704587355,5447323.517960189,3.639231477
159,159,1701422.867465253,5447339.876258329,-0.003683124
160,160,1701427.262331886,5447291.174129849,-0.849199939
161,161,1701439.968560747,5447267.898965681,-0.829999924
162,162,1696412.325467508,5447351.664908291,-0.545139616
163,163,1701449.216799109,5447250.973443115,-0.113592551
164,164,1701456.724389227,5447241.042333586,-0.688249946
165,165,1704658.700947562,5447231.016550214,-0.26594525
166,166,1701464.242039219,5447231.129358777,-9999.0
167,167,1704683.90518013,5447185.153906609,-0.607108085
168,168,1704699.075520621,5447176.510046183,0.035519256
169,169,1704714.211690982,5447165.59103535,0.151052642
170,170,1701478.588075065,5447186.150461839,-0.853999972
171,171,1696422.474634049,5447258.947317006,-0.447853735
172,172,1701493.55046955,5447170.28127552,-0.055333294
173,173,1696433.739772595,5447220.109718996,-0.529538431
174,174,1701514.805356795,5447146.048214354,0.266754327
175,175,1696463.474777281,5447179.952577744,-9999.0
176,176,1696477.403698979,5447154.239132408,-0.683285679
177,177,1704696.893013538,5447035.360677143,-0.842999965
178,178,1701545.13949874,5447075.866681403,-0.517916628
179,179,1704704.15689357,5447025.117309385,0.206698448
180,180,1701556.789009854,5447060.052904027,-0.798249952
181,181,1696483.540970201,5447118.229607739,-0.412923026
182,182,1701566.799937406,5447049.44066688,-0.529999954
183,183,1701574.335648663,5447039.545531291,-0.644399959
184,184,1696478.090896764,5447083.383085539,-9999.0
185,185,1704703.814052706,5446954.929245626,0.051161318
186,186,1701590.786823197,5447000.680582664,-0.274394701
187,187,1701608.920612591,5446976.234773673,0.518678608
188,188,1696490.52950293,5447035.381638205,-0.139754698
189,189,1701648.190981346,5446938.545180927,-9999.0
190,190,1696499.111422468,5446988.226476712,0.21029998
191,191,1701636.628318425,5446930.327973286,0.484802683
192,192,1696487.383243147,5446901.618355899,-0.420856183
193,193,1704474.110972782,5446728.512008746,-0.018785672
194,194,1704466.489153791,5446718.603741724,0.727242451
195,195,1696480.143425546,5446819.052632375,-9999.0
196,196,1696480.919474565,5446788.72610449,-0.341399977
197,197,1704355.92018883,5446640.695984417,1.804587896
198,198,1696456.404737785,5446729.505454603,-9999.0
199,199,1696434.059862716,5446708.960980728,3.918130403
200,200,1696418.267418925,5446689.979046913,1.824529415
201,201,1701538.622729447,5446611.119279834,-9999.0
202,202,1701547.870848091,5446594.164041075,-9999.0
203,203,1701568.097337609,5446575.998551903,0.966493338
204,204,1696379.870086616,5446617.958158426,-0.361705227
205,205,1701591.981927359,5446550.146499414,0.721732761
206,206,1700329.480257163,5446510.191980435,-0.725999951
207,207,1696379.641943385,5446550.728294131,0.762500046
208,208,1696363.037243469,5446511.296599614,-0.059657096
209,209,1696347.945361557,5446491.232037627,0.678415132
210,210,1701619.136387475,5446406.1723258,0.894851496
211,211,1701661.628150281,5446375.960122745,0.516841209
212,212,1696320.381210885,5446444.147751536,-0.005276768
213,213,1701675.864329075,5446357.815185409,-0.04301386
214,214,1696686.073067685,5446409.436543137,-0.594608649
215,215,1696482.519684196,5446402.148018049,-9999.0
216,216,1701701.005602382,5446320.406850048,-0.727333287
217,217,1696539.097253271,5446380.9260902,-0.575999954
218,218,1701720.149589455,5446296.44797137,-9999.0
219,219,1696761.517087401,5446347.448867626,-9999.0
220,220,1701730.293765268,5446280.685485136,-9999.0
221,221,1701779.35069975,5446270.111733802,2.585833345
222,222,1701791.031817348,5446259.534773498,0.244739108
223,223,1696774.895874606,5446306.702449248,-9999.0
224,224,1701817.991842831,5446236.923272147,0.902689435
225,225,1696776.100377076,5446282.104175368,-0.70567738
226,226,1701842.259400835,5446204.307313991,-9999.0
227,227,1701894.02061568,5446177.077119966,0.990777098
228,228,1701863.186188447,5446177.0662125,0.578003558
229,229,1696781.904920097,5446247.330733272,-9999.0
230,230,1701977.257065407,5446157.237407635,1.3845096
231,231,1696789.040180685,5446207.467085475,-9999.0
232,232,1702062.821537523,5446131.500572246,1.304426268
233,233,1702091.794559326,5446112.411051382,0.088978759
234,234,1697233.753014851,5446162.6638587,-0.543166655
235,235,1696795.746970624,5446161.579154118,-0.430275815
236,236,1699984.887691543,5446114.477880033,-0.467380948
237,237,1702134.545102843,5446091.725201179,-0.207314542
238,238,1696796.347111586,5446128.29715162,-0.637930227
239,239,1702248.470250471,5446056.472766703,0.795625019
240,240,1697375.854278466,5446099.792233015,-9999.0
241,241,1702323.316372421,5446028.503497886,-0.369479409
242,242,1702336.842460404,5446011.56145724,0.13935717
243,243,1702348.40810922,5446001.484700507,0.336066141
244,244,1702389.297806213,5446000.593589052,-9999.0
245,245,1696922.925993449,5446073.376824183,-0.283925678
246,246,1702370.360742744,5445990.901414922,0.357877028
247,247,1697469.18688487,5446047.903007324,-9999.0
248,248,1702411.920086608,5445980.761697211,-9999.0
249,249,1702424.970011449,5445974.313278458,-0.770399952
250,250,1697593.357099382,5446026.333207365,-0.641230725
251,251,1702509.098799929,5445939.068600965,-9999.0
252,252,1702474.358990242,5445942.832272083,1.056994985
253,253,1697623.077687371,5445966.75465588,-0.446999951
254,254,1702521.96920724,5445892.406049296,1.982589781
255,255,1702531.257951603,5445859.508483546,-9999.0
256,256,1702528.379892439,5445776.052963675,0.349883125
257,257,1697620.00020832,5445751.021812257,-9999.0
258,258,1697634.537232522,5445706.831539053,-0.633199954
259,259,1697650.413493886,5445667.445559124,-0.693285682
260,260,1701197.710485974,5445626.962879892,1.376020493
261,261,1701207.260662889,5445583.703359321,-0.286790658
262,262,1701218.421253032,5445558.246445623,1.463790935
263,263,1697767.752526111,5445535.235227753,-0.584368397
264,264,1697760.618748933,5445526.878521807,0.016420002
265,265,1697878.726026122,5445530.996677526,-0.244064856
266,266,1697798.050955954,5445516.919388619,-0.385125909
267,267,1702299.035793862,5445441.540792427,-0.436983009
268,268,1697887.348753913,5445429.674399753,-0.513807689
269,269,1702297.944165651,5445350.467725744,-0.674395308
270,270,1702305.311745946,5445334.326257414,-9999.0
271,271,1702312.384566539,5445323.930517828,-0.684857096
272,272,1702319.545620695,5445313.587642558,-0.675333281
273,273,1700141.627193464,5445332.320633519,-0.596299949
274,274,1702326.793451105,5445303.327486054,-9999.0
275,275,1702335.166249362,5445284.291118747,-0.580666631
276,276,1697900.532735822,5445381.551454661,0.220125019
277,277,1702341.759499012,5445273.498601303,-0.612368408
278,278,1702349.526044442,5445253.750895874,-0.522048735
279,279,1697893.041063911,5445283.70943693,0.062524597
280,280,1702355.924164833,5445233.037311897,-0.469398326
281,281,1697885.113681932,5445254.746916048,0.150856682
282,282,1697891.952364617,5445214.516743439,0.012962452
283,283,1702376.68799763,5445157.242429684,0.991665733
284,284,1700044.122499447,5445185.890476596,1.607987595
285,285,1702427.175527697,5445122.964370167,-0.623659547
286,286,1702448.379643707,5445102.095619546,-9999.0
287,287,1697868.941422975,5445159.886266283,-0.843999952
288,288,1702457.560567225,5445079.292151908,-0.383068444
289,289,1702466.825681275,5445057.646406929,-0.299419309
290,290,1699924.394034706,5445015.878515404,0.907530223
291,291,1699908.1385108,5444990.283727556,1.241324153
292,292,1702490.149383723,5445004.644409602,0.112608733
293,293,1697776.638965239,5445009.815888857,-9999.0
294,294,1699894.076234495,5444967.844380687,1.988971426
295,295,1699878.726617052,5444948.104688623,0.999955882
296,296,1697737.354218634,5444915.219257023,-0.246999951
297,297,1697795.765150522,5444778.405124564,-0.571899965
298,298,1697816.719425684,5444771.638974902,0.165708995
299,299,1697842.806307031,5444754.186881545,-0.487656204
300,300,1697863.020218654,5444736.635972481,-0.03255809
301,301,1697295.864687989,5444025.48218367,-9999.0
302,302,1697318.292590192,5443976.950566255,-9999.0
303,303,1698002.242595566,5443958.157305047,0.712923086
304,304,1697339.854049859,5443960.653154767,-0.65716661
305,305,1697983.376688919,5443946.819545275,0.949333374
306,306,1697354.727325125,5443945.435335305,-9999.0
307,307,1697968.217884592,5443937.116867266,1.949601969
308,308,1697369.718295593,5443935.411173289,-9999.0
309,309,1697768.760027827,5443919.423954958,1.023002377
310,310,1698198.963690631,5443915.708459807,-0.770999953
311,311,1697643.176938069,5443861.300970343,0.005163551
312,312,1698325.97642018,5443852.399206771,-0.409276551
313,313,1697515.489002508,5443843.211495141,-0.473318649
314,314,1698341.009010359,5443828.378925189,0.35048489
315,315,1698641.979837491,5443768.848424971,-0.602133292
316,316,1698649.091682439,5443758.481483886,-0.537416618
317,317,1698656.274759957,5443748.160667544,-0.314173872
318,318,1698663.528022987,5443737.906903384,-0.899999976
319,319,1700607.921012084,5443435.752820089,1.047745465
320,320,1700744.114654041,5443449.539498039,1.252478751
321,321,1700558.754546058,5443424.862913476,4.313666701
322,322,1700516.702871144,5443413.922182853,0.027386174
323,323,1700436.77075736,5443391.482847098,0.560002901
324,324,1700368.485855325,5443374.442261291,-0.347662892
325,325,1698965.640728581,5443377.264530997,0.034258475
326,326,1700327.461004292,5443356.260450211,0.223877637
327,327,1698945.344225614,5443364.084234688,0.132700029
328,328,1700301.577514875,5443346.466465932,2.657161995
329,329,1698930.454770078,5443353.063526927,1.549111147
330,330,1700266.173864756,5443338.430990371,2.648945934
331,331,1698904.79469348,5443327.384266254,1.712976589
332,332,1700157.393574543,5443309.525236168,-0.683799952
333,333,1698891.789767689,5443315.312089955,1.151195159
334,334,1698884.962147926,5443305.696935967,0.630350044
335,335,1700122.399176096,5443290.212983766,-0.347131537
336,336,1700066.024674886,5443270.08162256,0.779148021
337,337,1700312.81387884,5443007.879630024,-9999.0
338,338,1700297.341758352,5442926.864509441,-0.290666626
339,339,1700242.07509295,5442811.839703445,-0.59090907
340,340,1699473.868736241,5442297.85704283,-0.317833299
341,341,1699531.955187258,5442171.088490137,-9999.0
342,342,1699636.828502909,5442119.462354828,-9999.0
343,343,1699651.850390072,5442109.914003734,-9999.0
344,344,1699703.327696824,5442043.006128032,-0.50434778
345,345,1699616.475061142,5441889.494530021,0.841047932
346,346,1699603.265615627,5441848.314989001,0.989050003
347,347,1699583.790345155,5441765.452965631,1.158083788
348,348,1699376.032678236,5441536.31487704,0.117386203
349,349,1699379.522873208,5441489.742430435,-0.257857099
350,350,1699392.049918754,5441463.636950743,-0.35179426
351,351,1699401.338794064,5441434.022791497,-0.581199947
352,352,1696691.129510425,5441359.700724671,0.248428571
353,353,1699415.062012776,5441327.57933887,-0.82249999
354,354,1696672.193733071,5441349.432309114,-0.131000003
355,355,1696657.057482041,5441339.225792367,-0.016604652
356,356,1699399.659801248,5441303.673994433,-0.245555517
357,357,1699392.916708373,5441293.444349379,0.253488406
358,358,1696646.683109949,5441323.86972579,0.337555553
359,359,1697236.671966291,5441328.175744629,0.687282229
360,360,1696627.200628919,5441309.596630603,-0.146523806
361,361,1697213.880656663,5441267.217942696,-0.732666632
362,362,1696615.777985724,5441267.753547048,-0.029722214
363,363,1699346.503984463,5441156.498599992,-0.392999955
364,364,1699357.542933677,5441142.699911381,-0.465434174
365,365,1697201.850203226,5441182.817377974,-0.313053108
366,366,1696601.608656248,5441172.508235574,-0.674999979
367,367,1699367.629377158,5441126.224166384,-0.878999949
368,368,1699383.49005317,5441105.748336419,-9999.0
369,369,1697201.205419672,5441123.704503234,-9999.0
370,370,1696615.682242671,5441102.095352905,-9999.0
371,371,1697226.645566364,5441054.345098833,-9999.0
372,372,1699426.533461524,5441057.057349282,-9999.0
373,373,1696623.182673669,5441042.431866055,-0.677333295
374,374,1697240.897615497,5441034.813199738,-9999.0
375,375,1696637.554989021,5441022.457752036,-0.628571383
376,376,1697247.780805842,5440993.530043277,-0.399346155
377,377,1696664.454989965,5440978.904105674,-0.661428522
378,378,1696674.420041739,5440952.339201391,-9999.0
379,379,1696711.282325137,5440911.534769641,-9999.0
380,380,1696771.077386024,5440851.585686129,-0.405199952
381,381,1696793.128981472,5440830.685132836,-9999.0
382,382,1700507.883648358,5440761.794811029,-0.449764711
383,383,1696904.82018554,5440724.895374813,-0.670799966
384,384,1696912.290381016,5440705.597564615,-0.593032211
385,385,1700514.552632526,5440651.094261776,-0.673333287
386,386,1696924.11540286,5440689.574671434,-0.739263111
387,387,1700543.336000318,5440621.530822269,-9999.0
388,388,1700610.829172705,5440600.81830293,0.385311097
389,389,1698815.900979769,5440589.01124764,0.076933387
390,390,1698775.91591705,5440524.028892418,0.6941429
391,391,1700715.07361497,5440494.622207646,-0.413285669
392,392,1698755.63027376,5440504.56373026,2.497137964
393,393,1700737.055317315,5440454.65125934,-0.257275348
394,394,1705651.528367376,5440386.329702957,0.874271915
395,395,1700744.585415963,5440438.39332376,-0.175278659
396,396,1705668.801144729,5440368.925472192,0.223535093
397,397,1706345.474640068,5440359.545335427,-0.283099979
398,398,1705679.088954654,5440359.535651156,-0.007117634
399,399,1698277.368286734,5440479.585950905,0.44917049
400,400,1700751.974438233,5440418.343099479,-0.363156836
401,401,1696419.916057625,5440466.720543195,-0.583692268
402,402,1705731.284446974,5440337.547700377,-0.216445916
403,403,1696433.861178049,5440456.242443889,-0.566121917
404,404,1698635.349133679,5440425.096668175,-9999.0
405,405,1700759.323178217,5440398.313983609,-0.131254874
406,406,1706265.843653511,5440321.891390199,-0.649749965
407,407,1696441.616098458,5440446.76568892,-0.331046852
408,408,1698310.272422562,5440428.003231741,-0.699249942
409,409,1706134.302660055,5440311.803281327,-0.638936126
410,410,1706223.626381703,5440310.466009323,0.025143873
411,411,1700773.506925781,5440378.006409079,-0.251103409
412,412,1698317.052140311,5440406.157299972,-9999.0
413,413,1706176.828545353,5440304.322536313,0.678681981
414,414,1705754.613181914,5440311.74723496,1.134566325
415,415,1696449.555017215,5440437.633070935,0.137425001
416,416,1705776.159333666,5440278.10996471,-0.1245714
417,417,1700811.117066094,5440338.762087625,-9999.0
418,418,1700837.162173438,5440317.261981403,-0.52784206
419,419,1700847.641582942,5440306.795751397,-0.559999958
420,420,1705805.729727086,5440237.506971352,-0.493116233
421,421,1698301.642550163,5440330.986326031,-9999.0
422,422,1705824.101635294,5440226.525493018,-0.387858452
423,423,1700867.136108783,5440287.042751192,-9999.0
424,424,1705942.836582468,5440215.595942306,-0.400284064
425,425,1705857.077149326,5440211.885583201,-0.175856378
426,426,1696459.298160908,5440313.252728391,-0.668166632
427,427,1697788.016461766,5440275.965929041,-0.327117601
428,428,1698285.546884942,5440261.829640397,-9999.0
429,429,1696486.187783732,5440280.581908235,-0.398564494
430,430,1698299.744660383,5440241.780782396,0.152800049
431,431,1696582.280690602,5440246.615054931,-0.701904721
432,432,1698317.295585453,5440208.842539135,1.510691806
433,433,1698308.069641658,5440190.630682467,3.657235293
434,434,1698291.56438183,5440171.029526357,5.102199936
435,435,1698261.569825514,5440151.197634377,-9999.0
436,436,1698253.351433052,5440103.097208046,-9999.0
437,437,1698260.053805117,5440092.693291645,-9999.0
438,438,1696633.554568036,5440028.564352415,-9999.0
439,439,1696665.860614548,5439999.451310747,-0.195870928
440,440,1705425.902582493,5439856.73049219,0.40882847
441,441,1696704.748868839,5439957.082833615,1.531385749
442,442,1696721.531454665,5439934.700847561,-0.634499952
443,443,1696728.932919525,5439924.628594791,-0.609486441
444,444,1696738.64974583,5439907.736077985,-0.389999956
445,445,1696746.051199228,5439897.663858207,-9999.0
446,446,1705203.045750185,5439777.318618358,-0.450456491
447,447,1705297.840318029,5439778.515583674,0.274644867
448,448,1696765.879303523,5439874.701866366,-9999.0
449,449,1696803.878633545,5439833.560649776,-0.675999969
450,450,1699693.442221182,5439615.938674101,-0.607428522
451,451,1699700.230775976,5439584.830567529,-0.646999955
452,452,1699715.043657059,5439560.819666385,-0.385039958
453,453,1699729.537570588,5439534.400173373,-0.610799956
454,454,1696708.523878243,5439515.091153794,-0.361742811
455,455,1704910.717135652,5439384.858664509,-0.555575723
456,456,1696699.625916857,5439475.192749293,0.119966716
457,457,1696539.362177444,5439307.958939809,-9999.0
458,458,1696559.415967649,5439285.63739969,-9999.0
459,459,1696576.83330981,5439268.489741425,-0.815999925
460,460,1694503.839300146,5439254.018731209,0.311967743
461,461,1696606.696143535,5439228.861121361,-9999.0
462,462,1696635.952639843,5439206.970672436,-0.597809478
463,463,1694328.861077542,5439229.602950245,-0.528954498
464,464,1696651.015276332,5439197.900439401,-0.564999955
465,465,1696675.819480127,5439187.521250026,-0.681999958
466,466,1694315.521129562,5439206.901953202,3.536129612
467,467,1696688.893679347,5439179.60080891,-9999.0
468,468,1696711.631550335,5439169.606648271,-9999.0
469,469,1696727.985627006,5439159.853376708,-9999.0
470,470,1696769.507503193,5439137.427298191,-9999.0
471,471,1696885.829247638,5439077.272375206,-0.32288884
472,472,1694149.849427089,5439079.598371735,-9999.0
473,473,1694155.651463408,5439055.885667861,-0.995999932
474,474,1696867.108215901,5439003.602803041,-0.357323485
475,475,1694162.828691725,5439029.99882304,-0.456347782
476,476,1696836.05763717,5438953.398178277,-0.057694219
477,477,1696825.570049929,5438802.41848803,-0.210361856
478,478,1706102.388094021,5438680.82855803,0.748688481
479,479,1693992.358301096,5438801.221836694,-0.303803872
480,480,1696856.157376353,5438731.312550685,-9999.0
481,481,1693970.900674422,5438752.16902509,-9999.0
482,482,1706028.756843213,5438577.969461237,-0.025905857
483,483,1705991.239873733,5438560.20599104,0.607025019
484,484,1705908.296848902,5438541.336763739,-0.186702655
485,485,1696878.159663607,5438672.352251302,-0.014306425
486,486,1705836.37775562,5438517.53348172,0.72771379
487,487,1696884.228225638,5438624.935930587,-0.533999951
488,488,1693645.889040257,5438635.554844097,-0.469999969
489,489,1705474.391744791,5438475.834776884,-9999.0
490,490,1705684.105385273,5438473.498900819,-0.537843704
491,491,1705673.404183188,5438463.950307408,-0.230449976
492,492,1705282.06302366,5438450.040241437,0.239617672
493,493,1705373.328064713,5438454.906857616,0.602044787
494,494,1705578.748401831,5438460.948599921,0.916312824
495,495,1693630.119134404,5438481.615731868,-9999.0
496,496,1693450.012415345,5438283.513745678,-9999.0
497,497,1698100.536373592,5438207.837751042,-0.122374949
498,498,1698091.506449895,5438184.026376509,2.575469246
499,499,1704376.67082513,5438033.569588922,0.593200045
500,500,1704567.957358373,5438030.463953433,0.905730184
501,501,1696327.959832513,5438133.825825319,-9999.0
502,502,1704398.756555019,5438023.321363547,-0.456701478
503,503,1696335.403858665,5438123.811902857,-9999.0
504,504,1704584.935753774,5438016.201416508,1.286887594
505,505,1705264.410391739,5437993.11203251,1.409666638
506,506,1704619.804591108,5437985.401337622,0.419327454
507,507,1704709.162619881,5437954.43640261,-0.296398554
508,508,1704785.492851083,5437937.415471015,-0.64941172
509,509,1695347.204825952,5438045.70722348,0.703962967
510,510,1702922.353717463,5437950.871963232,1.059598626
511,511,1702977.201772698,5437933.811616063,-0.48890192
512,512,1702991.830638964,5437922.962364483,-0.230337988
513,513,1705087.882387616,5437893.169392093,0.076478023
514,514,1705149.402993351,5437894.11979853,-0.829555505
515,515,1703010.412428879,5437912.585862312,0.034374014
516,516,1704910.772232289,5437900.975069466,0.225238402
517,517,1695112.771801587,5438031.770329919,2.826869582
518,518,1691614.356802324,5438066.039312514,0.322692331
519,519,1703032.725588541,5437892.321617958,-0.319962936
520,520,1694541.613792408,5437985.925397397,2.776500018
521,521,1703067.201064623,5437873.634911413,0.358782958
522,522,1694697.277041044,5437982.124351685,-0.122118265
523,523,1696393.860658908,5437952.875096779,-0.317864551
524,524,1703154.925364572,5437854.085511636,-0.494573875
525,525,1694515.848106371,5437949.935318965,1.168020019
526,526,1693312.56147694,5437942.869246562,-0.329899959
527,527,1691535.030424186,5437960.137315256,-9999.0
528,528,1693298.039287829,5437922.450924917,-0.363999956
529,529,1691535.905130883,5437936.758970421,-9999.0
530,530,1703190.259007815,5437769.874369424,-0.372374553
531,531,1693275.322866987,5437883.852404293,-0.358333288
532,532,1703215.579892979,5437750.720269955,-0.645606065
533,533,1691542.130406431,5437904.732389609,0.551352412
534,534,1703230.377702424,5437740.188741442,-0.680096736
535,535,1691533.849080694,5437885.970220233,1.482059724
536,536,1703238.195635119,5437731.655251613,-0.441459412
537,537,1703264.835993605,5437720.561939904,-0.445826045
538,538,1693273.343785926,5437839.691460684,-9999.0
539,539,1703320.289644504,5437679.683202056,-0.62491888
540,540,1704178.80714313,5437658.208337095,-0.635799963
541,541,1691451.114396495,5437827.659072477,-0.02696091
542,542,1703500.268253787,5437661.273359327,-0.179376701
543,543,1703381.821874042,5437648.237867086,-0.38401746
544,544,1703507.587299906,5437646.207680565,-0.118000001
545,545,1692304.785824915,5437774.743115556,1.249304376
546,546,1703522.717768175,5437626.620426631,-0.212766635
547,547,1691449.126996371,5437747.609199707,-9999.0
548,548,1688962.607531311,5437789.474111916,0.127237746
549,549,1703539.038736218,5437584.633527946,0.680162932
550,550,1703909.435619716,5437550.537142875,0.216691367
551,551,1693425.385638917,5437677.584210529,-9999.0
552,552,1703551.288449199,5437540.854699608,-0.136557804
553,553,1703977.653878383,5437535.751492521,-0.209626922
554,554,1704011.80594229,5437526.317281147,-0.648999968
555,555,1701864.247266772,5437545.312774407,-0.653322013
556,556,1703564.020482669,5437522.958686343,-0.041056879
557,557,1688981.959593275,5437727.151870693,0.416281283
558,558,1691448.111803236,5437663.010455572,-0.4614615
559,559,1701878.908874837,5437519.798936955,-0.537803898
560,560,1703578.799663953,5437502.799688383,-0.302236075
561,561,1703592.754131397,5437486.069331413,-0.171638069
562,562,1691460.804923736,5437644.943745547,0.222793133
563,563,1701901.880785915,5437490.928716203,-0.222090911
564,564,1701914.209002394,5437472.713948403,0.337580159
565,565,1703662.490324705,5437428.542704651,0.545438751
566,566,1691468.485744443,5437550.440911599,0.245200033
567,567,1691476.870832301,5437528.536791144,-9999.0
568,568,1691491.608228705,5437517.94768533,-9999.0
569,569,1696805.906725005,5437449.890095969,1.187386838
570,570,1696816.512771627,5437440.57900674,0.695276649
571,571,1688953.291850966,5437524.589467584,-9999.0
572,572,1691526.280498399,5437487.887067355,-9999.0
573,573,1696829.235497359,5437426.577855957,-0.24925419
574,574,1688960.997021449,5437509.800122409,-0.737999954
575,575,1691536.17628971,5437477.293291088,-9999.0
576,576,1688973.676370818,5437497.179584791,-9999.0
577,577,1691548.981595132,5437464.396345644,-0.224903183
578,578,1700227.127138902,5437344.733964144,-0.581909047
579,579,1688990.318019434,5437478.873587761,-9999.0
580,580,1691568.731456224,5437449.799763316,0.210571472
581,581,1693640.902179918,5437424.635121057,-0.86866655
582,582,1701927.260936905,5437330.394235672,-0.406363945
583,583,1695407.097504355,5437386.94441003,-0.267912999
584,584,1700252.863293658,5437327.577482126,-0.318781399
585,585,1692454.426666754,5437413.685265525,1.292100044
586,586,1700271.478850401,5437314.638568673,-0.4724848
587,587,1701950.931781383,5437289.268075634,-0.576777744
588,588,1689010.525927164,5437455.88126635,-9999.0
589,589,1691618.361988935,5437427.330010511,1.264747087
590,590,1692439.550045595,5437404.515865882,4.159384636
591,591,1695392.054806354,5437366.778068087,3.696347842
592,592,1700446.661379193,5437309.342052348,0.071332126
593,593,1701963.625139618,5437276.206986115,-0.080751561
594,594,1700489.290924932,5437269.555870564,-9999.0
595,595,1701983.176078605,5437256.682902128,-0.004918242
596,596,1702199.235560668,5437247.633722645,-0.672612863
597,597,1700851.040839768,5437260.812837535,-0.662888835
598,598,1700511.982033091,5437251.207766056,-0.79066662
599,599,1702003.199695084,5437229.244109331,-0.54250976
600,600,1689027.512800655,5437400.819534608,-0.482272679
601,601,1702010.497658765,5437220.683264348,-0.536810773
602,602,1702043.980346716,5437217.989247015,-9999.0
603,603,1691673.459065152,5437312.358674671,2.481566461
604,604,1702364.37149405,5437159.807749586,-9999.0
605,605,1691663.279871369,5437285.71580362,0.022742899
606,606,1702370.92924501,5437140.241880275,-0.547090861
607,607,1700901.786247749,5437139.268326828,-0.207333325
608,608,1702383.7231425,5437121.21982216,-0.304112867
609,609,1696839.863182706,5437169.98346283,-0.552909038
610,610,1700909.370973279,5437114.538029413,-0.102308819
611,611,1702393.397039535,5437100.069003719,-0.286409056
612,612,1696850.050524928,5437159.766938807,-0.538111079
613,613,1696857.735493753,5437151.263771068,-0.713999957
614,614,1700916.692362596,5437100.230518956,-0.36447931
615,615,1696909.100544211,5437126.965078129,-0.507785669
616,616,1700930.909371434,5437064.04202288,-0.374305534
617,617,1693771.512904572,5437157.95358605,0.381962659
618,618,1700938.67776584,5437055.763477001,-0.344680838
619,619,1686261.606659662,5437247.33285896,-0.274556948
620,620,1696973.553425988,5437097.940651438,-0.30685055
621,621,1700990.19327365,5437044.633552889,-0.370894519
622,622,1696984.399902371,5437087.694864985,0.332666668
623,623,1686272.654770981,5437201.302423969,-0.519266624
624,624,1687601.053025294,5437178.911787904,-9999.0
625,625,1702412.204560869,5436980.689972683,-0.308113171
626,626,1696997.766606296,5437060.221137768,0.313169141
627,627,1696992.990767728,5437027.527812758,-9999.0
628,628,1702421.763954132,5436954.147411824,0.283465122
629,629,1702433.922105605,5436936.62467893,-0.471983149
630,630,1686292.349885741,5437151.053136908,1.317557217
631,631,1690975.166779168,5437084.813297622,-0.267082144
632,632,1693899.1004427,5436992.501304203,-9999.0
633,633,1686272.223848181,5437065.218421915,0.173160929
634,634,1690982.442781527,5437017.122357218,0.683695125
635,635,1686258.677540592,5437042.640466467,0.082116318
636,636,1686251.529148597,5437027.020867871,-0.244183058
637,637,1703568.589569739,5436805.724500496,0.168076037
638,638,1703627.791510013,5436787.636336077,-0.536957866
639,639,1688771.476587401,5437007.666330317,-0.008196046
640,640,1694021.871596242,5436908.223149148,4.237090889
641,641,1691000.738421466,5436942.116408278,-0.530380905
642,642,1693963.406143213,5436947.919828312,-9999.0
643,643,1691009.604180886,5436925.401930481,-0.600571377
644,644,1691024.7406177,5436916.501726065,1.764204558
645,645,1696303.86846907,5436846.250962972,-0.889199948
646,646,1687580.779506474,5436937.578263602,-0.765199959
647,647,1702592.042295047,5436820.340807927,0.79922041
648,648,1702618.072992018,5436731.711996109,-0.481916617
649,649,1702861.580780857,5436707.773611289,-0.42243996
650,650,1700022.708944328,5436736.876557805,1.728350022
651,651,1696265.341404507,5436775.821412791,-0.574156189
652,652,1702895.045308331,5436677.377752877,-0.497277734
653,653,1686245.221782804,5436933.34057086,0.801585065
654,654,1687604.992788457,5436866.525700155,-0.586888839
655,655,1702906.200088542,5436667.245767076,-0.468437462
656,656,1702921.120021283,5436657.060594226,-0.557714255
657,657,1686226.80504332,5436857.57866259,1.898619512
658,658,1702939.664242812,5436636.84969415,-0.42024001
659,659,1694140.648012922,5436736.399324181,-9999.0
660,660,1702977.034175735,5436616.37278384,-0.062545405
661,661,1703000.990859774,5436593.331869203,-0.49066662
662,662,1686225.765644816,5436799.648911869,-0.106091907
663,663,1703017.887139176,5436575.897428193,-0.346272679
664,664,1686232.314374949,5436783.877391547,0.32333338
665,665,1703025.276455639,5436565.818468855,-0.422230719
666,666,1690940.516854783,5436737.004455578,0.835497518
667,667,1685931.655479803,5436765.047453613,-9999.0
668,668,1690965.965380696,5436707.169586681,-9999.0
669,669,1692568.918399262,5436676.397762978,-0.621258018
670,670,1703082.977901878,5436532.325668084,-0.597777734
671,671,1703107.404066948,5436514.784501338,-9999.0
672,672,1703174.470197202,5436463.962803058,-9999.0
673,673,1685732.627613362,5436703.570111892,0.511908469
674,674,1703189.248145443,5436443.804543326,-9999.0
675,675,1703332.002678931,5436442.490853259,-0.395148112
676,676,1703223.7241242,5436433.96117118,-0.319766955
677,677,1703316.766038759,5436432.89383109,-0.480999989
678,678,1703297.483424523,5436422.7788962,-0.532569576
679,679,1690991.969901736,5436581.407401734,0.08875809
680,680,1692480.875690646,5436557.857932931,-0.089014468
681,681,1685747.18910941,5436646.581562057,-0.503380376
682,682,1703260.185996359,5436416.923713253,-0.055709653
683,683,1685796.069327106,5436616.405229291,-0.007473644
684,684,1685843.890171102,5436599.275550512,-0.774444395
685,685,1694092.111057386,5436496.910389324,-9999.0
686,686,1683858.240659173,5436605.180619483,0.280780702
687,687,1685899.328040293,5436574.782976097,0.638700029
688,688,1691160.040748216,5436495.300121747,1.6592411
689,689,1685938.036720341,5436553.863426981,1.919362741
690,690,1691023.182429315,5436494.550109909,0.930187353
691,691,1691099.931882213,5436485.492984853,0.523755029
692,692,1687450.30227363,5436520.836891814,-9999.0
693,693,1691242.704846787,5436488.351392634,1.861115418
694,694,1683729.934820866,5436555.545839003,-0.543352892
695,695,1687517.308462996,5436480.663471482,-0.723499954
696,696,1691282.212359054,5436443.447108338,1.608024422
697,697,1685987.695898062,5436493.033584718,1.569219105
698,698,1686026.29964256,5436417.671939895,-9999.0
699,699,1683946.712338381,5436421.555097121,-0.419424636
700,700,1691258.423062066,5436293.123990588,1.851142895
701,701,1706150.029509553,5435982.346326737,-9999.0
702,702,1686019.95527721,5436278.642634383,1.213358554
703,703,1686030.647541673,5436227.919956667,-0.425439954
704,704,1686045.592253436,5436203.786698456,-0.813999951
705,705,1686053.003626034,5436188.022445631,-9999.0
706,706,1686061.123346465,5436167.954407671,-0.188352892
707,707,1687724.023994109,5436147.808998673,-9999.0
708,708,1687731.360509836,5436137.654315991,-0.746799958
709,709,1699078.174600816,5435978.467427849,0.533653551
710,710,1699051.276875703,5435964.199920529,0.070336554
711,711,1687755.233025609,5436104.858069247,0.684869457
712,712,1704605.117206246,5435842.943742272,-0.244866618
713,713,1690147.469433706,5436026.129147707,-0.639999941
714,714,1702880.023221416,5435859.255237487,-0.477854163
715,715,1683263.49030729,5436131.813584301,-9999.0
716,716,1702862.116192913,5435839.34762138,0.163125028
717,717,1683290.205734259,5436083.524065619,-9999.0
718,718,1683359.181301462,5436059.630030413,-0.244999963
719,719,1685704.841629932,5436030.859875942,-9999.0
720,720,1704558.49143781,5435785.44226437,-0.141911752
721,721,1683402.185392086,5436051.122594598,-0.790399975
722,722,1698526.67571237,5435850.08893008,2.37618869
723,723,1704551.214581357,5435769.196671972,0.009980591
724,724,1683426.242042733,5436033.373120111,-9999.0
725,725,1691044.33756391,5435942.336088568,-9999.0
726,726,1698514.742136911,5435840.541397218,2.120944428
727,727,1683433.102713503,5436021.073955139,-9999.0
728,728,1702539.770593161,5435772.687540303,1.646410247
729,729,1680980.415880275,5436050.591515634,-0.01117249
730,730,1691061.093123097,5435917.3213802,0.549578981
731,731,1680978.661298076,5436030.565772238,-0.010999996
732,732,1681442.235460228,5436009.953661068,-0.114809527
733,733,1681472.035218623,5436010.799403138,0.227926317
734,734,1683447.368556523,5435992.289691198,-9999.0
735,735,1691065.501325756,5435898.41136387,-0.664249942
736,736,1683466.893513331,5435981.748480562,-9999.0
737,737,1691146.659125387,5435846.378725296,-9999.0
738,738,1685590.245630488,5435907.997016172,-0.475333338
739,739,1704598.972634301,5435694.401415153,1.752818035
740,740,1685583.829642063,5435893.281286333,0.031121947
741,741,1691165.939471772,5435833.120586733,1.46609492
742,742,1683521.511460765,5435908.143834228,-9999.0
743,743,1691198.085924858,5435809.686052129,1.603004593
744,744,1702417.48955941,5435656.731510774,-0.560115351
745,745,1704680.898316502,5435620.791469155,1.364021895
746,746,1685584.82446072,5435851.829110544,-0.476209926
747,747,1684519.913412951,5435846.425081615,-0.359709676
748,748,1704703.99016215,5435591.817880366,0.193238141
749,749,1683521.122929345,5435856.570457103,-0.667611077
750,750,1691214.068814788,5435752.546763405,-9999.0
751,751,1702409.119226142,5435597.002165088,-0.056027368
752,752,1685612.507605958,5435820.237283588,-0.266841523
753,753,1691232.807788037,5435736.171137351,-9999.0
754,754,1685663.884643586,5435793.170330197,0.165630795
755,755,1691251.23223547,5435716.237924449,-9999.0
756,756,1702394.391253225,5435566.968183794,-0.261629616
757,757,1683529.869350628,5435798.516705777,-0.737799954
758,758,1685693.766763513,5435772.871322606,-0.746999949
759,759,1702386.462957049,5435546.755732191,-0.671999951
760,760,1704740.640003713,5435549.961504919,0.770639153
761,761,1683550.303520895,5435781.17502658,-0.503580906
762,762,1704784.112006661,5435493.714474684,-0.015861115
763,763,1685718.169065599,5435742.863867757,-0.731096723
764,764,1680900.806827144,5435772.871006383,-9999.0
765,765,1702368.49232035,5435510.748759332,-0.434749976
766,766,1704812.34011744,5435477.545337753,1.845186844
767,767,1684324.710057982,5435726.434966831,2.052515818
768,768,1704852.65744773,5435458.418658284,0.685302605
769,769,1705796.880338587,5435438.824102403,-9999.0
770,770,1683569.087330011,5435722.678475418,-0.99999994
771,771,1685797.114398147,5435707.559409248,1.154690008
772,772,1684301.989547011,5435706.981627563,1.16701193
773,773,1704912.79714278,5435438.718181882,1.095447491
774,774,1684284.264118277,5435690.381520839,1.477169472
775,775,1702363.408683193,5435458.284202794,-9999.0
776,776,1704967.295869024,5435421.320483177,-0.462428526
777,777,1685865.644508213,5435661.135765067,1.590906285
778,778,1685872.938476206,5435641.102149238,-0.750799954
779,779,1683566.524637568,5435663.047002312,-9999.0
780,780,1702369.821257617,5435418.340586998,-0.571999956
781,781,1685888.229207072,5435621.135630052,0.171232362
782,782,1685917.877394428,5435620.624692427,-0.577764664
783,783,1683593.281433407,5435645.456755886,-9999.0
784,784,1683607.14516683,5435628.806489799,-9999.0
785,785,1698170.999502459,5435445.910885463,0.901708962
786,786,1701789.194173964,5435395.510007441,-0.035761196
787,787,1704984.873740977,5435365.300606087,0.609792236
788,788,1685947.699289131,5435595.338398501,0.628060657
789,789,1698151.693226922,5435437.3028537,-9999.0
790,790,1705006.083519284,5435338.535294694,-0.007719957
791,791,1685954.992960933,5435575.304694042,0.436348868
792,792,1705033.3832329,5435320.253195693,0.237862622
793,793,1705048.297491238,5435310.063547774,-0.192999954
794,794,1680656.418644074,5435623.550868385,-0.394100009
795,795,1702381.307433995,5435372.292132773,-0.219311721
796,796,1705066.976211879,5435299.819570459,-0.15987496
797,797,1680681.1973242,5435601.572600123,-0.34710077
798,798,1685962.110098198,5435540.312313064,0.374044476
799,799,1702369.385403922,5435327.631247856,-0.514857096
800,800,1680733.984308792,5435581.274123979,-0.686642823
801,801,1701773.140153273,5435356.413704784,0.201681678
802,802,1683561.434427047,5435537.026724652,-0.690909039
803,803,1705149.333312114,5435266.413442364,-0.076982566
804,804,1680781.779996204,5435559.69684735,-0.463899954
805,805,1686213.852666606,5435497.094965814,1.712430113
806,806,1701787.947409098,5435297.015683998,-0.679599953
807,807,1686186.959914621,5435489.414203612,1.611914939
808,808,1686236.472858557,5435488.612008984,0.133240039
809,809,1686316.233014374,5435493.562973551,-0.036563603
810,810,1701795.273747803,5435287.276681881,-0.157545408
811,811,1705193.528224577,5435245.27711246,-0.444099955
812,812,1686019.523428358,5435483.448450088,-9999.0
813,813,1686167.231013455,5435478.918072939,1.86450003
814,814,1687302.560233725,5435464.258443444,-9999.0
815,815,1686029.322369961,5435470.413888946,-9999.0
816,816,1705252.957172833,5435225.251963553,-9999.0
817,817,1698346.481700439,5435305.282533844,-0.821999959
818,818,1698569.555253369,5435308.769289196,0.327405122
819,819,1701826.976717644,5435262.460576176,1.103848986
820,820,1686075.022399908,5435449.685672869,-9999.0
821,821,1686126.191400716,5435449.797363512,-0.639571381
822,822,1698372.949051793,5435293.990047428,-0.723124955
823,823,1686107.762451271,5435440.742498574,-0.775999963
824,824,1698526.563724958,5435281.48843486,-0.515288111
825,825,1698546.716453012,5435289.216788121,0.049310082
826,826,1686377.086835722,5435450.655465032,1.004326471
827,827,1698507.125182558,5435272.204812472,-0.344801627
828,828,1705370.186138873,5435175.790538837,-9999.0
829,829,1705385.547946074,5435167.635996149,-0.875999957
830,830,1705411.989599964,5435155.624441724,-0.98999995
831,831,1687279.169850281,5435383.451783471,-9999.0
832,832,1701847.303113594,5435220.634993509,0.730393392
833,833,1701873.284218604,5435186.202346706,-9999.0
834,834,1680803.751208616,5435444.771787993,-0.90199995
835,835,1701891.167180193,5435175.408359648,-9999.0
836,836,1701898.817877381,5435165.724583822,-9999.0
837,837,1701914.478775365,5435155.404896011,-0.426918325
838,838,1682119.781073032,5435355.23845846,-0.398367307
839,839,1682100.066594722,5435336.040233869,-0.391051532
840,840,1681768.635978628,5435314.823118813,-9999.0
841,841,1686373.301076323,5435308.12039466,0.892447915
842,842,1702032.888934019,5435093.000092158,1.308699428
843,843,1683526.657271509,5435290.6937397,-9999.0
844,844,1682013.481635855,5435276.646357814,-0.538333285
845,845,1686362.96117052,5435229.135646681,0.639793117
846,846,1680846.760449105,5435287.71082957,0.697837687
847,847,1683562.270026883,5435268.710897252,-0.35182348
848,848,1680899.282917824,5435269.242635486,-0.306240552
849,849,1683587.304557134,5435239.425745074,-0.496592544
850,850,1681329.362450865,5435268.555024956,-0.883999944
851,851,1683604.682692827,5435223.12117342,-0.540742839
852,852,1683617.178256402,5435212.125888888,-0.517333291
853,853,1702059.392701817,5435011.151476455,-0.224066982
854,854,1680946.459665175,5435230.426855123,-0.987999976
855,855,1702069.213341663,5434953.829902686,-0.556749954
856,856,1702080.792746782,5434946.077287598,-0.534307641
857,857,1686289.159108868,5435140.676353202,-0.026508451
858,858,1705381.418527858,5434878.102309197,0.139241426
859,859,1681343.835378273,5435178.611122153,-9999.0
860,860,1686281.643985042,5435115.612501077,2.08153734
861,861,1685052.316401262,5435093.369486053,5.151444462
862,862,1684722.43232023,5435084.516899488,-9999.0
863,863,1685044.829938315,5435083.310144814,5.504333337
864,864,1680854.469689457,5435116.120941905,-9999.0
865,865,1702103.68036219,5434891.421092726,0.397927758
866,866,1680830.071377706,5435088.952061409,-0.133749999
867,867,1686251.244921818,5435023.959179622,-0.324266623
868,868,1696035.941798927,5434877.987312112,-0.087928563
869,869,1702097.067401004,5434782.032094306,1.767244493
870,870,1696067.943976021,5434855.26262367,-0.139243194
871,871,1702081.591092644,5434773.307421004,2.605407469
872,872,1686256.842754775,5434973.921805246,0.49984949
873,873,1702074.30646079,5434763.582660864,2.61627277
874,874,1686269.3640173,5434955.444279547,-0.254426626
875,875,1701867.444267045,5434743.080722301,-0.179225796
876,876,1701855.486303879,5434726.39917338,0.150913799
877,877,1683508.75588508,5434954.060117822,-9999.0
878,878,1680828.87904056,5435030.653312041,-0.244881305
879,879,1701845.371707874,5434699.814420818,3.477620678
880,880,1701829.645885747,5434679.70377248,1.557725269
881,881,1696049.634270056,5434745.991603196,0.434705924
882,882,1680866.02962111,5434948.151578649,-0.019198562
883,883,1696035.678964794,5434734.340884847,5.089076941
884,884,1680922.692220754,5434909.989367925,-0.709036988
885,885,1683493.78931004,5434878.814041453,-9999.0
886,886,1685580.01573962,5434881.557830035,2.087551716
887,887,1680955.158104457,5434899.51111162,0.048062547
888,888,1705143.440026399,5434590.646415813,-9999.0
889,889,1695650.081169881,5434711.394785997,-0.125073006
890,890,1701804.388219659,5434632.839215854,1.474523939
891,891,1686292.769836282,5434824.893764733,-0.118142809
892,892,1695536.793520404,5434694.882165388,2.118166648
893,893,1701786.316433711,5434596.721778414,0.416046496
894,894,1680970.403730987,5434869.785291642,-0.553748052
895,895,1695973.787785166,5434666.33946388,0.386898316
896,896,1705163.230501369,5434547.579919332,-0.355499958
897,897,1680992.078242762,5434834.271886812,-9999.0
898,898,1705177.939328004,5434527.602296982,1.754610563
899,899,1686304.664053299,5434772.598101085,-0.149746547
900,900,1680999.384562554,5434814.24331495,-0.555428528
901,901,1683381.412087733,5434777.841927508,-9999.0
902,902,1695935.984375391,5434626.681890995,3.589849979
903,903,1682100.874648688,5434788.898318783,-9999.0
904,904,1681006.635387436,5434789.228515387,-0.133285669
905,905,1682109.616506655,5434776.949890041,-0.016809481
906,906,1682120.714288756,5434757.003048935,-9999.0
907,907,1695410.110550305,5434595.632744516,2.019346142
908,908,1685568.051022709,5434707.486248178,-0.50923525
909,909,1695395.226002343,5434585.677323832,3.568660367
910,910,1683356.122294722,5434726.460638183,-9999.0
911,911,1685555.132214271,5434694.689240841,1.758098792
912,912,1700383.317147811,5434497.465994011,1.344477615
913,913,1700400.747051873,5434496.81417612,1.323621345
914,914,1701663.247206815,5434479.883465677,0.062444476
915,915,1681015.886090722,5434738.77825975,-0.763746817
916,916,1682289.346640064,5434710.079855449,-9999.0
917,917,1686336.402012354,5434669.359572525,-9999.0
918,918,1700353.246238944,5434488.18777603,3.400026336
919,919,1701648.93494455,5434468.475514694,1.519222233
920,920,1682280.981333838,5434700.983951493,-9999.0
921,921,1700338.520504943,5434477.179332581,4.467555576
922,922,1701640.954988207,5434459.342076036,2.231130437
923,923,1701633.022233642,5434450.043937857,3.151850007
924,924,1681037.242559601,5434714.5833605,-9999.0
925,925,1683359.0883539,5434689.21712422,-0.562513121
926,926,1701286.739262534,5434443.272904729,0.605428584
927,927,1681077.246837717,5434690.986214272,-0.410285669
928,928,1683377.457617305,5434664.404392034,-9999.0
929,929,1695934.240852744,5434514.363360291,-0.707361889
930,930,1705153.768037386,5434408.819328574,1.411507658
931,931,1683399.595352899,5434653.25308088,-0.731714232
932,932,1699639.878194698,5434444.870762229,-9999.0
933,933,1683440.284314155,5434627.01367915,-9999.0
934,934,1693818.015314343,5434486.691152154,-0.584564061
935,935,1701275.315283902,5434408.828600621,0.31648443
936,936,1705132.230966269,5434331.132350776,2.878872354
937,937,1693825.77080508,5434477.606675886,-0.588451571
938,938,1703612.272313147,5434348.248184798,4.690200019
939,939,1683461.837195562,5434595.189038454,-9999.0
940,940,1695941.451227322,5434432.122294085,0.210000003
941,941,1695282.408254708,5434421.804946388,0.901138286
942,942,1695941.041274004,5434409.019202468,-0.644000008
943,943,1684596.615713832,5434539.20240052,-9999.0
944,944,1693718.536608142,5434427.969925434,1.00295385
945,945,1705116.312962898,5434271.743031422,-9999.0
946,946,1693652.116591375,5434419.620864308,-0.571412654
947,947,1693703.566581945,5434418.126246058,0.100523829
948,948,1694250.485684975,5434411.158635754,-0.38308767
949,949,1681127.099654782,5434551.826797461,-9999.0
950,950,1694270.353752935,5434397.108582567,0.059316688
951,951,1681134.21840568,5434541.334175037,-9999.0
952,952,1683475.110172911,5434523.948665926,-9999.0
953,953,1694282.982013695,5434380.158529195,-0.115571383
954,954,1694290.737167482,5434366.498421442,-0.179356478
955,955,1681149.867443726,5434512.01617018,-9999.0
956,956,1695969.518086961,5434334.847204813,-0.662783339
957,957,1686394.901026489,5434438.533841544,-9999.0
958,958,1693333.804602366,5434354.028798805,2.394731755
959,959,1703577.188552411,5434218.28979661,1.658620038
960,960,1683495.786315752,5434482.295831266,-9999.0
961,961,1681162.61351228,5434488.323468106,-9999.0
962,962,1686401.869603042,5434408.4878728,-9999.0
963,963,1694312.163968346,5434309.927536299,-0.675599951
964,964,1681182.855949127,5434469.288322703,-9999.0
965,965,1695135.372796631,5434280.115626865,-0.427163256
966,966,1681193.767532014,5434450.281431179,-9999.0
967,967,1686408.837413832,5434378.448774543,-0.538411723
968,968,1695070.634454219,5434271.48952503,0.080271711
969,969,1683486.839666031,5434407.154855164,-9999.0
970,970,1686415.396120586,5434354.290307072,-0.266678137
971,971,1681206.974255992,5434406.846964868,-0.504705864
972,972,1694304.790168435,5434229.869682562,-0.726214251
973,973,1686426.682645482,5434328.776860206,-0.594399953
974,974,1686436.933283234,5434307.909878648,-0.255789425
975,975,1686444.348137463,5434297.855294211,-9999.0
976,976,1682349.085129629,5434325.357832628,-0.415906232
977,977,1686465.073491874,5434271.130448435,0.091302676
978,978,1681229.797007699,5434321.253098634,-9999.0
979,979,1681262.812050957,5434299.908198039,-9999.0
980,980,1686480.298224327,5434238.873263064,0.207857885
981,981,1681282.774516651,5434281.956346313,-9999.0
982,982,1683427.034627561,5434240.47493735,-9999.0
983,983,1686503.497615397,5434207.380834002,0.692461567
984,984,1695981.376190978,5434101.023911661,1.053521834
985,985,1698402.866248329,5434035.595778437,1.117913219
986,986,1683432.734273118,5434196.146171894,-9999.0
987,987,1683441.924994417,5434187.486548535,-9999.0
988,988,1698275.47074672,5433957.993707152,0.429430552
989,989,1703190.173692622,5433891.861283073,-9999.0
990,990,1692723.369303619,5434021.299194625,1.382582676
991,991,1683477.527452374,5434134.234330062,-0.491222174
992,992,1698263.897326306,5433932.563948595,0.856846621
993,993,1681291.583223557,5434125.097159495,-0.556933284
994,994,1692810.927525771,5433981.049710193,-0.817999959
995,995,1681311.803256644,5434107.827177169,-0.512489329
996,996,1681401.807239384,5434106.612436884,-0.687857093
997,997,1698252.95732874,5433898.019978184,1.662811316
998,998,1706122.945666511,5433789.106497367,-9999.0
999,999,1681360.395383491,5434099.33068838,-9999.0
1000,1000,1681435.862110102,5434097.127345372,-0.143999951
1001,1001,1695934.241730867,5433955.861009923,0.018452242
1002,1002,1694725.019828596,5433927.432766031,-0.463762671
1003,1003,1692829.662992815,5433953.033865604,-0.76479995
1004,1004,1695930.727667814,5433898.827364873,2.696964691
1005,1005,1681472.815132106,5434060.936766231,-0.498142813
1006,1006,1698206.581505987,5433838.543916604,0.148203713
1007,1007,1683514.731864689,5434009.995195431,-9999.0
1008,1008,1694427.245424258,5433870.921533423,-9999.0
1009,1009,1694789.345205509,5433865.709107984,-9999.0
1010,1010,1694863.238794879,5433865.837491902,-0.607962917
1011,1011,1683499.946831109,5433989.470212279,-9999.0
1012,1012,1694449.669823689,5433860.358537538,-9999.0
1013,1013,1698206.354557285,5433789.886487391,-0.694999954
1014,1014,1692454.006611002,5433856.888634269,-0.514099973
1015,1015,1683492.679195693,5433950.487051371,-9999.0
1016,1016,1706327.097382497,5433655.896394245,-9999.0
1017,1017,1681457.313555369,5433984.461245281,-9999.0
1018,1018,1692393.56520116,5433837.246225817,-0.579999948
1019,1019,1698212.860988603,5433761.332694879,-0.309893283
1020,1020,1681451.82521089,5433943.491066964,-9999.0
1021,1021,1683498.145532756,5433920.276782247,-9999.0
1022,1022,1683520.426876585,5433885.942250468,-9999.0
1023,1023,1697818.953639696,5433704.476295261,0.30735166
1024,1024,1698221.587423229,5433720.037624259,-0.457535089
1025,1025,1681427.454766229,5433870.938202567,-9999.0
1026,1026,1683557.201639602,5433812.977616043,-0.595999956
1027,1027,1692874.64280797,5433700.376661151,-9999.0
1028,1028,1695670.904856093,5433653.271596265,-0.362919496
1029,1029,1692882.127736577,5433681.07824025,-9999.0
1030,1030,1697815.841114119,5433622.328622487,-0.30274622
1031,1031,1691606.877962553,5433690.661480944,0.616123961
1032,1032,1692896.441167716,5433660.453299263,-9999.0
1033,1033,1681405.234404485,5433805.36171493,-9999.0
1034,1034,1697796.611290793,5433574.781276228,-0.440571391
1035,1035,1692918.211807808,5433629.742433095,-9999.0
1036,1036,1697789.172344633,5433564.681941946,0.020191472
1037,1037,1681417.059264756,5433764.641645165,-9999.0
1038,1038,1695575.578107863,5433590.915497218,-0.658151483
1039,1039,1705728.25836575,5433446.317152963,-0.312666614
1040,1040,1700625.603090844,5433509.443590425,-0.473359957
1041,1041,1705624.424503635,5433437.339287925,0.74642755
1042,1042,1700670.933654785,5433497.471136631,-0.625555512
1043,1043,1700697.409694938,5433487.125041989,-0.334348283
1044,1044,1681425.048096062,5433746.637384025,-9999.0
1045,1045,1700726.965531208,5433476.061597733,-0.331758996
1046,1046,1700738.905468872,5433456.719929968,3.522821425
1047,1047,1681441.699162118,5433710.62449385,-9999.0
1048,1048,1700398.680454199,5433431.851685918,-9999.0
1049,1049,1692955.277274838,5433526.211853906,-0.668648605
1050,1050,1695526.157249495,5433490.158361021,-0.752916617
1051,1051,1692962.181026012,5433505.485415552,-0.689749941
1052,1052,1704507.655598344,5433303.253101983,-9999.0
1053,1053,1691762.56463583,5433465.300417766,-0.282519983
1054,1054,1702104.900336447,5433354.528990434,1.46149269
1055,1055,1692970.242153127,5433454.808339049,0.180224186
1056,1056,1691840.10231875,5433444.495058271,-0.539124962
1057,1057,1701052.147171378,5433281.729321765,1.316800062
1058,1058,1703196.810185138,5433256.830123506,1.28383335
1059,1059,1703238.865930988,5433241.911301427,-0.048071383
1060,1060,1704538.482600122,5433260.146610067,1.290902896
1061,1061,1701061.39289392,5433265.173139278,0.427456716
1062,1062,1704578.40551104,5433212.685483017,1.78442257
1063,1063,1681288.760915434,5433495.306047427,-9999.0
1064,1064,1690987.733036098,5433397.956434697,0.428012588
1065,1065,1701077.516419852,5433251.650005547,-0.085179743
1066,1066,1703275.842026439,5433221.142039571,-0.841999948
1067,1067,1704278.656737187,5433207.143492974,1.282446685
1068,1068,1691093.628288435,5433374.151566762,-0.109193534
1069,1069,1691101.125467291,5433364.220297864,-0.349953447
1070,1070,1691907.714413023,5433365.479121328,-9999.0
1071,1071,1700775.275202538,5433325.684133997,1.001801625
1072,1072,1701114.503724554,5433237.382856821,1.060464593
1073,1073,1704601.667100547,5433189.267750829,0.788285757
1074,1074,1702142.001079252,5433196.895729457,-0.487999953
1075,1075,1704623.865003455,5433168.87445362,1.182476774
1076,1076,1704640.749201233,5433151.435938915,-0.307999959
1077,1077,1692964.520045055,5433339.169667314,0.44629179
1078,1078,1695480.99442057,5433266.638191517,3.383800018
1079,1079,1700109.217367689,5433195.446974722,1.54405881
1080,1080,1703313.53134262,5433177.97066774,2.172534072
1081,1081,1704674.332934666,5433131.003884174,0.376422567
1082,1082,1704697.161262987,5433121.57573594,0.848333362
1083,1083,1702156.354973668,5433146.821702551,-9999.0
1084,1084,1703336.079848945,5433137.39931477,1.126177994
1085,1085,1704727.092663944,5433110.562668604,-0.373999958
1086,1086,1701260.596120418,5433144.782537879,0.79337354
1087,1087,1704763.641136083,5433094.983361506,0.022277813
1088,1088,1704794.043304216,5433079.408526383,0.552250041
1089,1089,1704834.88884016,5433068.958747238,1.003831972
1090,1090,1704918.218645142,5433058.926023413,-0.08199995
1091,1091,1702178.095364118,5433086.669442617,-9999.0
1092,1092,1702185.412064099,5433071.604958132,-0.465999946
1093,1093,1681263.041697778,5433329.526042309,-9999.0
1094,1094,1692981.624092169,5433244.316804629,0.511692975
1095,1095,1692995.474974621,5433166.424398213,-0.669313684
1096,1096,1693002.873883922,5433150.374888202,-0.753214244
1097,1097,1681273.958194841,5433294.734239292,-9999.0
1098,1098,1693010.343745892,5433130.280292563,-9999.0
1099,1099,1704948.681625546,5432996.386361687,0.928650534
1100,1100,1696403.834174113,5433065.677653905,0.741753284
1101,1101,1702191.054258976,5433015.230808227,0.089898353
1102,1102,1703346.790996467,5433000.845508069,1.972118983
1103,1103,1693031.75779121,5433089.682237647,-0.536014055
1104,1104,1696426.528587499,5433052.27453601,-0.713428525
1105,1105,1696441.227758127,5433035.459812797,-0.800499961
1106,1106,1702203.966409676,5432963.287078903,-0.04063153
1107,1107,1695387.689681237,5433050.514022962,-0.535624983
1108,1108,1704946.233311206,5432912.634474927,1.26040822
1109,1109,1693064.077333885,5433067.179442971,0.238182484
1110,1110,1696448.666886804,5433020.933637971,0.08346003
1111,1111,1693087.992114554,5433049.217600255,-0.074056732
1112,1112,1701187.685327021,5432953.121409656,0.897819481
1113,1113,1702235.57036415,5432934.914047827,0.169376176
1114,1114,1704971.071833866,5432894.595284661,0.729751586
1115,1115,1695407.544308895,5433016.36287203,-0.305015003
1116,1116,1702325.033578005,5432922.766077572,0.382951254
1117,1117,1705001.914281368,5432876.920263492,1.906800039
1118,1118,1682436.634390432,5433159.901499243,-9999.0
1119,1119,1696465.769114174,5432998.489882158,0.087678227
1120,1120,1702273.713902602,5432911.346650869,0.670440505
1121,1121,1703344.28804179,5432919.187923391,2.073811656
1122,1122,1693123.37684564,5433025.52334846,0.083779147
1123,1123,1705012.916316207,5432856.812248603,0.36460874
1124,1124,1695427.360678187,5432992.593802224,-0.447989058
1125,1125,1696493.104226062,5432965.224189746,-0.766285675
1126,1126,1693146.308044046,5433006.592713938,0.200393703
1127,1127,1703324.379503747,5432868.096005847,2.054917903
1128,1128,1703767.250830433,5432854.775057649,1.213026136
1129,1129,1705025.708059565,5432843.899629745,-0.250909041
1130,1130,1693166.351194508,5432989.236276339,-0.121850003
1131,1131,1695440.171505649,5432959.72430446,-0.425062467
1132,1132,1702371.118355735,5432889.993741074,0.646543668
1133,1133,1705046.353760054,5432826.405839184,0.613118694
1134,1134,1703808.111216257,5432834.193809387,0.029869601
1135,1135,1702385.834993084,5432849.955793255,0.046347864
1136,1136,1703819.258641235,5432824.060229696,0.224923121
1137,1137,1695446.134041408,5432938.657152885,0.492766365
1138,1138,1702419.204342852,5432833.917931968,0.72140122
1139,1139,1702445.406422484,5432823.574708867,0.602206956
1140,1140,1702863.121434708,5432817.684239217,0.452869608
1141,1141,1703851.968861255,5432810.857162208,1.552113691
1142,1142,1701174.746799119,5432861.631312448,1.484792903
1143,1143,1702908.685263264,5432808.902878776,-0.312799954
1144,1144,1705065.793563138,5432793.561156763,1.406053812
1145,1145,1699832.5011127,5432852.31813639,1.296437532
1146,1146,1702946.337059451,5432797.079536539,0.010575388
1147,1147,1703890.457578817,5432788.972904081,0.525497119
1148,1148,1705098.652563196,5432766.473377655,0.388470635
1149,1149,1703373.67542247,5432810.162138603,1.267966477
1150,1150,1703509.961400272,5432778.244323967,1.539954577
1151,1151,1703912.794618559,5432773.749563839,0.893169845
1152,1152,1696556.604925973,5432864.487278566,-0.677499961
1153,1153,1702463.571049952,5432793.031981028,-0.346904712
1154,1154,1703487.313409537,5432771.306063214,0.637294161
1155,1155,1703947.08064816,5432763.870854265,0.351872386
1156,1156,1681235.757267946,5433056.242107522,-9999.0
1157,1157,1702501.152288848,5432772.917248294,1.382625052
1158,1158,1705139.561839852,5432748.813284194,1.417072272
1159,1159,1696574.072076184,5432850.105572178,-0.378104545
1160,1160,1699670.001806065,5432802.98555423,-0.268031223
1161,1161,1696605.220157588,5432834.152274267,-0.028069776
1162,1162,1699430.479393689,5432795.794806869,-0.378727225
1163,1163,1699659.202086257,5432794.081674137,0.096930281
1164,1164,1702542.26622716,5432752.389119607,0.701960012
1165,1165,1705162.370587382,5432720.666768064,5.401000023
1166,1166,1696631.869814327,5432823.755431685,-0.27033506
1167,1167,1702549.652062339,5432742.310524341,2.548612943
1168,1168,1695363.250133313,5432829.971006436,-0.683461492
1169,1169,1696657.064842242,5432813.286032818,-0.474946416
1170,1170,1699460.29626932,5432775.412787762,-0.429352933
1171,1171,1699634.268975695,5432781.039244879,2.102145067
1172,1172,1704005.059228468,5432731.729160196,1.203041701
1173,1173,1696691.526330454,5432803.018186626,-0.66523187
1174,1174,1698549.054681652,5432783.02940862,1.513588919
1175,1175,1702557.085614247,5432727.632914476,1.083045497
1176,1176,1681325.237032635,5432980.440266689,-0.491384564
1177,1177,1696716.577577816,5432793.636057951,-0.722833278
1178,1178,1699583.877781345,5432753.563364537,1.012949397
1179,1179,1681347.704189199,5432970.215519146,-0.412771063
1180,1180,1695375.18744143,5432813.350060798,-0.38484068
1181,1181,1696746.609691702,5432784.000573819,-9999.0
1182,1182,1699491.117204788,5432752.109107776,-0.119348536
1183,1183,1699571.523740787,5432744.471423754,1.258728008
1184,1184,1701187.768244941,5432721.903008325,-0.107020373
1185,1185,1681393.105669439,5432960.82925205,0.19904903
1186,1186,1698417.036707569,5432749.483590694,1.961951557
1187,1187,1705090.182793634,5432655.64080803,2.589188451
1188,1188,1681438.006207097,5432951.295251497,0.399617679
1189,1189,1699530.911275832,5432732.425192568,0.653648283
1190,1190,1701194.308900287,5432706.890157723,1.650432431
1191,1191,1704179.84092946,5432663.909647953,0.673225463
1192,1192,1705078.083756099,5432645.681348583,5.788000107
1193,1193,1696870.98042318,5432751.18530846,-0.894642817
1194,1194,1696908.717365079,5432740.270293477,-0.641866052
1195,1195,1697005.077291274,5432740.32145645,-0.603481436
1196,1196,1698673.801022204,5432717.351220193,-0.233249955
1197,1197,1681498.371107217,5432920.373773979,-0.333036989
1198,1198,1704058.17633447,5432666.023322381,0.891969616
1199,1199,1701212.662334748,5432682.071144034,1.734724602
1200,1200,1702572.661611884,5432647.89299959,-0.133999964
1201,1201,1681520.016355356,5432893.607645684,-0.558166622
1202,1202,1687683.515980523,5432818.155932685,0.206534542
1203,1203,1698248.308944479,5432688.105527923,-0.095751831
1204,1204,1698690.746098382,5432693.380939503,1.787141405
1205,1205,1697975.821526377,5432683.271046463,1.666609595
1206,1206,1687835.099518308,5432793.543489776,-0.270206849
1207,1207,1697948.926386171,5432667.625511667,3.459135117
1208,1208,1698054.054870352,5432684.561407461,0.70868508
1209,1209,1702607.195891336,5432614.486859545,0.815656944
1210,1210,1702710.050766328,5432594.822727555,0.550581757
1211,1211,1695332.096977307,5432696.26301838,0.589328544
1212,1212,1698680.187216579,5432611.31369377,-0.302053545
1213,1213,1698689.335676735,5432589.664891456,-0.055106764
1214,1214,1698700.853425592,5432576.241113287,-0.139411716
1215,1215,1680081.595679009,5432801.322514549,0.441255413
1216,1216,1701192.674064942,5432539.448973721,-0.066321671
1217,1217,1705805.05946189,5432455.601622324,0.797600044
1218,1218,1706052.966833777,5432453.338348162,-0.228166648
1219,1219,1698724.57978991,5432545.341578705,2.183280039
1220,1220,1701206.502360648,5432511.745884945,0.372180352
1221,1221,1705823.740246861,5432446.082672741,1.357348876
1222,1222,1705834.884349656,5432435.945942797,0.71706823
1223,1223,1706031.081837448,5432437.293874483,-0.021416645
1224,1224,1689253.933684691,5432700.010636276,0.909890211
1225,1225,1705853.554471455,5432425.699744468,-0.059333286
1226,1226,1698707.597643999,5432515.921500834,2.643073181
1227,1227,1704878.355577507,5432471.676175577,0.760000048
1228,1228,1689240.641506806,5432627.466387503,1.646166649
1229,1229,1695209.789113401,5432585.740774235,1.596204172
1230,1230,1698697.605373324,5432505.767457475,0.999252113
1231,1231,1695186.1359307,5432542.712281888,2.424314829
1232,1232,1701205.809061562,5432461.883042897,-0.090444397
1233,1233,1705905.125401434,5432400.55860518,0.430624003
1234,1234,1701777.645582749,5432443.9351315,1.447446854
1235,1235,1702136.446607154,5432446.823124176,0.771950201
1236,1236,1695058.136798546,5432524.456772026,-0.630777735
1237,1237,1701980.707614809,5432431.118388597,-9999.0
1238,1238,1702119.938270329,5432429.166325928,0.781671052
1239,1239,1704863.232658022,5432395.148411888,0.462357188
1240,1240,1702100.983427644,5432419.45770202,0.324868454
1241,1241,1681383.387665266,5432677.580366509,-9999.0
1242,1242,1695064.408323379,5432510.468220989,-0.771544284
1243,1243,1701197.936436955,5432437.056276364,0.949370989
1244,1244,1701962.931839377,5432419.417688725,0.472666693
1245,1245,1702033.470548926,5432421.457055686,0.506627287
1246,1246,1704847.821525926,5432370.43376852,-0.204999953
1247,1247,1701822.243498257,5432403.413292992,-9999.0
1248,1248,1681389.83091064,5432656.57649085,-0.613199946
1249,1249,1701852.207747726,5432393.019508392,1.019667783
1250,1250,1696702.226390936,5432450.534625583,-0.819999963
1251,1251,1701212.004782732,5432395.584146162,0.964802765
1252,1252,1705588.253103001,5432319.893505216,1.044123191
1253,1253,1680730.504207905,5432652.621488755,-9999.0
1254,1254,1698689.314833336,5432445.881462295,1.198677685
1255,1255,1695080.696432138,5432470.408689284,0.78611823
1256,1256,1704860.196253035,5432329.062041747,1.269745496
1257,1257,1689169.297187684,5432510.249489563,3.935772733
1258,1258,1696722.098698264,5432427.2747047,0.138670112
1259,1259,1695042.347235443,5432424.349741477,2.330871009
1260,1260,1698721.219436078,5432388.134382474,0.687812532
1261,1261,1678848.561420208,5432608.741857575,0.187839645
1262,1262,1689154.845643155,5432490.171305775,2.642017854
1263,1263,1695025.282814948,5432415.528502227,2.4096061
1264,1264,1696741.471664166,5432393.317706119,-0.550249952
1265,1265,1689147.198657046,5432480.437162811,2.702732139
1266,1266,1704861.436714221,5432270.491014469,2.210673508
1267,1267,1678785.328510373,5432598.824274462,0.07439825
1268,1268,1687560.903897076,5432487.861755774,-9999.0
1269,1269,1689132.218316951,5432470.279035823,1.096852937
1270,1270,1689268.314071671,5432473.051594878,-0.643027747
1271,1271,1698728.70427121,5432352.879502369,1.410952868
1272,1272,1701238.102248485,5432334.996350672,2.000316799
1273,1273,1678742.876894694,5432579.965080193,0.506413335
1274,1274,1689119.997472849,5432460.855375255,0.633523838
1275,1275,1689109.148236757,5432451.113905835,0.509321466
1276,1276,1698735.557285149,5432326.592515902,-0.266296248
1277,1277,1678723.846815924,5432560.223682812,0.192724997
1278,1278,1689094.178420586,5432440.89788217,0.148268706
1279,1279,1695001.045758009,5432388.881185028,1.269800022
1280,1280,1698742.374149889,5432316.179078159,-9999.0
1281,1281,1678708.687528866,5432550.414000806,0.52031428
1282,1282,1687529.905470663,5432447.941218486,-9999.0
1283,1283,1689258.816355224,5432435.566043279,-0.495918574
1284,1284,1695009.523927755,5432355.983941987,-0.733130437
1285,1285,1678701.053987451,5432540.522920232,0.407500003
1286,1286,1704841.549442692,5432223.83919611,0.866293146
1287,1287,1698749.567462526,5432286.254189146,-9999.0
1288,1288,1678693.366558145,5432525.645607163,0.046414282
1289,1289,1695836.461336222,5432317.052813098,3.369344824
1290,1290,1689251.751125606,5432388.873804633,-9999.0
1291,1291,1697623.330643918,5432282.330623351,-0.064504808
1292,1292,1701289.332750244,5432254.926332501,1.516823173
1293,1293,1701582.670780433,5432227.219476793,2.000311739
1294,1294,1697573.244968901,5432272.623017513,1.092970293
1295,1295,1701615.65925501,5432207.439644666,1.776947088
1296,1296,1704837.207155643,5432156.131441435,1.553000042
1297,1297,1701671.824465225,5432186.082760599,0.991523817
1298,1298,1698651.256700346,5432232.052419906,1.635517839
1299,1299,1689236.988786974,5432328.872135963,-9999.0
1300,1300,1694982.879483696,5432245.450161031,2.823272763
1301,1301,1698636.35934962,5432201.14655233,2.867612923
1302,1302,1696649.607439991,5432215.712992841,-0.732258037
1303,1303,1678633.424073448,5432424.873413888,-0.098606729
1304,1304,1701372.538433553,5432190.553433238,1.502000015
1305,1305,1696666.167567784,5432202.326126821,-0.724749949
1306,1306,1689228.886221817,5432279.139582733,-0.634799957
1307,1307,1704846.63445548,5432064.086242219,0.823147102
1308,1308,1689234.987955084,5432249.443243223,-9999.0
1309,1309,1694894.586484641,5432181.904217727,-0.016134322
1310,1310,1705234.245172104,5432035.990920073,0.13251617
1311,1311,1698627.406897594,5432135.847438354,-0.362339595
1312,1312,1688940.732492081,5432234.408695477,-0.04538458
1313,1313,1694887.757261386,5432162.769297494,0.043337663
1314,1314,1701421.037209404,5432086.251489496,0.85404612
1315,1315,1688917.712646495,5432214.624427757,2.26255264
1316,1316,1694894.022067769,5432144.97671593,-0.494237703
1317,1317,1689291.775076776,5432200.169812516,-0.839199948
1318,1318,1694909.137385601,5432128.994885207,-0.292057691
1319,1319,1689437.893554012,5432187.868457058,-0.111072729
1320,1320,1694927.787727922,5432117.874334797,0.159841727
1321,1321,1689445.723799639,5432178.64727566,-0.197086938
1322,1322,1696765.186345637,5432090.622727752,1.495624265
1323,1323,1704845.88769759,5431998.678758456,1.451687746
1324,1324,1689453.037065521,5432167.641839885,-0.52195915
1325,1325,1696690.657458242,5432124.670005172,0.43374649
1326,1326,1694948.948403146,5432105.163764957,0.197864663
1327,1327,1694966.278002435,5432074.562337116,-0.108589479
1328,1328,1694975.893747455,5432053.841795851,-0.22655857
1329,1329,1689465.893848515,5432126.404136603,-0.056009454
1330,1330,1689473.99774616,5432092.129892908,-0.752133286
1331,1331,1698616.013109908,5432016.594014085,1.300930055
1332,1332,1704810.873057179,5431877.220115201,0.496337877
1333,1333,1695012.375840919,5431996.894799085,-9999.0
1334,1334,1678584.409943066,5432192.663114726,-0.590941131
1335,1335,1696766.903238055,5432016.932901538,-0.06276135
1336,1336,1696899.545231471,5431960.418021256,1.121765775
1337,1337,1689594.145498178,5432027.368604532,-9999.0
1338,1338,1695042.573971946,5431958.232750679,-9999.0
1339,1339,1695529.996026543,5431951.00123902,0.76405769
1340,1340,1696938.409403359,5431921.892814475,-9999.0
1341,1341,1688843.828179812,5432015.28072379,-0.481999961
1342,1342,1684554.600195379,5432056.291960179,0.534868562
1343,1343,1688828.888271969,5432005.344545739,-0.295797952
1344,1344,1696953.554779971,5431902.29868813,-0.784421009
1345,1345,1696961.158796096,5431892.603680038,-0.721333285
1346,1346,1687201.024330688,5432008.984581804,-9999.0
1347,1347,1689661.028316151,5431975.663705052,-9999.0
1348,1348,1698601.328459206,5431888.314925091,0.142264927
1349,1349,1689675.725005793,5431955.083283754,-9999.0
1350,1350,1704816.338485361,5431752.45805382,0.081333381
1351,1351,1684700.02365094,5432015.777139314,-0.508799946
1352,1352,1687199.441430945,5431969.910658704,-9999.0
1353,1353,1697005.58072699,5431863.357057231,1.846756026
1354,1354,1684679.431887151,5431964.133293672,-9999.0
1355,1355,1688349.490518682,5431921.451345781,0.458004913
1356,1356,1695299.500282438,5431851.116462938,0.023000036
1357,1357,1698593.209417639,5431779.309676371,-0.343636336
1358,1358,1684671.956249402,5431944.178557176,-9999.0
1359,1359,1684229.838146129,5431933.525267707,-9999.0
1360,1360,1689694.246072358,5431892.974815202,-0.506605459
1361,1361,1704812.723462771,5431674.225164166,0.367234813
1362,1362,1688284.100829538,5431879.447495503,1.498300972
1363,1363,1684655.587324143,5431904.479410183,-0.788399947
1364,1364,1690727.891046274,5431829.945451365,-9999.0
1365,1365,1687092.72147377,5431856.480227464,-9999.0
1366,1366,1690719.190948828,5431812.993643824,-0.593749962
1367,1367,1697326.08807144,5431727.955228227,-0.117124954
1368,1368,1698591.28889691,5431714.978848708,0.178490608
1369,1369,1704810.938799392,5431626.930864948,1.400087773
1370,1370,1684631.815470779,5431865.512928165,0.930207816
1371,1371,1695359.761719521,5431771.574869314,0.657004278
1372,1372,1697029.573842084,5431746.755784212,0.993122614
1373,1373,1704920.626289089,5431597.226895231,0.133885256
1374,1374,1697011.275527876,5431695.175657121,0.637490589
1375,1375,1698605.155288727,5431686.568123131,1.850354718
1376,1376,1689763.959103247,5431774.770378308,-0.688909044
1377,1377,1684610.461349867,5431837.517082389,1.526361346
1378,1378,1684583.185676585,5431815.758922838,-9999.0
1379,1379,1684571.059521045,5431806.151133469,-9999.0
1380,1380,1687062.795736141,5431777.292691645,-9999.0
1381,1381,1698617.850751826,5431645.862498034,0.952316193
1382,1382,1698627.674145667,5431615.033461614,-0.33274281
1383,1383,1687070.215717906,5431747.749133416,-9999.0
1384,1384,1697002.469186581,5431634.413394032,-0.419421655
1385,1385,1696995.009669912,5431611.04554931,-0.180054007
1386,1386,1698642.289241864,5431579.732440714,-9999.0
1387,1387,1684546.453386969,5431756.026436962,1.079025238
1388,1388,1689843.201906593,5431690.635744037,-0.623525596
1389,1389,1696987.493543908,5431591.141516313,-0.380583288
1390,1390,1677948.342929017,5431810.238351186,-0.529230721
1391,1391,1684532.886238222,5431736.618576377,4.022857184
1392,1392,1698664.648692583,5431549.843999805,-0.283263109
1393,1393,1688336.126800358,5431676.930597408,2.5076859
1394,1394,1698676.378331865,5431540.524166352,-0.282666619
1395,1395,1684525.63466942,5431706.763437968,-0.703999937
1396,1396,1689902.312766235,5431633.550891498,-0.623738056
1397,1397,1698761.904389867,5431518.335918762,-9999.0
1398,1398,1698777.740166826,5431508.2130337,-0.332545423
1399,1399,1698848.051681612,5431506.817902667,0.607922363
1400,1400,1689919.777925748,5431612.91384222,-0.494961529
1401,1401,1697187.362653699,5431520.113424574,-0.073466619
1402,1402,1698874.622569597,5431497.339220892,2.552875011
1403,1403,1689927.197127328,5431602.87118178,-0.411295781
1404,1404,1684493.569578053,5431670.023102908,1.784464629
1405,1405,1697173.347074982,5431499.453020285,1.462015911
1406,1406,1698896.625123157,5431481.221896103,-0.093818139
1407,1407,1688335.582911734,5431613.289592123,2.698565574
1408,1408,1689939.767146539,5431588.576634306,-0.168989954
1409,1409,1684449.046367312,5431637.228312491,1.392634185
1410,1410,1697164.51532892,5431480.851817722,5.065999985
1411,1411,1700845.658238898,5431419.127732507,-0.400344789
1412,1412,1684426.006612897,5431617.735807843,-9999.0
1413,1413,1684440.881682971,5431623.176396739,4.181230802
1414,1414,1688315.727223355,5431579.229150826,2.880310343
1415,1415,1689955.360406098,5431560.076249005,-0.191510606
1416,1416,1697149.565765594,5431460.711324482,4.105830197
1417,1417,1698882.26993007,5431435.49820482,-0.168533286
1418,1418,1688307.432674745,5431563.801785833,5.842000008
1419,1419,1690001.600356808,5431522.665624052,-0.644208287
1420,1420,1690016.560812075,5431512.674006752,-0.99999994
1421,1421,1696946.931337868,5431416.661797662,-0.566978687
1422,1422,1696939.041482341,5431396.788756182,-0.450804306
1423,1423,1698836.28061445,5431365.713532316,-0.089454498
1424,1424,1700081.205265738,5431359.576196022,2.531175913
1425,1425,1696931.124795264,5431377.327735323,-0.287279543
1426,1426,1698827.523852368,5431347.021158814,-0.084599955
1427,1427,1682976.376549198,5431540.314862353,-9999.0
1428,1428,1696923.44623481,5431362.844966035,1.820800052
1429,1429,1686952.734876635,5431479.152995263,0.700600014
1430,1430,1700766.616950986,5431303.613584107,1.087878849
1431,1431,1684350.912106327,5431538.91110383,1.919910889
1432,1432,1696913.853738925,5431345.636808615,3.252847236
1433,1433,1686937.447107358,5431459.387801331,0.529739184
1434,1434,1690047.074094865,5431439.09134378,1.149564965
1435,1435,1696997.384012789,5431323.298401886,0.012134648
1436,1436,1686929.743682745,5431444.518940905,0.58985076
1437,1437,1684259.410004434,5431458.87373104,4.528615429
1438,1438,1700730.122637748,5431241.007376908,-0.037529374
1439,1439,1684248.733750678,5431443.260967073,2.956524602
1440,1440,1690028.51682299,5431382.297145552,1.292734255
1441,1441,1676756.672040892,5431500.605046219,0.08347929
1442,1442,1686927.235711124,5431408.383227258,0.812706234
1443,1443,1696930.744713822,5431279.218962282,0.42298944
1444,1444,1677049.1530238,5431491.024076142,-0.013050002
1445,1445,1682667.04291979,5431433.851170097,-9999.0
1446,1446,1698758.486823295,5431229.204645031,0.018915274
1447,1447,1676868.457390428,5431482.961631742,0.149713513
1448,1448,1684227.953394248,5431416.527925579,1.51528739
1449,1449,1686951.9726473,5431369.448821273,-9999.0
1450,1450,1690014.124505987,5431336.888631911,0.859664406
1451,1451,1682534.000398517,5431413.463932275,-9999.0
1452,1452,1698770.723916698,5431216.214970252,-0.072790088
1453,1453,1686951.103563809,5431350.126617834,0.220315834
1454,1454,1698784.890402425,5431199.005335838,0.303680335
1455,1455,1676481.084318594,5431456.742128494,-0.011289855
1456,1456,1684200.988854384,5431379.809514856,1.544055282
1457,1457,1676463.215345194,5431446.515136612,0.299512195
1458,1458,1684175.505742114,5431360.582565931,1.806352976
1459,1459,1690004.874265571,5431305.435393531,1.353670808
1460,1460,1689990.90595234,5431282.445794256,2.422531924
1461,1461,1698802.205143402,5431178.931349061,0.183265406
1462,1462,1698809.844360868,5431158.699428634,0.702098357
1463,1463,1689976.321235879,5431261.83972866,2.282488392
1464,1464,1700692.903511664,5431158.139409206,2.37627213
1465,1465,1680881.641838774,5431373.507833897,-9999.0
1466,1466,1682235.859297766,5431367.798400306,-9999.0
1467,1467,1700665.757083231,5431115.522385292,2.434300037
1468,1468,1698817.411988859,5431134.656639082,0.194519642
1469,1469,1700652.621172309,5431102.970972615,2.260433377
1470,1470,1684162.414535251,5431327.94037118,0.73408667
1471,1471,1689965.45988172,5431239.292510971,1.253939818
1472,1472,1700642.373846601,5431092.647503541,2.498733387
1473,1473,1680896.599597091,5431334.297202395,-9999.0
1474,1474,1698970.550052243,5431106.176066938,-0.141781811
1475,1475,1699083.245849257,5431105.951081001,1.543398735
1476,1476,1680902.81590432,5431321.336474449,-9999.0
1477,1477,1698850.439420445,5431098.068151908,-0.072927402
1478,1478,1699139.905055084,5431095.351287384,3.325066652
1479,1479,1686867.105354362,5431240.801384682,-9999.0
1480,1480,1698861.427545443,5431089.179198725,-0.223999952
1481,1481,1698932.44158318,5431093.030430267,0.975646972
1482,1482,1699181.567919827,5431083.838168021,-0.417555511
1483,1483,1686859.461815709,5431230.918703711,-9999.0
1484,1484,1684160.022996515,5431269.423642539,0.858900923
1485,1485,1699265.590546358,5431065.519756963,-9999.0
1486,1486,1699482.246682543,5431101.05729859,1.654714553
1487,1487,1684139.47687785,5431243.037996734,-9999.0
1488,1488,1684117.89145584,5431232.18298335,4.011039453
1489,1489,1676338.969003987,5431308.998721975,-9999.0
1490,1490,1699519.132514224,5431034.149235259,-0.261560926
1491,1491,1682009.392838783,5431242.297185916,-9999.0
1492,1492,1682085.126308671,5431241.187459626,-9999.0
1493,1493,1686945.801162507,5431180.598931745,-9999.0
1494,1494,1686974.095432169,5431194.58339787,-9999.0
1495,1495,1699552.882515554,5431019.348671235,-0.212148111
1496,1496,1676320.495439779,5431285.026055411,-9999.0
1497,1497,1686873.796320319,5431170.903950701,-9999.0
1498,1498,1699571.826261342,5431008.515728313,1.321739163
1499,1499,1689963.746435395,5431160.40685896,0.567722047
1500,1500,1686829.555008728,5431171.560728567,-0.234222178
1501,1501,1699596.794278442,5430989.007949783,1.279265953
1502,1502,1680920.145699857,5431221.736652189,-0.448230719
1503,1503,1680935.110152725,5431189.985396998,-9999.0
1504,1504,1684059.149139626,5431159.084955152,0.728300043
1505,1505,1699691.425443001,5430956.982991178,-0.030144881
1506,1506,1681501.87371609,5431185.613737687,-9999.0
1507,1507,1686850.50881174,5431111.338361382,-0.22771424
1508,1508,1689995.832167454,5431082.522419955,-0.002910055
1509,1509,1687725.083170598,5431123.47388602,1.112763552
1510,1510,1690042.049618182,5431072.155101543,0.00344686
1511,1511,1690078.489161127,5431062.319092696,-0.067000002
1512,1512,1680945.331726951,5431171.608623466,-9999.0
1513,1513,1687015.806007156,5431089.415389224,-9999.0
1514,1514,1690061.353440854,5431048.030533365,0.110886486
1515,1515,1691271.11279306,5431026.636909171,0.058278847
1516,1516,1691289.005999833,5431040.515324515,0.132160493
1517,1517,1699732.916633686,5430934.6115725,1.500138428
1518,1518,1676303.322276399,5431216.601621546,-9999.0
1519,1519,1686872.60555958,5431071.178803238,-9999.0
1520,1520,1699773.382137463,5430905.899502337,0.785088914
1521,1521,1680976.300561855,5431133.881916359,-9999.0
1522,1522,1681018.482220236,5431123.185040438,-9999.0
1523,1523,1691261.023917302,5431001.253126088,0.055677704
1524,1524,1699799.5397512,5430891.27722212,0.937544737
1525,1525,1686955.564047652,5431040.265937912,-9999.0
1526,1526,1699833.78094122,5430876.29388868,-0.035538417
1527,1527,1686913.512729712,5431030.794476029,-9999.0
1528,1528,1690551.808540366,5430986.757682982,-9999.0
1529,1529,1679231.13949373,5431108.539955487,-9999.0
1530,1530,1686932.204242199,5431020.59721909,-9999.0
1531,1531,1681179.140198074,5431081.402729316,-9999.0
1532,1532,1681585.438357301,5431074.65265021,-9999.0
1533,1533,1690559.845014781,5430967.189785072,-0.709866641
1534,1534,1691256.98038337,5430958.396848883,0.152425003
1535,1535,1686945.321560324,5431012.802686237,-9999.0
1536,1536,1679266.42801077,5431081.59961479,-0.99999994
1537,1537,1679424.531124799,5431078.862449436,-0.412499949
1538,1538,1683857.455780537,5431024.580822185,-9999.0
1539,1539,1687668.814164249,5430982.412289199,2.057470607
1540,1540,1701415.429095678,5430803.915764336,1.544470613
1541,1541,1679129.128517944,5431069.755525603,-0.969999969
1542,1542,1679275.538697122,5431072.86058763,-9999.0
1543,1543,1681219.853137225,5431056.194344916,-9999.0
1544,1544,1681393.612091502,5431045.852018441,-0.968999952
1545,1545,1687649.36573234,5430972.998367652,0.793206892
1546,1546,1690574.394258496,5430937.470138704,-9999.0
1547,1547,1679298.37364907,5431060.6675204,-9999.0
1548,1548,1679317.234984647,5431058.940742972,0.059428602
1549,1549,1681264.572145791,5431040.62469044,-9999.0
1550,1550,1687333.644110529,5430966.41524379,0.801842087
1551,1551,1691237.506220583,5430925.305098047,0.038463542
1552,1552,1680213.951819501,5431052.673186387,-0.707999945
1553,1553,1681838.174035597,5431030.595928911,0.013886079
1554,1554,1679453.178268013,5431037.172538683,-9999.0
1555,1555,1681826.70976431,5431014.47342483,0.079
1556,1556,1687283.244037293,5430959.79443005,0.417708476
1557,1557,1684937.249006994,5430964.506726422,-0.446593709
1558,1558,1687175.566324643,5430933.809096155,0.055932785
1559,1559,1699968.300286876,5430792.054788608,1.140820609
1560,1560,1676258.690611651,5431046.501009642,-0.017134831
1561,1561,1679472.589532616,5431013.390315447,-9999.0
1562,1562,1681674.664580124,5430986.37554252,-9999.0
1563,1563,1681797.577493424,5430983.371614417,-0.20114284
1564,1564,1681773.09377952,5430970.705072255,-0.364086306
1565,1565,1690057.564095326,5430965.989086168,0.140901632
1566,1566,1691201.251936541,5430881.116002289,0.339659036
1567,1567,1681689.992940346,5430976.285755949,-9999.0
1568,1568,1687076.094484674,5430913.205574937,0.24296877
1569,1569,1690080.413525528,5430863.124562588,-0.025679387
1570,1570,1691133.439259106,5430856.90943394,0.167341748
1571,1571,1680226.985573159,5431011.415346915,-0.899999976
1572,1572,1700108.496632265,5430728.804866813,3.51733655
1573,1573,1676283.948551694,5431001.135780049,-0.052717387
1574,1574,1679492.314176834,5430981.231267736,-0.162313801
1575,1575,1679759.323360547,5430966.051577625,-9999.0
1576,1576,1681733.688288023,5430953.353357176,-0.413810575
1577,1577,1679519.187407564,5430955.792242716,-0.185557488
1578,1578,1679749.013935751,5430958.088429533,-9999.0
1579,1579,1678589.398596752,5430960.53036736,-9999.0
1580,1580,1676259.006995749,5430973.502448794,0.359464649
1581,1581,1679644.880458151,5430941.690465402,-0.556444393
1582,1582,1679543.150188473,5430936.038881736,-0.282506624
1583,1583,1679662.098134215,5430925.042718102,-0.197781209
1584,1584,1676242.088207529,5430955.966309991,0.207032895
1585,1585,1680267.01817259,5430920.845527644,-9999.0
1586,1586,1676226.83116612,5430936.179058461,0.251866665
1587,1587,1700101.847986685,5430669.232421741,1.013902401
1588,1588,1678951.931347099,5430895.482531579,-0.445777741
1589,1589,1680281.892022749,5430889.155303808,-0.550999969
1590,1590,1676202.624038786,5430898.174686389,-0.041377009
1591,1591,1678773.224022422,5430864.171114212,-0.145291145
1592,1592,1678803.868533457,5430863.839225926,-0.165065215
1593,1593,1700082.99577498,5430601.368560865,2.46005409
1594,1594,1700457.968260624,5430596.930912935,3.259735303
1595,1595,1678750.784253721,5430864.977306065,-9999.0
1596,1596,1701111.881339436,5430578.006422779,2.405393949
1597,1597,1701194.645871446,5430576.855560373,0.053578969
1598,1598,1676182.72219766,5430874.566045977,0.106348036
1599,1599,1700375.327611353,5430584.482478505,1.357890454
1600,1600,1701216.940498195,5430556.596330631,0.187971439
1601,1601,1701224.325756011,5430546.519039008,-0.057333297
1602,1602,1701239.235000424,5430536.337029702,0.503717011
1603,1603,1676161.918984719,5430844.668746399,0.317442893
1604,1604,1701254.144203442,5430526.154988936,1.982264153
1605,1605,1701287.863332818,5430515.711015828,0.193034522
1606,1606,1676126.368772112,5430809.56563078,-0.243615392
1607,1607,1701310.296404041,5430505.424101034,0.571140638
1608,1608,1683611.028438888,5430719.484895535,0.555672748
1609,1609,1685464.974426934,5430703.776068362,-9999.0
1610,1610,1700260.360922408,5430511.372919112,3.375294145
1611,1611,1701326.505747715,5430498.548647571,0.666936751
1612,1612,1676111.728526583,5430788.823351079,-0.304666668
1613,1613,1700132.435965547,5430515.286955385,0.855193935
1614,1614,1701357.391753401,5430482.824060131,0.221379356
1615,1615,1676102.097629482,5430771.684686084,-0.242617026
1616,1616,1680332.502305431,5430732.32489327,-9999.0
1617,1617,1701388.648462124,5430462.494624732,0.236618291
1618,1618,1701516.117881924,5430457.877696589,0.954196862
1619,1619,1677986.658041188,5430704.680126449,-9999.0
1620,1620,1676053.489516594,5430693.44905857,-0.197111115
1621,1621,1700435.295614093,5430423.942102155,2.309277729
1622,1622,1676030.225832387,5430626.065706229,-0.220759058
1623,1623,1680619.022693945,5430560.264736591,-0.486666676
1624,1624,1680636.252760301,5430543.822509274,-0.22434067
1625,1625,1680291.415332188,5430602.514619082,-0.028011628
1626,1626,1680576.194887782,5430525.932002467,-0.238129847
1627,1627,1700375.9575975,5430285.392739567,2.06766207
1628,1628,1675993.553023596,5430549.650747816,0.137669902
1629,1629,1677618.090039987,5430520.721268307,-9999.0
1630,1630,1677726.772410922,5430516.557189225,-0.658799958
1631,1631,1676000.549003366,5430524.643734358,0.035457142
1632,1632,1677684.128593628,5430515.781427938,-9999.0
1633,1633,1700392.004260161,5430218.920468505,-9999.0
1634,1634,1700421.823543061,5430198.55983726,2.140652185
1635,1635,1676000.18432382,5430489.740073776,0.145566877
1636,1636,1677301.589561018,5430473.515797166,-9999.0
1637,1637,1677481.964269608,5430470.795694149,-0.523624953
1638,1638,1700444.256754974,5430188.275580639,1.724350914
1639,1639,1677370.252333656,5430473.847757282,-9999.0
1640,1640,1675977.765651412,5430459.715560585,-0.021360202
1641,1641,1680800.106405344,5430520.036963903,0.089587774
1642,1642,1683379.840942456,5430324.089741746,-0.42375753
1643,1643,1677066.47035431,5430367.717349675,-9999.0
1644,1644,1684600.968817826,5430276.745905419,-9999.0
1645,1645,1675979.00739648,5430345.857800426,-0.098012192
1646,1646,1700428.084754537,5430036.815218447,0.183338199
1647,1647,1675960.535777435,5430295.66970934,-0.110885713
1648,1648,1700471.733838596,5429998.38052097,-0.047692259
1649,1649,1700790.815684011,5429994.298238666,-0.034559967
1650,1650,1675952.911343824,5430285.771705738,0.047887499
1651,1651,1683320.865220756,5430248.577584365,-0.777749985
1652,1652,1700479.119502084,5429988.303985535,0.052216257
1653,1653,1700771.159438441,5429985.036995718,0.895137652
1654,1654,1700490.266852801,5429978.17546553,1.071032291
1655,1655,1700756.890367,5429975.84860454,1.482826112
1656,1656,1700501.414172293,5429968.046933569,0.046000049
1657,1657,1675945.02052166,5430250.950681232,-0.260916643
1658,1658,1700508.730855232,5429952.9840683,1.809172852
1659,1659,1683761.567720747,5430150.173302454,-9999.0
1660,1660,1675937.288991251,5430231.084272737,-0.305107108
1661,1661,1683708.789787016,5430140.807083406,2.572800011
1662,1662,1685190.62989361,5430123.342333607,1.10836111
1663,1663,1675922.5261737,5430206.093213638,-0.170909063
1664,1664,1683701.036959686,5430120.948636102,2.954303068
1665,1665,1685196.436284791,5430103.518612738,4.863941207
1666,1666,1683693.284172827,5430101.090180549,2.998478306
1667,1667,1683677.950823035,5430076.332021737,2.996000015
1668,1668,1675912.282154009,5430152.684840134,-0.271552088
1669,1669,1683387.278419832,5430066.901150427,-0.773999929
1670,1670,1676881.362024159,5430133.289059452,0.138120275
1671,1671,1683670.198142683,5430056.47354185,2.898627471
1672,1672,1683656.910129191,5430027.813092949,2.956906311
1673,1673,1676855.356728622,5430103.975579006,0.219127139
1674,1674,1675905.955976388,5430103.56192618,-0.278896555
1675,1675,1700611.365284749,5429834.938415891,0.741219757
1676,1676,1683372.015520446,5429990.460339776,-9999.0
1677,1677,1675898.268020229,5430071.268017345,-0.083916667
1678,1678,1683634.306201405,5429988.731816842,1.795787257
1679,1679,1676856.254419759,5430067.982979982,0.032780219
1680,1680,1675867.24487506,5430007.402050409,0.004076922
1681,1681,1676551.58138906,5429990.470060289,-0.075803926
1682,1682,1683668.534609395,5429911.872041568,1.241389882
1683,1683,1676431.108009735,5429981.763538277,0.23390566
1684,1684,1683668.305153113,5429891.927005012,2.453929595
1685,1685,1676438.938178535,5429962.728353049,0.356642441
1686,1686,1675859.299799927,5429967.598620165,-0.040321621
1687,1687,1676415.792513355,5429941.825593663,0.399774997
1688,1688,1675995.138479009,5429938.500569986,-0.041907801
1689,1689,1676408.164757069,5429931.932149109,0.366999993
1690,1690,1676139.34211784,5429898.441253477,-0.050999994
1691,1691,1676282.08064887,5429899.567016423,0.017462541
1692,1692,1676317.624455055,5429893.193014001,0.374076924
1693,1693,1676306.081446816,5429883.136013002,0.033453332
1694,1694,1676388.142363251,5429891.005314268,0.325029213
1695,1695,1676248.359701969,5429877.231808258,0.263939161
1696,1696,1676167.324160695,5429879.432723988,-0.037586346
1697,1697,1676230.643168311,5429863.979976942,0.199759998
1698,1698,1683742.272394536,5429781.363415563,0.937111142
1699,1699,1676196.58114459,5429844.389775003,-0.025385709
1700,1700,1676415.859234913,5429859.304657089,0.362053029
1701,1701,1676819.247468623,5429838.134918074,-0.119325577
1702,1702,1683313.490977121,5429771.776155765,-0.192222221
1703,1703,1676356.096262665,5429859.093303161,0.236151122
1704,1704,1676219.143708686,5429826.761457069,0.075186991
1705,1705,1683756.91625616,5429746.286327239,1.488737513
1706,1706,1676805.571672985,5429813.39353178,-0.045413044
1707,1707,1683331.701569167,5429736.210412106,-0.063853336
1708,1708,1683350.280156357,5429716.049845112,-0.057479451
1709,1709,1676708.603507307,5429769.925649586,0.058746666
1710,1710,1683372.611719405,5429695.118940018,-0.017749995
1711,1711,1683741.181464045,5429686.624467784,1.006872917
1712,1712,1676767.37267505,5429748.624586114,0.015057144
1713,1713,1683725.96358381,5429671.838919987,0.69312908
1714,1714,1676755.983235737,5429738.771201618,0.016219355
1715,1715,1683718.031779122,5429666.327162405,0.020000047
1716,1716,1676737.071058739,5429728.997189844,0.0594
1717,1717,1676567.800217951,5429851.320900192,0.272654448
1718,1718,1683394.413247393,5429638.750465499,0.209612761
1719,1719,1683505.728403671,5429525.748619656,0.265938459
1720,1720,1683490.527936151,5429516.359296959,0.139963637
1721,1721,1683445.838653924,5429505.623084496,0.159588235
1722,1722,1684604.158614245,5429038.749143508,0.134233262
1723,1723,1684285.826431968,5428870.65496488,-9999.0
1724,1724,1684295.508304375,5428827.454140234,-0.534874992
1725,1725,1684295.470167581,5428807.772364888,-0.193230754
1726,1726,1684347.46774193,5428767.008222839,-0.624769183
1727,1727,1684401.347463143,5428742.4455927,0.537399161
1728,1728,1684878.740870922,5428690.547195372,5.208296268
1729,1729,1684482.211159875,5428666.081563337,1.044823564
1730,1730,1684639.115232469,5428663.874418537,-9999.0
1731,1731,1684721.63230197,5428633.477071589,1.444869599
1732,1732,1684762.434299924,5428643.590407965,0.448093762
1733,1733,1684835.138185569,5428634.970963637,-0.127137699
1734,1734,1684516.020201188,5428618.437165962,1.106563738
1735,1735,1684689.533103714,5428590.10142858,-0.221357096
1736,1736,1684602.567035251,5428534.828329446,0.531867817
