OID,FID_,X,Y,BCE_Ruatan
0,0,1572295.676491198,5501419.536640099,2.044254925
1,1,1571909.314461119,5501144.603561601,0.822371737
2,2,1571814.538271039,5501099.373829682,0.584306669
3,3,1571732.979901168,5501022.045797006,0.543562496
4,4,1571714.949580781,5501001.341958619,0.613892733
5,5,1571689.62780414,5500989.213836595,0.445771428
6,6,1571697.260968979,5500979.271914908,0.604200003
7,7,1571676.602603901,5500962.962240128,0.393270195
8,8,1571720.161290017,5500949.44486315,1.005299991
9,9,1571651.839804563,5500939.213401187,0.294775001
10,10,1571769.569876137,5500939.66116585,1.666973353
11,11,1571673.41666805,5500931.00718084,0.86694286
12,12,1572237.32066717,5500921.479014582,0.940139992
13,13,1571741.923689276,5500906.668646201,0.956726646
14,14,1571800.10304776,5500899.891451268,0.997294112
15,15,1571929.659161421,5500890.991554202,0.966403821
16,16,1572107.599527815,5500891.284039315,0.950999991
17,17,1571755.128849539,5500882.753702438,0.918912082
18,18,1571781.033547545,5500880.080849794,0.917226416
19,19,1571963.480341004,5500880.566309534,1.209130432
20,20,1571630.255097083,5500892.332131991,0.682175452
21,21,1571912.673925264,5500854.74221566,0.878911115
22,22,1572208.909843601,5500845.524661077,0.726551545
23,23,1571554.846168237,5500817.307104952,0.757236598
24,24,1571515.789278283,5500764.194320555,0.815569564
25,25,1571778.060739104,5500765.623402538,0.720544115
26,26,1572157.302794883,5500756.960473042,0.611375608
27,27,1571523.32348659,5500739.499189325,0.808867922
28,28,1571758.914934285,5500745.178684065,0.718067564
29,29,1572191.708552353,5500742.028252635,0.794811317
30,30,1571877.329494555,5500742.433982482,0.666535213
31,31,1572245.10648881,5500722.080456344,0.962050024
32,32,1571808.81245769,5500711.049547499,0.678564345
33,33,1571842.131834071,5500716.101820427,0.683773575
34,34,1571719.497605314,5500724.721371881,0.668615049
35,35,1571614.657187711,5500689.991374739,0.650500001
36,36,1572162.914130134,5500682.622932538,0.727759999
37,37,1571409.819067169,5500669.059495554,0.882886966
38,38,1571473.943164046,5500669.971130725,0.696124993
39,39,1572226.951277373,5500741.360731716,0.879209724
40,40,1571463.577641684,5500659.294567459,0.497499999
41,41,1571664.69256025,5500660.644926012,0.615851477
42,42,1571759.236761664,5500660.423109586,0.648573503
43,43,1571482.455288327,5500646.239323225,0.669984846
44,44,1571452.112697265,5500625.066344281,0.738052266
45,45,1571941.728537616,5500606.271196835,0.638395654
46,46,1571546.352514468,5500584.257015325,0.630171414
47,47,1572017.617270111,5500581.83312737,0.66007693
48,48,1572066.781826637,5500562.536087458,0.563075476
49,49,1571943.434984579,5500559.778122724,0.566300668
50,50,1572055.706813429,5500551.653198092,0.623057692
51,51,1571363.553979367,5500579.070927709,0.845073228
52,52,1571718.314006912,5500541.192336549,0.493223296
53,53,1571745.980000969,5500545.119936216,0.454182755
54,54,1571308.218045079,5500529.650120611,0.880392148
55,55,1572158.903386993,5500522.91198547,0.582068616
56,56,1571322.231798372,5500519.055140502,0.844933816
57,57,1571399.473949703,5500500.087434614,0.731401954
58,58,1571717.72336344,5500506.017157835,0.50295098
59,59,1571304.159363755,5500494.153150027,0.842517383
60,60,1571850.864261442,5500491.461338945,0.570596159
61,61,1571322.808822709,5500478.686569919,0.806682705
62,62,1571744.709313031,5500485.868590282,0.456000003
63,63,1571288.601719444,5500474.672090013,0.846495148
64,64,1571767.394635094,5500471.202151324,0.412698108
65,65,1571809.834497004,5500450.550458029,0.490715685
66,66,1572208.136245357,5500452.715007209,0.927475005
67,67,1571251.438173003,5500419.368542652,0.83242305
68,68,1571230.635894997,5500411.882027578,0.847645163
69,69,1571765.914196177,5500426.261857912,0.410279521
70,70,1571457.330661381,5500431.515139495,0.563794692
71,71,1571790.153031859,5500385.757937904,0.451981131
72,72,1572060.692050263,5500382.944232029,0.418730778
73,73,1571772.122994169,5500371.883099847,0.427663461
74,74,1572177.430553003,5500495.055213042,0.773203547
75,75,1571552.449957156,5500378.701931199,0.486555048
76,76,1571133.057285635,5500352.894230941,0.900173682
77,77,1571166.437376483,5500363.700109673,0.86389224
78,78,1571228.749079585,5500354.262204531,0.782443481
79,79,1572109.091767032,5500350.979785038,0.617278485
80,80,1572132.634739224,5500332.775805049,1.263571438
81,81,1571187.546800643,5500309.812801646,0.769607822
82,82,1572041.452279198,5500302.723871449,0.35811539
83,83,1571247.640092647,5500294.81522428,0.706416663
84,84,1572064.430767942,5500292.634345235,1.137142868
85,85,1572023.092586047,5500283.088966505,0.330640778
86,86,1572653.066426735,5500284.850903763,0.849175003
87,87,1571134.083844658,5500284.095559642,0.768751205
88,88,1572622.722593853,5500275.115992435,0.819427282
89,89,1572023.1676124,5500263.146464669,0.716696077
90,90,1571109.342257937,5500295.723209671,0.857843776
91,91,1572637.39305426,5500254.140923949,0.866381583
92,92,1571149.139379318,5500234.605313719,0.749268288
93,93,1571069.760605997,5500224.017171889,0.879197822
94,94,1571108.79029328,5500217.111089311,0.800765281
95,95,1572634.354594737,5500209.996685692,0.619228579
96,96,1572017.150429962,5500192.742652925,1.245124971
97,97,1571593.852070668,5500171.399416844,0.148037735
98,98,1572026.352963662,5500172.834493071,1.360440035
99,99,1571138.208467372,5500159.673502093,0.722851854
100,100,1571077.489687946,5500149.466182924,0.791711533
101,101,1571041.937133114,5500157.99351997,0.844652169
102,102,1571605.168334292,5500146.618004691,0.147460785
103,103,1571666.668087522,5500142.139949041,0.233607841
104,104,1572630.777423239,5500150.155199615,0.804553332
105,105,1571061.311381482,5500120.192159614,0.632656059
106,106,1572711.819236816,5500126.259758879,0.600940388
107,107,1571047.267834128,5500109.053967455,0.765094349
108,108,1571092.97127128,5500114.421967459,0.601440907
109,109,1571677.292573425,5500106.129860095,0.160375
110,110,1571685.605327054,5500091.569177173,0.151653846
111,111,1572047.108264447,5500111.073371356,0.957280553
112,112,1572661.753647645,5500096.007933673,0.740834943
113,113,1572695.377056922,5500095.75454615,0.510423081
114,114,1571014.112241545,5500088.259680896,0.854575167
115,115,1570967.87367552,5500059.091868787,1.058599997
116,116,1570986.860159021,5500059.165976393,0.876625003
117,117,1572674.065828063,5500066.29279639,0.952324491
118,118,1571003.740586587,5500048.388062507,0.846834158
119,119,1572751.382178541,5500067.051039719,1.00509302
120,120,1572049.654685885,5500047.710436033,0.315952379
121,121,1572596.830705405,5500045.535094187,1.756094343
122,122,1572636.166256627,5500046.210648336,1.012635771
123,123,1571639.952710546,5500031.975787335,-0.139452826
124,124,1572730.324651833,5500036.431394286,0.585892151
125,125,1572537.510479459,5500025.904164834,1.614318155
126,126,1571670.444926657,5500002.177819875,-0.029431371
127,127,1571055.463789288,5499994.619180251,0.715091296
128,128,1571678.390489137,5499991.827703623,-0.265415095
129,129,1570911.229134928,5499978.370517142,0.973686272
130,130,1570967.008432348,5499980.557851187,0.820039873
131,131,1571591.4070558,5499962.36759469,0.261843135
132,132,1571351.666680142,5499951.099453633,0.434230772
133,133,1571738.985199202,5499952.581634397,-0.182363633
134,134,1572351.881531111,5499959.974558541,0.952744874
135,135,1570903.784993075,5499939.913159736,0.909395815
136,136,1572335.344195536,5499944.996554467,0.750651803
137,137,1571602.360711483,5499932.118301932,0.23598113
138,138,1571012.820132985,5499927.796252304,0.934570007
139,139,1571579.248298127,5499926.270553938,0.247419048
140,140,1571169.186403824,5499914.720482176,0.606235853
141,141,1572411.413972812,5499899.575324914,0.448443975
142,142,1572080.998890562,5499884.073891818,0.059226416
143,143,1572749.782168542,5499876.333355855,0.680481491
144,144,1570969.048048553,5499860.249681225,0.92847524
145,145,1572768.151067875,5499862.075572775,0.753999988
146,146,1571604.86289817,5499891.139701042,0.180999999
147,147,1571625.119438726,5499846.674520331,0.1312
148,148,1572594.357586198,5499836.503705228,0.459088238
149,149,1570866.440867317,5499819.176792096,0.733269254
150,150,1572758.357518693,5499846.090026691,0.698686176
151,151,1570831.389505017,5499830.066419959,0.845804026
152,152,1571042.199186628,5499810.831648501,1.041359471
153,153,1572594.431091064,5499816.56119149,0.435097089
154,154,1571503.762331052,5499806.324789413,-0.057657145
155,155,1571629.248957587,5499802.20581862,0.099395833
156,156,1572574.636646606,5499790.409055951,0.369342863
157,157,1572594.541348872,5499786.64741972,0.388823533
158,158,1570775.348094286,5499769.166730477,0.871400004
159,159,1571625.754477556,5499772.256171514,0.044326923
160,160,1572294.693627215,5499780.538307623,0.147304763
161,161,1570782.98157504,5499759.225315319,0.883524989
162,162,1570885.900195119,5499760.210444213,0.824413457
163,163,1571527.065235004,5499762.316478561,-0.031961542
164,164,1571835.186183469,5499763.866958577,0.061384617
165,165,1572465.511987723,5499766.227926155,0.251000005
166,166,1572491.677690331,5499770.729056778,0.303609754
167,167,1572666.208208421,5499766.59151715,0.386672728
168,168,1572578.721351063,5499761.387547727,0.329280792
169,169,1571296.068751831,5499741.862407845,0.482105773
170,170,1571872.361792797,5499757.887668183,0.0401843
171,171,1572704.252848765,5499746.788497095,0.400320754
172,172,1571639.67549495,5499745.123110611,0.029524691
173,173,1571917.788047842,5499748.344060415,-0.265642405
174,174,1572096.787969608,5499724.181800758,0.023307693
175,175,1572582.956252017,5499731.180623448,0.300859093
176,176,1571827.780804625,5499713.981889514,-0.417262138
177,177,1571656.396186998,5499702.982192303,-0.062250002
178,178,1571782.253229501,5499703.837838969,0.106601943
179,179,1571929.605034564,5499718.319723152,-0.281823626
180,180,1572687.545099185,5499712.691411711,0.346840843
181,181,1571242.359162537,5499696.510457713,0.410270941
182,182,1572100.417203623,5499695.151118281,0.008194175
183,183,1570858.683358861,5499679.751083055,0.898690914
184,184,1572095.76389692,5499677.419763881,-0.052132779
185,185,1572507.060045459,5499676.262190574,0.126188683
186,186,1572066.793469159,5499663.716558579,-0.153679251
187,187,1571284.570419155,5499666.451025755,0.361328916
188,188,1572822.844359725,5499657.857321452,0.616892156
189,189,1571683.399500267,5499653.514548085,-0.08157804
190,190,1571846.516135621,5499633.90469991,-0.216215689
191,191,1572055.891995537,5499646.492624381,-0.249045379
192,192,1572139.443401306,5499635.385070074,-0.163712869
193,193,1572818.567816875,5499637.521976103,0.609038462
194,194,1571246.616464558,5499621.637474864,0.428980752
195,195,1571649.106139355,5499623.183149578,-0.131339617
196,196,1571990.971899695,5499631.505864157,-0.408155561
197,197,1571385.771082348,5499614.384972849,0.283906979
198,198,1571846.591651145,5499613.962177246,-0.185803933
199,199,1572109.141594848,5499615.328657499,-0.203809995
200,200,1572797.422313182,5499617.049048251,0.48898706
201,201,1571218.658695867,5499610.887923551,0.498992013
202,202,1571990.588427606,5499598.775204658,-0.365952384
203,203,1572780.743071526,5499597.498022316,0.376352951
204,204,1571205.59003443,5499578.137376384,0.497914774
205,205,1571668.83378669,5499573.778242519,-0.063326732
206,206,1571679.867126659,5499563.267452961,-0.084299998
207,207,1572679.618666047,5499611.7047537,0.211878358
208,208,1571031.007561223,5499551.377537309,0.957333318
209,209,1571475.020087864,5499552.717418361,0.248692306
210,210,1571693.887231505,5499552.614232516,-0.109748344
211,211,1572242.021454286,5499555.620620455,-0.205981129
212,212,1571467.863062355,5499542.514053194,0.226392159
213,213,1572230.947705138,5499544.737963439,-0.284594327
214,214,1570518.088008401,5499529.56572673,0.688568628
215,215,1571850.790624518,5499548.959467157,-0.145808332
216,216,1571949.965735743,5499534.958598261,-0.23319231
217,217,1572260.490979922,5499536.207668148,-0.230519617
218,218,1570464.114577696,5499518.652067808,0.230925534
219,219,1571363.241906891,5499551.364440522,0.32636426
220,220,1572978.443674992,5499528.419439732,0.814019231
221,221,1570411.85350365,5499508.472147481,0.200835446
222,222,1572340.581304238,5499516.102345876,-0.233754729
223,223,1572591.184338918,5499517.030450631,-0.101961538
224,224,1572272.272208271,5499505.87649798,-0.326769235
225,225,1570461.292576095,5499489.074013504,0.476554547
226,226,1571323.096369364,5499482.333091925,0.364519222
227,227,1571342.633651707,5499482.785353889,0.372435649
228,228,1571513.06117813,5499499.123186525,0.197599655
229,229,1571923.02252483,5499484.622943216,-0.233075483
230,230,1570385.413401015,5499473.466832163,0.704730508
231,231,1571004.340840479,5499471.649540064,0.911339978
232,232,1571506.808888518,5499471.955900106,0.241392404
233,233,1571557.443381065,5499473.965056882,0.14671795
234,234,1571787.730867018,5499474.670068191,-0.243258283
235,235,1570575.667784739,5499491.314969585,0.41495447
236,236,1571543.400332198,5499462.827788035,0.178807694
237,237,1571839.564045152,5499464.364476955,-0.37556603
238,238,1571942.635096901,5499465.13110148,-0.24722116
239,239,1572703.458622041,5499472.252506085,-0.024462963
240,240,1572981.647695424,5499480.793444947,0.649451483
241,241,1570313.379148411,5499455.452305621,0.678208396
242,242,1570871.526947819,5499450.458818006,0.791503359
243,243,1571173.945591415,5499456.338511447,0.803815869
244,244,1571983.887263377,5499454.93833698,-0.268641508
245,245,1570267.845994873,5499438.097647903,0.585795656
246,246,1570624.917169391,5499439.721578878,0.502698114
247,247,1570653.891664181,5499475.358685246,0.365562158
248,248,1570844.433421652,5499440.381197893,0.729117645
249,249,1571832.045622483,5499444.393180674,-0.320207543
250,250,1571270.131017356,5499432.271534032,0.452711536
251,251,1571486.375513074,5499443.467114684,0.288512194
252,252,1571854.865254097,5499434.508198168,-0.317461537
253,253,1571870.053155506,5499434.565680531,-0.44416666
254,254,1571987.607216516,5499430.127706273,-0.278308827
255,255,1572584.051067741,5499434.288531208,-0.162736264
256,256,1570199.620233098,5499407.910189718,0.746742101
257,257,1571153.054410999,5499412.25227489,0.55695048
258,258,1571367.87000604,5499445.738880914,0.313837822
259,259,1572557.139910626,5499416.404963696,-0.209451924
260,260,1572615.018005817,5499425.584369515,-0.28131818
261,261,1570767.2764646,5499407.671094621,0.852376681
262,262,1571133.556037741,5499401.828247667,0.577615373
263,263,1571224.683091109,5499402.181520004,0.479000003
264,264,1571466.639102421,5499402.174394984,0.289051949
265,265,1571900.972731086,5499410.035451505,-0.27583948
266,266,1572471.448566725,5499407.433367902,-0.133222221
267,267,1572603.136074069,5499407.184632103,-0.311879998
268,268,1570169.304519389,5499392.831481351,0.882456524
269,269,1570993.659651273,5499391.689247248,0.668010001
270,270,1571025.832033145,5499406.472860294,0.807028256
271,271,1571059.884636546,5499397.471457704,0.797152635
272,272,1571289.079705694,5499397.548651324,0.382443907
273,273,1571441.34641407,5499455.822695253,0.304589703
274,274,1572492.332871682,5499414.582678248,-0.128140776
275,275,1572622.001103966,5499397.487223349,-0.316153837
276,276,1571255.447351616,5499382.357701515,0.404038458
277,277,1572983.31801315,5499401.985510984,0.783884124
278,278,1570134.007476106,5499369.821194388,1.036465706
279,279,1571078.665060875,5499376.007041108,0.63737187
280,280,1571145.615282382,5499372.337740294,0.642892144
281,281,1572022.157317424,5499375.311211066,-0.410169831
282,282,1571126.117024789,5499361.913692306,0.643576922
283,283,1572052.570359344,5499365.45419756,-0.300113217
284,284,1571222.365116841,5499371.155002868,0.418538121
285,285,1571425.598871514,5499364.976274404,0.23241579
286,286,1572091.939719687,5499356.161385017,-0.308605262
287,287,1572463.259190611,5499361.274768403,-0.433597375
288,288,1572653.972368402,5499365.540537615,-0.273105062
289,289,1572977.129920076,5499358.696473151,0.575147725
290,290,1571304.614169585,5499361.491152261,0.317132757
291,291,1571445.449630753,5499342.795272787,0.191115383
292,292,1572719.985777091,5499398.618305928,-0.097629376
293,293,1570110.467853148,5499338.828492019,0.625844211
294,294,1571176.329700723,5499347.048159447,0.514487352
295,295,1571247.872045623,5499337.252542339,0.368586815
296,296,1572490.244805104,5499353.426510259,-0.27972747
297,297,1571495.125419288,5499323.828994336,0.145586541
298,298,1571885.655850787,5499324.939216181,-0.134480773
299,299,1571031.056602673,5499314.57484758,0.521267379
300,300,1571047.652417555,5499342.950683787,0.606193358
301,301,1571272.488426727,5499317.355769645,0.339961929
302,302,1571316.156396281,5499312.792277482,0.314615382
303,303,1572959.936323164,5499335.429924695,0.367140443
304,304,1571825.018512919,5499294.795424666,-0.174326927
305,305,1571885.768977858,5499295.025417736,-0.201944447
306,306,1571923.775676334,5499285.197644911,-0.160634621
307,307,1571946.557069795,5499285.283648004,-0.117862742
308,308,1572645.186423466,5499287.887177613,-0.325528299
309,309,1572986.379908558,5499292.450949564,0.827983603
310,310,1570110.872592103,5499287.896785055,0.82369483
311,311,1570852.130197782,5499353.963382967,0.429920296
312,312,1571518.987401214,5499292.984413359,-0.018728839
313,313,1571657.70170293,5499268.457147246,-0.180428571
314,314,1571688.443886504,5499264.362324161,-0.183653846
315,315,1571878.288328028,5499265.08289587,-0.21496154
316,316,1570131.895795031,5499253.081259776,0.830285079
317,317,1571886.232824693,5499254.732551112,-0.234961534
318,318,1570798.073360664,5499246.86446467,0.598904351
319,319,1571665.738562661,5499244.332994946,-0.271326919
320,320,1570128.200474706,5499227.789711392,0.975770656
321,321,1570809.92589486,5499230.845937566,0.644500005
322,322,1570905.436690367,5499258.92075223,0.515166188
323,323,1570986.847337534,5499242.24813444,-0.120212839
324,324,1571676.927934205,5499233.618304903,-0.273584165
325,325,1571806.813171408,5499235.274870248,-0.116336637
326,326,1571837.188161146,5499235.390004481,-0.144737863
327,327,1571882.750645438,5499235.562473116,-0.234519232
328,328,1572679.465495999,5499286.770778987,-0.23079259
329,329,1571283.009799469,5499225.692749281,0.33928729
330,330,1572072.633621863,5499237.661393321,-0.346566099
331,331,1570144.861601033,5499214.132180857,0.400907838
332,332,1571234.900513055,5499219.958800479,0.240544943
333,333,1571346.916038448,5499213.196736444,0.237396224
334,334,1572804.911493659,5499218.673399767,-0.010207547
335,335,1571677.091204648,5499209.580177973,-0.126656865
336,336,1571756.092391368,5499222.334378211,-0.256331523
337,337,1571960.175693652,5499212.051153473,-0.33065123
338,338,1571333.167938112,5499193.731597669,0.419278147
339,339,1572038.020194829,5499195.885559631,-0.305113205
340,340,1572319.024439116,5499186.965817384,-9999.0
341,341,1572858.488248981,5499188.955005785,0.079346154
342,342,1572984.163340486,5499246.097874853,0.725283665
343,343,1571066.257048467,5499172.748209029,-0.129339998
344,344,1571658.448927832,5499164.533902372,-0.028773584
345,345,1571683.42744312,5499170.401793054,-0.068404081
346,346,1572349.821945783,5499157.166215776,-0.47773132
347,347,1572794.518009992,5499173.943798728,-0.044861219
348,348,1571619.099176809,5499135.137364882,-0.293240194
349,349,1572269.572826153,5499137.385396105,-0.143221156
350,350,1572715.4421216,5499139.105050568,-0.205908493
351,351,1572736.862018458,5499138.243957749,-0.162480767
352,352,1571438.735333301,5499113.835910052,-0.196096158
353,353,1571485.386320126,5499104.574284441,0.027647058
354,354,1571521.991953498,5499104.183910484,0.008057693
355,355,1572968.456426679,5499133.170808016,0.528390181
356,356,1572892.754363152,5499115.799451347,0.093759808
357,357,1570952.190512412,5499071.860431369,0.783062484
358,358,1571453.901658648,5499078.789709851,-0.138901567
359,359,1571491.732213877,5499074.153674702,-0.095826922
360,360,1571803.069170992,5499075.341147992,-0.150075467
361,361,1571818.256339174,5499075.398739959,-0.266196069
362,362,1572726.587442088,5499092.828249026,-0.292804904
363,363,1572949.700250912,5499079.602076886,0.172132072
364,364,1570800.91453657,5499060.567629774,0.930480777
365,365,1571119.68529801,5499062.74612336,0.63062745
366,366,1571704.528060383,5499069.776493809,-0.160298805
367,367,1572715.698310168,5499069.306175256,-0.33820001
368,368,1571090.059998885,5499052.455051895,0.911042547
369,369,1571863.964257219,5499066.194371327,-0.348384609
370,370,1570679.493131095,5499040.875546988,0.231800002
371,371,1570800.987146354,5499042.082475219,0.948553217
372,372,1570874.997869673,5499049.122682023,0.887192568
373,373,1571879.155895396,5499035.743717068,-0.280725479
374,374,1570666.660857693,5499023.773588791,0.4055
375,375,1571704.679880739,5499029.891411737,-0.312047745
376,376,1571750.103552921,5499025.282979599,-0.403322831
377,377,1571552.828194372,5499024.326163701,0.065577779
378,378,1572935.078675037,5499009.749051383,0.014230769
379,379,1571750.217236297,5498995.369166445,-0.275134611
380,380,1572813.307509452,5498999.333286976,-0.117153841
381,381,1571857.926471349,5498986.337005493,-0.27260893
382,382,1571795.991504206,5498980.381367346,-0.345549479
383,383,1571822.983369655,5498976.079447464,-9999.0
384,384,1572795.073537081,5498971.341215621,-0.181984894
385,385,1572832.952904808,5498969.867830331,-0.168800002
386,386,1571154.419191538,5498957.97656297,0.73140001
387,387,1571841.490357633,5498955.829820045,-0.404285706
388,388,1571914.180510098,5498956.481753102,-9999.0
389,389,1571941.567807252,5498956.738952118,-9999.0
390,390,1570621.832045977,5498954.407172464,0.454970085
391,391,1571858.763419355,5498948.360086233,-0.271214282
392,392,1572851.457104069,5498949.615702283,-0.20871699
393,393,1572919.361961579,5498977.886057681,-0.040770534
394,394,1571742.889068561,5498925.541401524,-0.03438889
395,395,1571887.962931252,5498932.697001209,-0.262188098
396,396,1572779.203162019,5498934.498218923,-0.198093138
397,397,1571754.472284392,5498915.757638698,-0.053881188
398,398,1571777.637363079,5498918.72270864,-0.098788061
399,399,1571808.792301315,5498921.428613208,-0.093701222
400,400,1572752.851901292,5498919.34070086,-0.115999998
401,401,1572904.72029558,5498919.895835547,-0.397323295
402,402,1571264.212683518,5498907.975450368,0.423764704
403,403,1571803.749990914,5498895.858263837,-0.127249999
404,404,1572799.884383652,5498890.129437934,0.105920531
405,405,1572824.909588858,5498894.779840501,-0.154612747
406,406,1572912.056379787,5498894.220323976,-0.530541273
407,407,1572745.44128582,5498869.456507094,0.221019601
408,408,1572918.152693755,5498869.888507762,-0.049918031
409,409,1571203.968253304,5499116.423407114,0.205867947
410,410,1571859.414326732,5498868.782332626,-0.231457192
411,411,1571941.98183329,5498847.054955725,-0.785132357
412,412,1572727.083335327,5498849.823288084,0.1955
413,413,1571576.176742242,5498835.163011588,0.105490568
414,414,1571981.935401315,5498837.50323897,-0.46652837
415,415,1571435.459658586,5498825.113074304,0.284221153
416,416,1571656.497077118,5498825.875230071,-0.028207922
417,417,1571909.108007626,5498837.315845161,-0.353664123
418,418,1572707.620889639,5498829.432111944,0.179288457
419,419,1571425.096796813,5498814.436412993,0.323239131
420,420,1571895.328910715,5498816.229268631,-0.330214277
421,421,1571887.773304077,5498806.229279989,-0.342074997
422,422,1571347.586743097,5498827.051521608,0.500343245
423,423,1572936.038809132,5498804.618269746,-0.15050633
424,424,1571965.155995103,5498755.756821814,-0.315751586
425,425,1572738.359920663,5498729.830844635,-0.424403852
426,426,1571451.824199689,5498769.677740213,0.412584776
427,427,1571834.979090122,5498711.300928789,-0.064668423
428,428,1572122.726590893,5498707.738061375,-0.234383333
429,429,1571941.29695478,5498667.036170763,-0.166230775
430,430,1572294.296135967,5498670.60702031,-0.379007164
431,431,1572252.765661443,5498628.319799362,-0.471999994
432,432,1571652.579728511,5498620.295495609,0.404466666
433,433,1572150.848086473,5498618.344133012,-0.358028469
434,434,1571703.982349878,5498731.16357427,0.089892737
435,435,1571862.460688333,5498577.37229059,0.122435643
436,436,1571746.917410902,5498562.891778025,0.339411762
437,437,1571989.223796216,5498508.519381621,0.237507112
438,438,1571829.459999457,5498495.986848652,0.351999998
439,439,1571896.378923377,5498497.352326292,0.219538461
440,440,1571904.322587844,5498487.001954092,0.267415091
441,441,1571867.86253625,5498478.590548041,0.429578184
442,442,1572173.810311607,5498463.291747684,0.110593334
443,443,1571828.498502377,5498448.625312876,0.62114437
444,444,1571945.871026391,5498485.039968866,0.351007364
445,445,1572162.476898287,5498448.292177844,0.0534
446,446,1571920.352864071,5498428.618985315,0.562159258
447,447,1571976.997666351,5498417.015460145,0.577699043
448,448,1572180.22116145,5498422.552861581,-0.022408783
449,449,1571995.620041656,5498397.808224824,0.019914286
450,450,1571938.692183823,5498392.607775797,0.722295569
451,451,1571941.494137494,5498534.309495422,0.063242659
452,452,1572413.133887236,5498398.143070083,-0.113923966
453,453,1572133.61011692,5498369.147829231,0.134596026
454,454,1572166.213703569,5498357.981970168,-0.11996078
455,455,1571927.510009507,5498337.722730882,0.68987142
456,456,1572142.182287066,5498344.636053571,-0.077516305
457,457,1572079.247585871,5498328.527411237,0.302942305
458,458,1572007.705578762,5498318.663795586,0.056259999
459,459,1572038.354654131,5498337.735738119,0.17422512
460,460,1572093.421285475,5498317.669528543,0.236697986
461,461,1572128.299209225,5498308.623774042,0.026959439
462,462,1572164.995227325,5498313.350040118,0.214659899
463,463,1572095.945323869,5498289.235135111,0.285038966
464,464,1572208.786094632,5498289.127264004,-0.053423076
465,465,1571875.848098371,5498276.791216194,0.54592994
466,466,1572056.694078354,5498268.614110261,0.366792462
467,467,1572079.472354154,5498268.699721965,0.261634615
468,468,1572128.635656612,5498273.97384021,0.32999512
469,469,1572188.020017117,5498298.889800812,0.022968234
470,470,1572220.132134417,5498259.050927334,-0.35074665
471,471,1572094.135376238,5498251.500761926,0.120494639
472,472,1572088.004686161,5498212.143691268,0.680632189
473,473,1572292.605593672,5498209.259887933,-0.285863634
474,474,1572368.219620777,5498209.950402063,-0.195481478
475,475,1571952.185936554,5498283.378391145,0.445962393
476,476,1572033.636559181,5498248.644089185,0.413239459
477,477,1572163.291496331,5498189.242774381,-0.291730765
478,478,1572516.90320273,5498190.935835257,-0.252843134
479,479,1572171.23446269,5498178.892115478,-0.262754719
480,480,1572190.452199709,5498185.888786826,-0.262147728
481,481,1572216.61534787,5498184.252115061,-0.223256343
482,482,1572153.838416181,5498223.473405578,0.101602103
483,483,1571920.592584524,5498158.93965438,0.697061225
484,484,1571886.447289187,5498153.096109956,0.374615555
485,485,1572000.074099299,5498172.603245656,0.370842322
486,486,1572076.263323156,5498153.811802144,0.445266665
487,487,1572171.615701377,5498153.647697496,0.053624998
488,488,1572198.930926082,5498152.55908984,-0.006868204
489,489,1572289.151315213,5498178.815365953,0.189669426
490,490,1572305.64102091,5498152.241167284,0.004728068
491,491,1572412.251905389,5498183.238700579,-0.199104522
492,492,1572531.442079719,5498141.216481056,-0.220803918
493,493,1571840.9670065,5498132.981080443,0.378743331
494,494,1571938.466051775,5498130.424180076,0.333393616
495,495,1572055.459430978,5498135.360400245,0.371277935
496,496,1572183.049354868,5498129.865145096,-0.18907034
497,497,1572304.135459311,5498129.735971669,0.287616666
498,498,1572347.100698509,5498130.631177771,0.204552631
499,499,1572479.161378693,5498130.967644913,-0.215284309
500,500,1572520.370043465,5498130.334227898,-0.162653843
501,501,1572573.518347749,5498130.530568817,-0.701333324
502,502,1571791.671742968,5498117.836995772,1.449171449
503,503,1572543.183218134,5498120.856115544,-0.298035743
504,504,1571822.061071143,5498112.966576309,0.684150001
505,505,1571896.80012553,5498107.528670675,0.470953944
506,506,1572021.365970157,5498112.149962968,0.313733143
507,507,1572163.590299115,5498109.47250462,-9999.0
508,508,1572220.405887485,5498120.072223485,0.356021894
509,509,1572330.786578955,5498109.163713146,0.440244902
510,510,1572482.479299434,5498110.66016286,-0.037301889
511,511,1572323.228407247,5498099.892851999,0.569937491
512,512,1572340.499560515,5498099.957150927,0.543823534
513,513,1572453.118203097,5498108.940742626,-0.377106453
514,514,1572304.284107066,5498089.850835308,0.669526666
515,515,1572277.747293399,5498079.780471116,0.623673918
516,516,1572334.165829932,5498084.162635306,0.486353847
517,517,1572516.680917077,5498088.231027644,-0.299095811
518,518,1572411.269585526,5498091.016487464,-0.101197456
519,519,1572543.367424775,5498070.999696085,-0.252288464
520,520,1571936.157191436,5498058.555473366,1.344125014
521,521,1572524.975135633,5498061.337225571,-0.04172549
522,522,1572099.415617245,5498054.184510282,0.318886664
523,523,1572182.557905945,5498074.788894885,0.518410289
524,524,1572505.5153313,5498040.945482064,-0.034000001
525,525,1572051.928498101,5498084.903298627,-0.018042135
526,526,1572095.712954021,5498029.242041976,0.129102563
527,527,1572482.774683451,5498030.889887753,-0.02992157
528,528,1571890.752794583,5498018.498134993,-0.007782256
529,529,1572140.64415168,5498043.351791604,0.524947822
530,530,1572474.361990206,5498058.304622711,-0.042557288
531,531,1572158.613316867,5498012.287647055,0.491592602
532,532,1572744.600335745,5498017.00154277,-0.368203886
533,533,1571765.5522496,5497998.08064368,0.542046669
534,534,1572693.979725771,5498002.42254359,-0.402843129
535,535,1571885.355252222,5497995.765019057,0.385496719
536,536,1572043.422408389,5497995.690552343,0.266461806
537,537,1572202.138697317,5497994.740920577,0.6420547
538,538,1572407.154113244,5497990.519300357,0.441844162
539,539,1572447.868815602,5498000.13024709,0.139225637
540,540,1572306.417125714,5497989.996734512,-0.044939025
541,541,1572367.246310546,5498015.082089846,0.266935441
542,542,1571934.879755416,5497998.705669912,-0.095221352
543,543,1572218.975328759,5497974.903262045,0.632636839
544,544,1572316.275201935,5497970.033952285,-0.028849054
545,545,1571875.79421657,5497958.612975939,0.109824997
546,546,1571902.36776641,5497958.713499145,0.164293335
547,547,1572225.046575788,5497959.926593216,0.801862492
548,548,1572662.848035904,5497969.259740683,-0.080476576
549,549,1571887.220604145,5497948.684780035,0.073826664
550,550,1572641.442977978,5497942.436088466,-0.253019228
551,551,1572692.450820985,5497942.297500176,-0.333227721
552,552,1572627.401245595,5497931.300834467,-0.373980763
553,553,1572187.233647982,5497919.899456127,0.543362495
554,554,1572328.088820537,5497921.006741802,-0.015757279
555,555,1572411.743078946,5497954.689400014,0.298855863
556,556,1572488.65555395,5497947.166207841,-0.199690081
557,557,1572536.364506233,5497911.431071001,-0.012055561
558,558,1572399.738499276,5497900.953435708,0.18988679
559,559,1572517.231050771,5497906.47848546,-0.181673122
560,560,1572563.526911858,5497901.93691596,0.199088239
561,561,1572566.844507283,5497881.629390625,-0.042603775
562,562,1572631.656499817,5497890.094819139,-0.204889806
563,563,1572466.488781932,5497894.115255641,-0.228794764
564,564,1572529.722601926,5497882.938301246,0.169037737
565,565,1572149.495873427,5497859.929545876,0.593014285
566,566,1572328.350859896,5497859.931923589,0.231134615
567,567,1572355.780786,5497867.622667657,0.189898182
568,568,1572407.112396883,5497865.307090419,-0.243894232
569,569,1572437.848346794,5497861.209190508,0.070076921
570,570,1572465.744761249,5497864.381207716,0.203435755
571,571,1572908.573430937,5497862.940296649,-0.418411767
572,572,1571785.101374916,5497848.583417332,0.213036036
573,573,1572557.867386754,5497852.349399383,-0.016019707
574,574,1572606.552054017,5497856.060586696,-0.216099655
575,575,1572669.262147869,5497857.182103152,-0.252645319
576,576,1572498.294342039,5497845.702271696,0.099115385
577,577,1572645.144722666,5497847.933407744,0.052213479
578,578,1572362.174123638,5497835.795053454,0.037999999
579,579,1572589.805498125,5497831.857006989,0.146615387
580,580,1572620.174736499,5497831.968970692,-0.012283019
581,581,1572389.198544803,5497821.520209885,-0.10803846
582,582,1572527.571874384,5497831.605268393,0.509248122
583,583,1572562.099302741,5497828.060908984,0.259870371
584,584,1572650.580675229,5497822.109522382,-0.325000002
585,585,1572400.384749664,5497810.804022871,0.225596149
586,586,1572438.033275442,5497811.352749933,0.731264132
587,587,1572627.877239528,5497802.083077963,-0.328574062
588,588,1572688.24904629,5497806.516787166,-0.248480767
589,589,1572718.984586756,5497802.418131735,-0.133865386
590,590,1572381.717429518,5497791.578128513,0.027198021
591,591,1572480.416932524,5497791.944323439,0.334423074
592,592,1572510.044444256,5497796.766236098,0.775225483
593,593,1572541.014673282,5497796.908616046,0.272417086
594,594,1572587.479754333,5497795.030921862,-0.071252816
595,595,1572746.146355025,5497792.92371641,-0.043941748
596,596,1572901.547043082,5497793.114735707,-0.250230766
597,597,1572423.097672126,5497786.164274589,0.707008972
598,598,1572362.571654172,5497770.777769619,0.192339622
599,599,1572392.786894889,5497770.365878407,0.40772001
600,600,1572612.802936712,5497772.113261324,-0.036018863
601,601,1572400.413472975,5497761.151490225,0.486085715
602,602,1572423.192892378,5497760.507359361,0.627211543
603,603,1572718.567394957,5497770.647296036,-0.018207547
604,604,1572741.541344591,5497766.826785551,0.053509617
605,605,1572771.910314081,5497766.938130432,-0.115747572
606,606,1572843.555662791,5497776.976772767,-0.100611413
607,607,1572444.931389184,5497757.806951234,0.656212232
608,608,1572670.370362868,5497752.759704742,0.116262135
609,609,1572379.796775927,5497741.132024323,0.668586208
610,610,1572552.175449101,5497741.975279626,0.215188678
611,611,1572032.369444645,5497856.310920215,0.29153471
612,612,1572643.318775303,5497732.339975988,0.497705881
613,613,1572673.687605848,5497732.451723019,0.286137256
614,614,1572761.550207952,5497733.151662505,0.001264706
615,615,1572792.690158507,5497735.956605766,-0.012067417
616,616,1572871.085000399,5497733.175053211,-0.01273585
617,617,1572901.352309449,5497757.099227455,-0.308041638
618,618,1572440.608486426,5497721.414968496,0.673045979
619,619,1572498.737203994,5497726.046400428,0.826298082
620,620,1572586.613031263,5497730.938539095,0.376834215
621,621,1572719.314070423,5497712.676532034,-0.021307694
622,622,1572742.090631908,5497712.760121292,0.156075471
623,623,1572837.798100484,5497725.835930976,0.101029046
624,624,1572932.051751514,5497713.250062286,-0.285775003
625,625,1572409.584360069,5497711.673014969,0.817221738
626,626,1572643.42890966,5497702.426107156,0.513711536
627,627,1572765.041916159,5497707.654074031,0.327063637
628,628,1572803.176024339,5497703.012534953,-0.080603772
629,629,1572248.759030358,5497708.73407296,0.225918563
630,630,1572544.767450652,5497692.090781461,0.875264152
631,631,1572825.815837145,5497697.905160455,0.210873913
632,632,1572422.196206273,5497688.108559815,0.816726877
633,633,1572697.491141775,5497695.773952435,0.096525974
634,634,1572291.936496161,5497694.620108153,0.396137959
635,635,1572488.000742423,5497684.11984324,0.977865674
636,636,1572613.170458444,5497672.400365449,0.521269221
637,637,1572681.501280938,5497672.242923023,0.189980774
638,638,1572568.379773404,5497678.478577072,0.648725569
639,639,1572772.74623096,5497670.60634791,-0.177783064
640,640,1572868.095989238,5497663.741516097,-0.182365378
641,641,1572883.284711037,5497689.387663756,-0.251113541
642,642,1572924.797680322,5497663.162029984,-0.517999989
643,643,1572894.154117678,5497653.078881782,-0.107433971
644,644,1572517.469207422,5497642.959569824,-0.049202928
645,645,1572772.751688793,5497633.101144386,-0.727169785
646,646,1572894.225377014,5497633.54527982,-0.307853651
647,647,1572522.285948794,5497612.236260335,-0.951673048
648,648,1572841.225603725,5497625.469866022,-0.279509693
649,649,1572868.596985994,5497621.970968829,-0.215095043
650,650,1572547.711367352,5497607.691839479,-0.594585208
651,651,1572636.515347229,5497602.686391433,0.438444449
652,652,1572640.776339088,5497624.53563789,-0.844678581
653,653,1572926.266360305,5497603.295021844,-0.268915313
654,654,1572609.573674828,5497588.276517251,0.716090731
655,655,1572658.586747523,5497584.765828037,0.233438664
656,656,1572795.710547624,5497583.328115813,0.082557691
657,657,1573015.916340478,5497574.15968484,-0.416833327
658,658,1572549.162058627,5497572.245406766,0.446062224
659,659,1572697.046664608,5497565.687607158,0.171810572
660,660,1572735.047290663,5497563.162905605,-0.03921154
661,661,1572763.920275354,5497563.936632876,0.005708737
662,662,1573046.320689397,5497564.298620985,-0.338647065
663,663,1572454.335434885,5497551.951593849,0.581142862
664,664,1572477.11150776,5497552.035997842,0.965662504
665,665,1572850.326497391,5497554.143497324,-0.414542486
666,666,1572465.759133112,5497542.370628119,0.8115327
667,667,1572716.692635091,5497543.530010463,-0.115679615
668,668,1573005.189173286,5497544.583783397,-0.462451915
669,669,1573076.233997163,5497542.60919601,-0.427796167
670,670,1572492.46167958,5497507.221406341,0.731393473
671,671,1572555.569299612,5497516.158737469,0.66025278
672,672,1573084.53371122,5497494.63718824,-0.168150935
673,673,1572363.490769479,5497481.814203881,0.934325267
674,674,1572887.179068877,5497483.948204583,-0.482444439
675,675,1572475.321194877,5497472.257921481,1.137576462
676,676,1572836.698183952,5497480.06997469,-9999.0
677,677,1573058.586368586,5497474.977632688,-0.06673267
678,678,1573073.410614645,5497464.47812092,0.013324138
679,679,1572543.145508043,5497434.450390718,-0.060851487
680,680,1571092.150177644,5497396.729656958,0.379112148
681,681,1572574.916258216,5497405.757458873,0.49542679
682,682,1571069.412058084,5497387.144947552,-0.014000008
683,683,1572591.736865082,5497392.712358104,0.415500003
684,684,1573001.384466929,5497394.621257317,-0.008792452
685,685,1572978.681415398,5497374.595869628,-0.012641506
686,686,1572455.019337551,5497367.48265136,0.691183096
687,687,1572655.115576613,5497373.75012916,0.722961382
688,688,1572750.999341068,5497353.821446327,0.638249996
689,689,1572436.113735789,5497347.469674444,0.355700337
690,690,1572538.690653766,5497345.23043783,0.420837842
691,691,1572591.767031234,5497342.331101299,0.264979997
692,692,1572819.362203238,5497344.100434673,0.810226393
693,693,1572017.481352852,5497332.625598861,-0.354647056
694,694,1572728.297083831,5497333.795288329,0.338433965
695,695,1571170.777848633,5497325.023030316,-0.244226808
696,696,1572610.799007848,5497328.172848749,0.510933332
697,697,1571001.792251989,5497307.691571224,-0.237096157
698,698,1572266.54085952,5497474.11171231,-0.339165683
699,699,1572758.737406245,5497313.964105096,0.959660364
700,700,1572683.012715897,5497303.510140739,0.52374667
701,701,1570930.773736588,5497286.889296538,-0.244832401
702,702,1571483.589587976,5497279.060313583,0.63154286
703,703,1571802.443101413,5497280.277337494,-0.026057143
704,704,1572871.618567964,5497285.166402064,0.175178344
705,705,1571551.953523942,5497269.350958047,0.055375011
706,706,1572558.967391088,5497274.488366428,0.541306123
707,707,1572854.371730081,5497273.557714838,0.224718449
708,708,1571444.648803793,5497296.877009616,0.029836475
709,709,1572113.779701562,5497261.50958967,1.07702666
710,710,1572762.52690127,5497269.210429577,0.973059112
711,711,1571067.785974937,5497328.967768813,-0.249984275
712,712,1573013.389931852,5497270.52959602,-9999.0
713,713,1571563.700506008,5497253.179878475,-0.306389049
714,714,1572212.546771787,5497241.93678431,1.321100003
715,715,1572715.483406222,5497258.411899153,0.848095584
716,716,1572235.359162777,5497232.050636527,-0.17538572
717,717,1571298.077286103,5497224.961261741,-0.301999986
718,718,1572660.530959562,5497223.655990949,0.488814289
719,719,1572782.034493986,5497214.130697383,-0.833650019
720,720,1571339.365349865,5497277.218432652,-0.30122853
721,721,1572941.496035051,5497204.741766402,-9999.0
722,722,1571486.642819175,5497195.330089135,-0.324025208
723,723,1571879.905952603,5497191.562345084,-0.35800001
724,724,1571912.427770565,5497191.617212388,-0.358999997
725,725,1571940.639224536,5497191.791978064,-0.358999997
726,726,1572994.673950019,5497194.963831167,0.825599997
727,727,1571537.900208493,5497191.310440943,-0.338971416
728,728,1571635.019260297,5497181.562384813,-0.341270375
729,729,1571899.762967888,5497175.281171812,-0.358968584
730,730,1571792.610530177,5497168.288942359,-0.358079607
731,731,1571863.670795654,5497150.152018191,-0.353749998
732,732,1572474.977909187,5497103.313488663,0.274700005
733,733,1572330.775323973,5497092.806490942,-0.16465332
734,734,1572418.0782146,5497093.131142564,0.226424998
735,735,1572387.749053888,5497083.047037793,0.589874998
736,736,1572357.419974597,5497072.962808631,-0.481657129
737,737,1572786.737437582,5497075.129701988,-0.071633662
738,738,1572805.164107841,5497074.819844914,-0.114018863
739,739,1572835.530247566,5497074.930943832,-0.084686263
740,740,1572718.129027194,5497044.033806428,0.175982142
741,741,1572751.640998951,5497057.882471527,0.120818911
742,742,1572797.875055261,5497034.702933844,0.564699993
743,743,1572729.622141628,5497015.238534182,0.460914894
744,744,1572388.720604683,5497008.968587402,-0.957565222
745,745,1572744.237369618,5497006.319288525,0.744568632
746,746,1572805.293387803,5497009.801507669,0.576087383
747,747,1573070.165806261,5497015.075115102,0.019779999
748,748,1571775.926731818,5497082.058787841,-0.121788688
749,749,1571760.373787337,5496888.724162141,0.221950274
750,750,1571729.789366861,5496854.644598825,-0.378009344
751,751,1572902.224624105,5496853.538745571,-0.909326552
752,752,1572692.324567698,5496835.615665076,0.360159998
753,753,1572711.737815761,5496825.568687453,0.020960784
754,754,1572865.603054754,5496833.275616813,-0.904649353
755,755,1572468.456800482,5496814.465851938,-0.784504743
756,756,1572844.225955805,5496815.500946419,-0.897958906
757,757,1571718.345448917,5496815.954461004,-0.039299846
758,758,1572643.094026352,5496804.791497138,0.643389607
759,759,1572381.136692835,5496797.928772938,-0.253291675
760,760,1572422.984505058,5496794.006170452,0.496412508
761,761,1571748.147543956,5496782.027939676,-0.037442636
762,762,1571849.000204545,5496761.401784099,-0.347434559
763,763,1572441.268300822,5496796.300288774,-0.392259068
764,764,1571797.207397819,5496752.769704395,-0.582000017
765,765,1571883.876122341,5496751.828175439,-0.05291549
766,766,1571903.126505507,5496745.665242982,-0.144700749
767,767,1571963.899288527,5496743.159118074,0.475304349
768,768,1572013.156803296,5496742.542368946,0.621340204
769,769,1571860.923837848,5496730.14881444,-0.05442324
770,770,1571903.247874735,5496722.258347428,-0.212449998
771,771,1571933.943005738,5496730.562531664,-0.578514888
772,772,1572130.983250016,5496723.116263474,0.905690913
773,773,1571915.338567192,5496715.109575935,-0.544499998
774,774,1572044.644802817,5496722.379543129,-0.457511176
775,775,1572290.313858789,5496702.183960552,-0.346043459
776,776,1572437.447925917,5498684.208297074,-0.278706374
