OID,FID_,X,Y,BCE_Avon_H
0,0,1577687.18290576,5180279.089416379,0.218333332
1,1,1577672.136002527,5180240.919900957,-0.0106875
2,2,1577623.326623953,5180166.027814866,0.205776684
3,3,1577574.936348287,5179897.073988204,0.240876925
4,4,1577625.397043634,5179798.032050769,-0.388302441
5,5,1577625.728470297,5179702.066055843,-0.280860003
6,6,1577636.798070578,5179691.918682846,-0.399607853
7,7,1577617.900205393,5179654.50266562,-0.330417265
8,8,1577569.198025098,5179650.623710063,0.061393162
9,9,1577592.608863659,5179587.248326708,-0.276274049
10,10,1577540.668388491,5179506.922552959,0.230599996
11,11,1578813.257210399,5179394.255610782,0.167117649
12,12,1578874.226941827,5179376.110127191,0.433591305
13,13,1577504.978428935,5179315.899834083,0.341400001
14,14,1579031.177891069,5179293.649559557,0.177444448
15,15,1579071.999427904,5179263.220421403,0.213
16,16,1577488.806687224,5179251.01168449,0.407799992
17,17,1579094.972507515,5179244.31694178,0.207
18,18,1579116.993928406,5179224.697971319,0.206399998
19,19,1579152.260518443,5179134.070382577,0.282666653
20,20,1577473.238571158,5179131.124804716,0.24187037
21,21,1577414.604616539,5179050.935683076,0.187250004
22,22,1577408.177474213,5179042.030987432,0.231742859
23,23,1577394.87190158,5179010.321119131,0.162333332
24,24,1577378.885614505,5178964.567421418,0.207928572
25,25,1577357.786666564,5178921.634546861,0.330085709
26,26,1577349.333252071,5178902.618050816,0.492885715
27,27,1577334.609657186,5178863.074173648,0.662371421
28,28,1579182.389864367,5178725.659695452,0.228999998
29,29,1577122.925106683,5178635.653542237,0.744794995
30,30,1577097.825818895,5178595.269021088,0.947211041
31,31,1577075.760362264,5178520.768021143,0.986349361
32,32,1577075.219086741,5178419.447756529,0.930349342
33,33,1576625.817124994,5178381.935730619,0.279600881
34,34,1576656.384437554,5178383.945197558,0.418391302
35,35,1576719.079893415,5178360.678772178,0.559775511
36,36,1577031.140784301,5178350.162248166,0.499833331
37,37,1576579.073983279,5178345.142120103,0.145911591
38,38,1576734.192477405,5178347.492075167,0.429662914
39,39,1579361.022236191,5178361.801906285,0.363857141
40,40,1576988.348775144,5178330.42623031,0.538444448
41,41,1576436.630158343,5178321.259033795,0.509918477
42,42,1576470.899571061,5178324.133076464,0.153419512
43,43,1576842.687014431,5178312.549560376,0.47538095
44,44,1576949.794197084,5178311.995116772,0.48156435
45,45,1576389.533511881,5178301.140872669,0.043053336
46,46,1576879.08506858,5178301.297881519,0.551478265
47,47,1579396.811305051,5178314.658881946,0.27307143
48,48,1576904.771338283,5178293.306286404,0.438375004
49,49,1576346.204857877,5178282.47291804,0.481417168
50,50,1579416.562546551,5178268.954755305,0.215727278
51,51,1576250.668652874,5178252.830348758,0.308446151
52,52,1576215.890188462,5178224.205902011,-0.11304575
53,53,1576186.791345331,5178195.581768846,0.187656468
54,54,1576163.488450315,5178161.099210455,-0.24087253
55,55,1579460.216667647,5178148.89274882,0.289111118
56,56,1576130.648147914,5178133.245975539,0.237810054
57,57,1578467.350209872,5178136.446573754,0.223615023
58,58,1576111.026238974,5178085.37606838,-0.360875529
59,59,1579487.933295292,5178074.968766345,0.398726922
60,60,1576074.83926452,5178030.664222045,0.440285718
61,61,1576096.589856236,5178035.729869694,-0.777300006
62,62,1576060.451477305,5177995.695495772,-0.361599997
63,63,1579506.173884938,5178006.303190179,0.361277105
64,64,1576039.301302914,5177970.679028699,-0.699272724
65,65,1579525.65222017,5177947.936401124,0.383999988
66,66,1576036.78603486,5177906.648295929,0.097834559
67,67,1576024.598402042,5177875.850566514,0.292428569
68,68,1579554.040962926,5177853.418549906,0.444545766
69,69,1576151.399070667,5177799.289013412,-0.75956933
70,70,1579570.891992666,5177742.897845024,0.513798482
71,71,1575996.344755451,5177666.352974179,0.409678572
72,72,1579555.927422225,5177676.306008905,0.587034063
73,73,1576019.307992156,5177532.312150359,0.497740742
74,74,1576031.030710185,5177514.879761152,0.480785263
75,75,1579501.552732148,5177524.512445319,0.619274161
76,76,1576062.805318139,5177474.847721662,0.370379626
77,77,1577484.531951691,5177436.952709042,0.65367619
78,78,1576120.542204122,5177421.53755882,0.266326533
79,79,1576131.458258097,5177412.327381601,0.331359997
80,80,1578769.995567793,5177425.268659631,-9999.0
81,81,1576146.820583888,5177399.634303087,0.354409754
82,82,1578807.811484765,5177409.308883005,-0.352644607
83,83,1578820.363720122,5177393.007836733,-0.453789517
84,84,1579482.211085242,5177416.734983932,0.672603106
85,85,1576169.47637218,5177379.779198313,0.30611795
86,86,1576186.050976748,5177362.639036537,0.345263635
87,87,1578833.748404514,5177379.515501197,-0.583410968
88,88,1576205.772797603,5177334.004615746,0.25638095
89,89,1576222.811672283,5177324.02334098,0.224574075
90,90,1576262.444163574,5177303.050919261,0.821466669
91,91,1576592.39343238,5177294.541683346,0.157078123
92,92,1576287.908257954,5177283.188022285,0.438025001
93,93,1576338.917599749,5177243.602240234,0.924757575
94,94,1576397.035879563,5177198.772811238,0.645831251
95,95,1576531.27476893,5177194.255056254,0.767333327
96,96,1575833.238429698,5177179.454327227,0.016142858
97,97,1575780.640462169,5177160.945442121,0.155655171
98,98,1576422.263335686,5177170.466889975,0.724460141
99,99,1575733.382066186,5177141.537077308,0.796213325
100,100,1575702.718578389,5177123.69963516,0.275589169
101,101,1576506.088208343,5177114.28484065,0.064352941
102,102,1576459.019947625,5177109.202516096,0.915507145
103,103,1575948.20887196,5177081.841930564,0.02794
104,104,1575927.851716643,5177059.927029269,0.071267759
105,105,1579448.704891081,5177060.886774861,0.358700602
106,106,1575908.874930853,5177036.638834443,0.436999997
107,107,1576437.358258005,5177075.695994825,0.714878156
108,108,1579503.009969026,5177119.325128433,0.619942821
109,109,1579269.663840521,5176856.014821867,-0.472446265
110,110,1579509.699917668,5176832.143548683,0.5522963
111,111,1579010.408047871,5176823.658062042,-0.468968721
112,112,1579285.97454077,5176814.445062545,-0.48390195
113,113,1579274.975013476,5176804.226872547,-0.631628562
114,114,1579362.124317014,5176774.566080155,-0.024957143
115,115,1576441.977735477,5176755.168512288,-0.115097228
116,116,1579046.605218034,5176753.636083692,-0.526333372
117,117,1575866.406356693,5176796.288284794,0.431827955
118,118,1575989.042689666,5176658.598812176,-0.009935715
119,119,1576319.392336251,5176584.948737363,-0.124657144
120,120,1575964.705798855,5176570.846156934,0.002998077
121,121,1575915.02441148,5176515.225695148,-0.037999999
122,122,1576179.133095119,5176469.619664413,0.211999997
