OID,FID_,X,Y,BCE_Akaroa
0,0,1594375.365206463,5155773.499164904,1.160065697
1,1,1594484.030206674,5155758.562311795,0.590414948
2,2,1594877.348036024,5155728.019248542,0.546704165
3,3,1594921.476156738,5155664.203403637,-0.160285716
4,4,1594097.097275529,5155608.657344387,0.281122728
5,5,1595196.323382536,5155593.20187401,0.051435898
6,6,1595185.496657198,5155584.586030506,-0.195026668
7,7,1595203.576090915,5155584.599058819,-0.081114283
8,8,1594889.149657597,5155467.165893094,-9999.0
9,9,1594967.298742704,5155474.747513332,-9999.0
10,10,1594801.065735756,5155461.096257357,-9999.0
11,11,1595015.500795176,5155454.972592455,-9999.0
12,12,1594776.872527947,5155434.836692683,-9999.0
13,13,1594289.299902147,5155394.90716623,-9999.0
14,14,1594545.651953626,5155379.572187976,-9999.0
15,15,1594549.668985103,5155355.218414075,-9999.0
16,16,1594560.289655266,5155344.458020018,-9999.0
17,17,1594190.077668491,5155326.585961407,-9999.0
18,18,1594361.69992979,5155295.20224605,-9999.0
19,19,1594911.290925384,5155295.644221062,-9999.0
20,20,1594201.512363656,5155254.746895616,-9999.0
21,21,1594206.652873184,5155215.877186884,-0.904875021
22,22,1594205.938031795,5155184.740989792,-9999.0
23,23,1594667.193573514,5155579.536536172,-0.306965624
24,24,1594196.711974921,5155168.659469937,-9999.0
25,25,1595424.81358887,5155166.319799252,-9999.0
26,26,1595469.43068743,5155163.275943529,-0.421964696
27,27,1595456.987179224,5155145.80392364,-0.481605269
28,28,1595463.22991997,5155137.057845875,2.721767446
29,29,1594195.138781014,5155129.859996248,-9999.0
30,30,1595434.255203139,5155122.926494251,-0.089073255
31,31,1594169.644900707,5155095.869777188,-0.475646432
32,32,1595378.754039877,5155055.48043419,-0.128466407
33,33,1594144.886266456,5155043.399804938,-0.794921526
34,34,1593324.791457152,5154993.562323699,0.581724876
35,35,1593294.989688492,5154984.354179933,0.519645458
36,36,1595323.485563154,5154989.776393921,-0.215259644
37,37,1593229.451655223,5154968.385875239,0.446538582
38,38,1593316.698059883,5154969.410983627,0.432113633
39,39,1593355.021772335,5154966.838197221,0.432553398
40,40,1593138.107833855,5154950.785771553,0.523576452
41,41,1595300.796400496,5154941.593311611,-0.016337316
42,42,1593097.812339405,5154927.04702968,0.501473407
43,43,1594134.256997335,5154929.110768158,-0.369896556
44,44,1594155.532858156,5154940.268928211,-0.684176454
45,45,1593644.196657336,5154908.067119677,0.37804689
46,46,1594120.027117041,5154894.826361848,-0.64970174
47,47,1593092.642204832,5154864.42773633,0.221766667
48,48,1593360.052801348,5154854.930535049,-0.116479998
49,49,1593338.51097735,5154849.712869541,-0.155657142
50,50,1594132.035763466,5154850.945775639,-0.908257125
51,51,1595268.509913041,5154875.742556408,-0.004959982
52,52,1593511.952003025,5154805.196741561,-0.19431372
53,53,1593533.644793294,5154805.217812268,-0.191333329
54,54,1595281.987542126,5154813.756445856,-0.110768718
55,55,1593193.801261111,5154794.902943689,-0.257680002
56,56,1593597.118295034,5154801.777003997,-0.174428574
57,57,1593658.716450996,5154801.25891316,-0.130765026
58,58,1593714.592389043,5154775.252988736,0.237114287
59,59,1593076.998927414,5154791.663309477,0.19029094
60,60,1595323.725969062,5154789.727779008,0.820122874
61,61,1593043.55152361,5154742.750337444,0.895338321
62,62,1595333.225813057,5154737.78940228,-0.385649651
63,63,1593016.883921522,5154704.722188971,0.200385712
64,64,1593085.557774327,5154723.0842997,-0.098575988
65,65,1594167.719150237,5154759.255000706,-0.717109843
66,66,1595326.521085516,5154698.770180544,-0.646683099
67,67,1593027.625729395,5154665.034613813,-0.086755102
68,68,1594165.388207324,5154672.133192524,-0.511553379
69,69,1592982.582143766,5154662.285347265,0.202978573
70,70,1594183.29387843,5154652.562558035,-0.256964907
71,71,1593793.521573895,5154633.920759552,-0.271527775
72,72,1594230.111001844,5154640.657162324,-0.927111063
73,73,1593873.50926953,5154583.914757843,-0.455904766
74,74,1594204.888261858,5154576.695725799,-0.694526345
75,75,1594188.398766994,5154566.172828994,-0.267313427
76,76,1592965.984169591,5154586.502908086,0.22180208
77,77,1595323.143349809,5154578.535287582,-0.302616127
78,78,1592893.482399052,5154521.383312323,0.199372666
79,79,1592976.719014828,5154469.946086017,-0.169366881
80,80,1592901.847598043,5154445.791922762,-0.313585861
81,81,1596884.234163569,5154447.722420506,0.313158332
82,82,1592822.088900924,5154439.880988733,0.170572093
83,83,1595341.781258521,5154437.381723072,3.705000009
84,84,1595747.097229243,5154435.656780094,-0.978000045
85,85,1596125.047180261,5154444.378147722,-9999.0
86,86,1595334.411926987,5154427.192058297,-0.252999957
87,87,1595732.529222627,5154426.751587266,-0.92063154
88,88,1595784.631135479,5154434.971793217,-0.667807973
89,89,1596905.352396599,5154420.706254922,1.40416939
90,90,1595709.635081796,5154410.526633654,-9999.0
91,91,1596052.635054258,5154431.319158027,-0.621127436
92,92,1592847.286030282,5154400.254025957,0.097927272
93,93,1593624.949398347,5154396.639156983,-9999.0
94,94,1595369.985591134,5154396.95418831,4.27425006
95,95,1595692.212463351,5154393.728753213,-0.321768111
96,96,1595857.248476738,5154409.6747913,-0.292334167
97,97,1596914.444481679,5154388.41165477,0.402266669
98,98,1592868.998845858,5154380.323940671,0.070386364
99,99,1595613.946079296,5154376.769930267,1.283066676
100,100,1595645.470406516,5154377.240020223,-0.00325004
101,101,1595893.745768292,5154381.209938304,-0.759056926
102,102,1593592.205966067,5154366.301041871,-9999.0
103,103,1595667.153116227,5154372.708097156,-0.889600008
104,104,1594044.353284841,5154357.120298159,-9999.0
105,105,1595493.690727837,5154357.625130596,-9999.0
106,106,1595595.795174831,5154357.862013057,1.19325308
107,107,1595375.61892404,5154354.136652766,-0.501192491
108,108,1596011.43181781,5154372.734725689,-0.849571395
109,109,1592910.626588403,5154338.895023756,0.042876132
110,110,1594066.062373815,5154337.186317554,-9999.0
111,111,1593606.413287246,5154326.408002076,-9999.0
112,112,1592930.52131139,5154320.529430379,-0.021724834
113,113,1593530.333957687,5154321.450198748,-9999.0
114,114,1596940.979267729,5154317.67790899,0.5877483
115,115,1593311.227115187,5154322.096955478,-9999.0
116,116,1593364.741225142,5154306.595254791,-9999.0
117,117,1595894.990466697,5154318.025305785,-0.814174978
118,118,1595913.599796849,5154308.060064202,0.415300008
119,119,1596005.71785916,5154316.359871894,-0.561517439
120,120,1593675.267241029,5154306.3124936,-9999.0
121,121,1594031.898598335,5154371.262397064,-0.55825293
122,122,1595976.172152237,5154290.888650831,-9999.0
123,123,1596014.163901503,5154288.375459342,-9999.0
124,124,1592948.973357504,5154293.647103018,-0.055312941
125,125,1593542.710893258,5154247.052856661,-9999.0
126,126,1593827.467176798,5154251.271666816,-9999.0
127,127,1594180.040909335,5154388.356199919,-0.71689508
128,128,1595927.656403819,5154258.034177243,-0.68937022
129,129,1594116.373787709,5154246.856342904,-0.535778092
130,130,1592975.21217251,5154222.472717781,0.037057143
131,131,1594127.245637189,5154216.93589176,-0.298428577
132,132,1593537.976877624,5154216.390804742,-9999.0
133,133,1593859.086516183,5154234.682037273,-9999.0
134,134,1592992.901216179,5154201.554991136,0.063400001
135,135,1593049.963395784,5154185.969921097,-0.195000007
136,136,1593057.441468746,5154178.0101519,0.071571424
137,137,1593896.205293921,5154191.147729483,-9999.0
138,138,1594135.356588285,5154180.865189487,-0.373173542
139,139,1593429.658414849,5154517.540298999,-0.650012182
140,140,1593218.394969955,5154154.664170562,-9999.0
141,141,1593872.538575323,5154142.954555035,-9999.0
142,142,1597009.77086631,5154163.043940952,0.035229323
143,143,1596459.443274504,5154129.376862069,-9999.0
144,144,1593191.731361007,5154110.290957477,-0.424191536
145,145,1594152.245241074,5154116.460159013,-0.324284027
146,146,1593227.878594605,5154098.294418649,-0.256308706
147,147,1594196.301790636,5154155.121198185,0.039964194
148,148,1593236.665390486,5154069.230570517,-0.203319688
149,149,1594147.957151846,5154066.440380828,0.645919601
150,150,1594200.775978822,5154047.740992188,-9999.0
151,151,1594147.74295858,5154037.830833154,0.688166664
152,152,1594210.549933805,5154037.428662533,-9999.0
153,153,1594141.183653475,5154013.790572755,1.528026788
154,154,1594214.18662797,5154012.490142811,-0.706874998
155,155,1594134.537219453,5153992.817463847,2.065263149
156,156,1594105.775275446,5153967.500139736,-0.682190482
157,157,1596733.659706379,5153973.865249412,-9999.0
158,158,1594201.9762733,5153955.747983682,-0.907899958
159,159,1596722.906634565,5153949.554835857,-9999.0
160,160,1594186.083183012,5153931.328744156,-0.954999954
161,161,1596925.091301945,5153929.885480396,1.638785692
162,162,1596719.854080671,5153916.154872824,-9999.0
163,163,1593238.25370167,5153886.863272249,-9999.0
164,164,1594092.031430506,5153920.979324482,0.549738359
165,165,1594076.93939977,5153872.696173689,0.244781247
166,166,1594198.925538259,5153873.820307749,-0.681410016
167,167,1594025.877194282,5153842.148996188,-9999.0
168,168,1593180.775499045,5153832.303948995,-0.910203823
169,169,1594066.134484103,5153827.791515667,-0.152935724
170,170,1594219.585854747,5153833.797206012,-9999.0
171,171,1594040.843318133,5153812.803939323,-0.857282995
172,172,1596777.730970213,5153800.30823142,-9999.0
173,173,1594203.532367255,5153792.994036278,-0.206379295
174,174,1596807.508906911,5153796.295516967,-9999.0
175,175,1593167.107075811,5153786.309999106,-0.867254242
176,176,1594040.820976149,5153772.948265626,0.278512582
177,177,1596644.766218561,5153760.478838908,-9999.0
178,178,1593158.86263908,5153752.097106838,-0.780062462
179,179,1594199.952172692,5153753.084217232,-9999.0
180,180,1593148.033338379,5153737.120957149,-0.949666679
181,181,1596668.619046783,5153745.110102993,-9999.0
182,182,1596733.769693948,5153749.403212554,-9999.0
183,183,1593989.220591551,5153740.852949513,-0.365566146
184,184,1596643.633171402,5153729.820786836,-9999.0
185,185,1596726.570477395,5154230.126108231,-0.471624446
186,186,1593129.979471281,5153717.149016875,-0.64476364
187,187,1593120.771759674,5153699.940138494,-0.931999988
188,188,1593097.807372147,5153676.631672258,-0.898749985
189,189,1594209.00907993,5153685.738698752,-0.681862389
190,190,1593080.101309305,5153657.235273954,-0.797736831
191,191,1596723.016638518,5153691.913544821,-0.51370398
192,192,1593091.898844243,5153643.393071318,-0.943999966
193,193,1593972.87028728,5153687.453353866,0.465856536
194,194,1596592.929815561,5153630.236186051,-9999.0
195,195,1593947.031711284,5153618.174420533,0.632975002
196,196,1593932.577133328,5153613.172713438,-0.507251873
197,197,1596626.519137765,5153628.215274554,-0.269045875
198,198,1593072.260703425,5153602.357442099,-0.705346946
199,199,1593921.181024802,5153594.114355529,-0.351012514
200,200,1596390.667157778,5153590.015193115,-9999.0
201,201,1596542.488961147,5153590.095670112,-0.913846094
202,202,1596567.676097068,5153595.544414037,-0.846263189
203,203,1593065.051835994,5153582.396579725,-0.813176476
204,204,1593910.170211985,5153556.08804399,-0.233414468
205,205,1593070.568559482,5153492.613476079,-0.857478256
206,206,1594258.048299613,5153453.834125963,-0.827619056
207,207,1593927.856686294,5153469.046241079,-0.165345576
208,208,1596331.804611267,5153522.341033575,0.2002855
209,209,1594273.636210982,5153415.631074834,-0.538147354
210,210,1593111.811769396,5153401.990247884,-0.875295457
211,211,1596293.996493156,5153404.089570109,-0.043616243
212,212,1593913.690294028,5153383.944199312,-0.565304111
213,213,1596273.310113222,5153367.969548704,-0.644975419
214,214,1593079.780352431,5153323.018066511,-0.943666657
215,215,1596211.749630937,5153325.577742195,-9999.0
216,216,1593887.65843867,5153322.311893415,2.216542917
217,217,1596168.287969748,5153310.012206077,-9999.0
218,218,1593058.12875022,5153288.077140863,-0.890142824
219,219,1596022.135682353,5153290.505111079,-0.92999997
220,220,1596058.282538484,5153289.799124387,-0.849125002
221,221,1593050.909866435,5153278.092930324,-0.903666655
222,222,1595997.537585003,5153274.361549587,-0.139172411
223,223,1596095.928967326,5153278.767029719,-0.872333363
224,224,1596130.709030484,5153274.852782656,-0.765847916
225,225,1593043.696210511,5153263.120376663,-9999.0
226,226,1593868.804143041,5153278.55621864,0.660200484
227,227,1595975.166415453,5153255.558537844,-0.779608688
228,228,1596000.809627876,5153250.8123071,3.693533339
229,229,1594279.925052777,5153234.365897244,-0.492399971
230,230,1596267.615770606,5153229.464086577,0.194109091
231,231,1593016.627438761,5153224.016696034,-0.479428593
232,232,1595974.744648744,5153220.94916172,-0.043278193
233,233,1596241.810680912,5153226.84948191,-0.492482875
234,234,1596282.179234381,5153220.256004796,0.227899998
235,235,1592985.919888821,5153208.188032754,-0.653312467
236,236,1596299.559243297,5153210.103576831,0.382559323
237,237,1594272.734405177,5153189.464633169,-0.95600003
238,238,1592935.347221905,5153178.204550322,-0.602810764
239,239,1594263.663709749,5153173.497046946,-0.8156875
240,240,1595903.752728616,5153199.604865975,0.86363184
241,241,1596361.724506017,5153150.607134775,0.048457143
242,242,1592884.785660274,5153138.244002678,-0.914999992
243,243,1595913.757899436,5153140.746941719,0.632036383
244,244,1594254.70876285,5153134.577344414,-9999.0
245,245,1596383.198006142,5153130.211294012,0.088363633
246,246,1592861.121176693,5153121.019297515,-0.437380945
247,247,1595927.925338511,5153121.854352473,0.803248682
248,248,1592846.684383579,5153101.050435329,-0.23930126
249,249,1595942.009226384,5153100.301500966,1.147285731
250,250,1596334.637987585,5153155.209042008,-0.4626801
251,251,1595979.234009201,5153090.799000837,-0.717100003
252,252,1596109.67019258,5153159.495197094,-0.579113506
253,253,1596400.957928691,5153081.210115062,-0.900315758
254,254,1594256.740079865,5153068.633681342,-9999.0
255,255,1592821.513151089,5153042.73246673,-0.147753749
256,256,1592805.394544734,5153018.438468798,0.125159432
257,257,1594247.906199225,5153019.674905639,-9999.0
258,258,1594237.748053326,5153008.946009712,-9999.0
259,259,1592788.981255875,5152981.267939397,-0.232037237
260,260,1593925.672951389,5152969.266140372,-9999.0
261,261,1596447.398394087,5153030.170304108,-0.350591724
262,262,1592769.314523339,5152958.539259935,0.708371415
263,263,1596493.365704995,5152952.289952048,-9999.0
264,264,1592758.492811735,5152938.574118441,-0.003116259
265,265,1594009.102299447,5152930.189712379,-9999.0
266,266,1594202.48859157,5152932.501461484,1.080470549
267,267,1596528.226719826,5152931.835221427,-9999.0
268,268,1596557.142302711,5152931.850221826,-9999.0
269,269,1596591.645297509,5152934.998900386,-0.586192304
270,270,1592730.043659346,5152918.324975874,0.129296294
271,271,1592718.874697064,5152908.442860836,-0.007910438
272,272,1592729.254073695,5152859.404226326,-0.09967
273,273,1596814.969975768,5152868.326683462,-0.159308899
274,274,1592784.036877473,5152849.019417845,-9999.0
275,275,1596768.852415513,5152883.595254598,-0.458358112
276,276,1592705.956776823,5152860.505236424,0.119097935
277,277,1596759.599892227,5152832.184878953,-9999.0
278,278,1592759.457197764,5152860.689106192,-0.833727695
279,279,1592703.012462066,5152794.436079587,-0.158266189
280,280,1592733.354814947,5152788.896322199,-0.760657144
281,281,1592722.522593295,5152778.907801891,-0.667800011
282,282,1592668.31257992,5152773.860034614,0.004709092
283,283,1592773.536751902,5152749.617794704,-0.964797862
284,284,1596781.339258957,5152722.451853959,-9999.0
285,285,1592675.629030129,5152694.054501172,0.21414286
286,286,1592666.632885151,5152665.681130188,0.267125787
287,287,1596752.602178704,5152657.381585331,-9999.0
288,288,1593094.800988169,5152639.838032411,-9999.0
289,289,1596745.239771513,5152632.644120535,-9999.0
290,290,1593069.478763638,5152595.992390495,-9999.0
291,291,1596716.359900063,5152562.79312111,-9999.0
292,292,1597282.60785454,5152570.400694297,0.290640777
293,293,1597312.500055161,5152546.014689453,0.621876715
294,294,1592667.126001583,5152564.985476672,0.030456358
295,295,1592718.717699217,5152513.9495338,-0.1349
296,296,1593050.514560862,5152510.796383796,-9999.0
297,297,1596536.414366679,5152497.900225515,-9999.0
298,298,1593087.894438819,5152470.019133617,-9999.0
299,299,1592878.990644599,5152625.804857283,-0.787395889
300,300,1593123.438707422,5152465.968881508,0.024626281
301,301,1592778.242423722,5152450.464791645,-0.05401389
302,302,1592715.659208674,5152444.680876211,0.331869999
303,303,1593087.992114693,5152431.86472368,-0.109218184
304,304,1593022.885604581,5152422.893608896,-0.127526317
305,305,1593059.027255313,5152423.084606601,-0.326533335
306,306,1592733.776279575,5152414.783564135,0.417650005
307,307,1592899.742875379,5152401.530653401,-0.244037038
308,308,1592913.606418474,5152410.382307073,-0.347767196
309,309,1596579.10043853,5152403.096995525,-9999.0
310,310,1592757.470117501,5152399.191341948,0.331593608
311,311,1592834.986331473,5152389.938365631,-0.0598
312,312,1592880.545382469,5152390.882713492,-0.050864075
313,313,1593261.798632717,5152391.621924686,-0.920333346
314,314,1592863.870191487,5152380.052040686,-0.023392405
315,315,1596560.872595113,5152388.226492926,-9999.0
316,316,1596632.952108985,5152376.650402871,-9999.0
317,317,1593320.695804492,5152357.070503777,-0.489760534
318,318,1593424.186148401,5152296.875732707,-0.439180332
319,319,1593478.418336714,5152275.867104223,-9999.0
320,320,1596727.435609058,5152291.586152022,-9999.0
321,321,1596764.572705085,5152293.427933952,-9999.0
322,322,1597299.696615682,5152276.421209037,0.082098418
323,323,1596767.114263542,5152243.563755556,-9999.0
324,324,1597319.873770148,5152229.035253599,0.521802985
325,325,1593565.228841136,5152201.126236406,-0.896499962
326,326,1596785.573135874,5152208.875085619,-9999.0
327,327,1596761.717539899,5152207.622546571,-9999.0
328,328,1596694.877313873,5152153.738046223,-9999.0
329,329,1593641.894362991,5152151.316318708,-0.508168511
330,330,1596661.256492009,5152150.031981549,-9999.0
331,331,1593648.578321178,5152131.477922358,-0.361430759
332,332,1596666.267056456,5152133.35470206,-9999.0
333,333,1593677.349685069,5152111.443234833,-0.751166611
334,334,1595907.190656767,5152112.458643007,-9999.0
335,335,1595756.569816793,5152112.78915186,-0.671670895
336,336,1595899.96834109,5152103.204971828,-0.789541646
337,337,1595852.317601016,5152098.162232073,-9999.0
338,338,1595907.277466276,5152097.178146234,-0.455714262
339,339,1595990.433359103,5152083.382140283,-9999.0
340,340,1596587.786124487,5152084.36678985,-9999.0
341,341,1597196.493503932,5152096.394136545,-0.09752069
342,342,1597260.805754921,5152091.20412259,0.4802398
343,343,1595610.867863668,5152073.091118224,-9999.0
344,344,1595971.205824676,5152086.614279768,-9999.0
345,345,1595598.833810576,5152064.308074156,-0.933304328
346,346,1596608.186404618,5152063.904196463,-9999.0
347,347,1595573.42716528,5152053.693760091,-0.921352937
348,348,1595559.935838015,5152043.833058243,-9999.0
349,349,1593706.156305321,5152051.849772423,-0.011682552
350,350,1596372.365567568,5152035.014987371,-0.905586957
351,351,1597203.840773158,5152031.274473274,0.350439995
352,352,1593618.334512711,5152015.286438351,-0.226677748
353,353,1595519.788084347,5152013.662999525,-0.945000002
354,354,1596146.782542437,5152024.469614315,-9999.0
355,355,1597138.884998288,5152033.275689494,-0.098737334
356,356,1596463.577422079,5152022.725873092,-0.565793016
357,357,1596560.168828898,5152020.636578796,-0.654562914
358,358,1596622.819006142,5152003.116118823,-0.959390248
359,359,1596979.407068563,5152380.95610262,-0.615583247
360,360,1595501.78814073,5151994.516394651,-9999.0
361,361,1596197.667940887,5151997.713406489,-0.934199984
362,362,1596305.572732569,5152010.917527816,-0.403135169
363,363,1597146.267345242,5151990.39123878,0.227295358
364,364,1595480.615608823,5151973.561598342,-9999.0
365,365,1596929.719686682,5151982.560746145,-0.268420399
366,366,1593569.519561895,5151968.922145038,0.48479418
367,367,1597027.759392406,5151964.207656645,-0.046207729
368,368,1597079.262153152,5151959.499875346,0.082787611
369,369,1595458.698851245,5151940.542904801,-9999.0
370,370,1593502.840060537,5151914.845041936,0.81577996
371,371,1593471.556032056,5151902.461392811,0.296638307
372,372,1593451.104202867,5151893.922770631,0.106452392
373,373,1595443.530338089,5151889.833607615,-0.739277811
374,374,1593410.362597607,5151871.606700239,-0.114604837
375,375,1593394.183323358,5151854.915764019,-0.454704538
376,376,1595426.134910474,5151859.118113835,-0.553176459
377,377,1593356.265097927,5151830.295511758,-0.665346174
378,378,1593334.391445385,5151810.437341467,-0.471717284
379,379,1595418.470874869,5151806.836275684,-0.455958033
380,380,1593326.891923412,5151756.928298181,-0.27698913
381,381,1593357.511817468,5151763.970262333,-0.757182686
382,382,1595365.325589477,5151753.688711634,-0.753333333
383,383,1593334.43353627,5151697.075574998,-0.070785714
384,384,1593410.32290719,5151697.151066728,-0.964338731
385,385,1593457.326536965,5151672.255625559,-0.396454534
386,386,1595349.3936347,5151701.643316184,0.359319217
387,387,1595364.09585005,5151656.039121279,-0.137073528
388,388,1593507.953290002,5151637.386664302,-9999.0
389,389,1593515.228275177,5151588.601390876,-0.470247478
390,390,1593583.952481416,5151522.728083059,-9999.0
391,391,1593583.981646344,5151492.447223793,-0.445727284
392,392,1593690.783866996,5151513.283905949,-0.562399226
393,393,1593782.733760863,5151492.258963892,-9999.0
394,394,1595618.371109108,5151508.415395081,-0.282311208
395,395,1593598.963207439,5151484.191555951,-0.610185173
396,396,1593775.515066927,5151483.002978091,-9999.0
397,397,1593850.205808271,5151468.608018419,-0.603622205
398,398,1595594.638743983,5151471.105148564,-9999.0
399,399,1595577.43071401,5151455.611148038,-0.618210547
400,400,1595553.463976262,5151444.520185235,-9999.0
401,401,1595545.367042774,5151388.29832583,0.049389836
402,402,1595551.833844606,5151356.339984311,0.266839614
403,403,1593941.831060337,5151386.952426583,-0.512206886
404,404,1593959.992810019,5151283.638524551,-0.19527866
405,405,1595562.502836071,5151272.701661675,-0.106569063
406,406,1593945.471285341,5151208.069587721,0.649529391
407,407,1595537.086697902,5151221.393097928,-0.451995053
408,408,1595486.354650785,5151162.114361021,-0.44696924
409,409,1593906.148805602,5151128.653105469,-9999.0
410,410,1595441.417811069,5151095.199811571,-0.058226359
411,411,1593907.999297034,5151055.421714493,-9999.0
412,412,1593913.253646391,5151024.201249483,-9999.0
413,413,1593907.100496164,5151014.573168957,-9999.0
414,414,1595533.800424618,5151004.659943323,-0.59635716
415,415,1595553.617951872,5150995.360306518,-9999.0
416,416,1593933.123465497,5150951.741282541,-9999.0
417,417,1593949.478420736,5150924.467036553,-9999.0
418,418,1593969.375307352,5150907.953364039,-9999.0
419,419,1593976.065404234,5150871.286516237,-9999.0
420,420,1593978.858638023,5150830.648734189,-9999.0
421,421,1594021.733914644,5150775.089277492,-9999.0
422,422,1593457.90000028,5150763.70205069,-0.679857171
423,423,1593321.096107021,5150744.379417495,0.47158904
424,424,1593366.895795026,5150749.285273808,-0.533274179
425,425,1595732.309084071,5150740.010562571,-0.781089564
426,426,1593508.59567879,5150714.178286972,3.090069763
427,427,1593364.352651529,5150684.468349011,-9999.0
428,428,1594003.760444658,5150690.379721795,-9999.0
429,429,1595777.578205647,5150685.344394556,-0.932999998
430,430,1593379.073282688,5150669.751512239,-0.413624968
431,431,1593973.631919187,5150671.541467569,-0.553270475
432,432,1593393.288184981,5150654.566931755,1.025999972
433,433,1593573.497474618,5150654.002152879,1.772017524
434,434,1593404.137707943,5150644.600954503,-9999.0
435,435,1593609.50193553,5150633.629645957,2.574365871
436,436,1595808.317304535,5150650.515047074,-0.660386795
437,437,1593618.584826075,5150614.34682237,0.445743127
438,438,1593860.351978416,5150622.3472447,-9999.0
439,439,1595841.246705179,5150614.580733116,0.019999988
440,440,1593423.080041043,5150604.871219448,-9999.0
441,441,1593831.258438839,5150599.758753886,-0.303720019
442,442,1595846.961787503,5150594.844893975,-0.017500021
443,443,1597093.249701327,5150587.372587164,-0.099685715
444,444,1593775.697501497,5150580.811585991,-0.530629827
445,445,1593556.359861107,5150555.543989883,-9999.0
446,446,1595834.482503393,5150557.701510387,-9999.0
447,447,1593465.66503918,5150539.905956417,-0.371000037
448,448,1596927.224674918,5150535.257690386,-0.349938779
449,449,1596986.802609487,5150545.224744767,-0.029267929
450,450,1593718.599088668,5150525.911704051,1.414173914
451,451,1595804.121240271,5150533.052806375,0.108015023
452,452,1593486.884151641,5150519.401693759,-9999.0
453,453,1593750.550952222,5150530.723102981,-0.285067113
454,454,1595780.952273534,5150517.551221573,0.018817182
455,455,1596864.029389598,5150507.45480977,-0.941500038
456,456,1596887.71677632,5150508.050496717,-9999.0
457,457,1596907.698138016,5150523.27308546,-0.411393819
458,458,1596996.110765449,5150508.10027242,-9999.0
459,459,1596948.933131138,5150503.934933374,-9999.0
460,460,1596783.152962677,5150471.834611516,-0.820127552
461,461,1596829.146256076,5150487.786934149,-0.894046513
462,462,1595770.361072593,5150449.654621409,-0.838062465
463,463,1593459.746133577,5150440.628434082,-0.501847829
464,464,1595785.37471214,5150437.022434774,-0.767249964
465,465,1596779.80377747,5150437.577544258,-9999.0
466,466,1597338.70646724,5150437.392016081,1.308202902
467,467,1595803.833459384,5150417.665209285,-0.946333369
468,468,1593487.47566674,5150405.24144734,-9999.0
469,469,1596782.762998307,5150412.765319488,-0.902411778
470,470,1596117.808513914,5150387.340904138,-0.038914292
471,471,1597374.514085294,5150386.689070039,0.94231817
472,472,1593489.357067199,5150381.924382101,-0.625639466
473,473,1597158.23459932,5150368.120575052,-9999.0
474,474,1597172.691063119,5150358.150003795,-9999.0
475,475,1593552.74687847,5150368.897570091,-0.472038017
476,476,1595812.033886575,5150370.228191245,-0.726210459
477,477,1596789.851131539,5150362.75698787,-9999.0
478,478,1593520.0613325,5150335.436104905,-0.88436111
479,479,1595850.326618195,5150337.503806997,-9999.0
480,480,1596773.443117461,5150337.555911711,-0.880499969
481,481,1595872.01748995,5150317.148136592,-0.962000012
482,482,1596761.301937965,5150307.553676397,-9999.0
483,483,1595929.837907312,5150297.645970427,-9999.0
484,484,1597223.29874577,5150298.310946575,-9999.0
485,485,1596037.716648862,5150304.144752181,-0.20287049
486,486,1596746.922253311,5150267.412779414,-9999.0
487,487,1593517.229842727,5150246.1931389,-9999.0
488,488,1593524.674784256,5150226.599126449,-9999.0
489,489,1596724.879946677,5150233.027891515,-0.650181799
490,490,1593536.03593461,5150216.39939553,-9999.0
491,491,1596609.400926854,5150217.892361701,2.108680864
492,492,1596334.545474361,5150208.090490145,-9999.0
493,493,1597172.758838166,5150198.522414213,-9999.0
494,494,1593561.357604572,5150194.894999675,-0.949000061
495,495,1593611.68302487,5150162.096571138,-0.876199949
496,496,1593652.970350758,5150141.89100819,-0.965200031
497,497,1593711.759768102,5150116.131727259,-9999.0
498,498,1593726.220854386,5150106.168638013,-0.548249994
499,499,1593737.068987015,5150096.202111172,-0.297031716
500,500,1597256.428985715,5150089.190126777,-9999.0
501,501,1593747.399573637,5150076.258348242,-0.191173859
502,502,1593733.488938709,5150061.280165456,-0.830466636
503,503,1593713.132599648,5150044.02696377,-0.831928584
504,504,1597360.854066733,5150008.833928738,0.307342858
505,505,1593703.894875764,5149968.484881373,-0.75180004
506,506,1597050.046214041,5149909.144015372,-9999.0
507,507,1593673.519156248,5149913.245975206,-0.924999997
508,508,1593673.298313835,5149872.090563264,-0.626884615
509,509,1593647.800869888,5149850.610292184,-0.693045835
510,510,1596992.272834796,5149839.281038435,-9999.0
511,511,1593626.991655604,5149824.636339145,0.03608996
512,512,1593603.674027507,5149801.761510812,-0.375540957
513,513,1593556.771020934,5149736.86745593,-0.360199994
514,514,1597024.674346897,5149724.667074816,-9999.0
515,515,1596917.023748901,5149640.088642794,-9999.0
516,516,1597227.712681522,5149640.225265565,-9999.0
517,517,1597213.270385614,5149620.265763369,-9999.0
518,518,1596897.954439365,5149568.008253757,-9999.0
519,519,1597250.806633545,5150262.826782479,-0.505187996
520,520,1596729.209437944,5149550.208383519,-9999.0
521,521,1597247.127726948,5149535.040368057,-0.488539204
522,522,1593571.0309304,5149661.249558025,-0.678759909
523,523,1596902.25269928,5149509.799623847,-9999.0
524,524,1596930.840528842,5149515.113005556,-9999.0
525,525,1593565.383152844,5149499.495018645,-9999.0
526,526,1596811.806329657,5149480.034556945,-9999.0
527,527,1596804.595545462,5149450.100881274,-9999.0
528,528,1597139.034651893,5149471.873304983,-0.511323155
529,529,1597002.21570197,5149417.389614634,-0.541457746
530,530,1596716.502982629,5149380.883336646,-9999.0
531,531,1596775.884128553,5149360.815996068,-9999.0
532,532,1596943.99420954,5149361.022702628,-9999.0
533,533,1596971.987993211,5149386.180647681,-0.923749998
534,534,1596710.309770637,5149352.744687068,-9999.0
535,535,1596752.2390233,5149330.146803182,-9999.0
536,536,1596816.021906443,5149320.785449539,-9999.0
537,537,1596891.786532499,5149335.698920769,-0.796400003
538,538,1596789.199045305,5149318.586583083,-9999.0
539,539,1596835.309577225,5149261.135011711,-0.398735951
540,540,1593449.68391448,5149197.35257744,1.343100847
541,541,1593268.308978216,5149187.510170436,-0.45766998
542,542,1593313.797415328,5149188.830488509,-0.507934054
543,543,1593423.957108174,5149186.411657763,2.961787214
544,544,1593557.089297346,5149347.833823775,-0.354918737
545,545,1596792.416789141,5149177.761149097,-0.670999951
546,546,1593421.375951088,5149160.207787503,0.005375572
547,547,1596770.922937005,5149125.272357712,-0.528172977
548,548,1593052.629241142,5149047.629504334,-9999.0
549,549,1593134.218419735,5149100.744423811,-0.082019275
550,550,1593062.556754446,5149037.998358849,-9999.0
551,551,1596437.632060462,5149031.411011089,-9999.0
552,552,1593045.088597095,5149020.311034297,-9999.0
553,553,1596728.993471346,5149024.200862788,-0.562952214
554,554,1596437.648078666,5149001.480778181,-9999.0
555,555,1596638.792975884,5148995.869548523,-9999.0
556,556,1596551.107755184,5148986.179048277,-0.779206531
557,557,1596687.461892478,5148979.773822178,-0.248389704
558,558,1593013.825830016,5148966.118539891,0.744716049
559,559,1592996.154927245,5148923.235078441,-9999.0
560,560,1592948.270290839,5148897.285436491,0.337122459
561,561,1592983.227323537,5148903.228990735,-9999.0
562,562,1592626.685758852,5148905.647639475,0.445661609
563,563,1596414.206903781,5148906.916699068,-0.856285751
564,564,1592961.574839865,5148883.252614232,-0.595272701
565,565,1592523.34959399,5148869.870751389,0.781274443
566,566,1592583.50532157,5148871.202540613,-0.853203114
567,567,1592720.758391956,5148866.489043234,0.019411769
568,568,1592938.481164255,5148865.826260774,-0.27124335
569,569,1592499.169570258,5148851.746585628,0.851122047
570,570,1592737.246576137,5148846.506163775,0.178795455
571,571,1592477.583665271,5148837.827806207,1.525699995
572,572,1592917.820983692,5148844.485305758,-0.010404431
573,573,1592515.108945123,5148831.465477379,-0.692741567
574,574,1596384.740590922,5148832.310751988,-0.959200013
575,575,1592455.932908877,5148817.849780763,1.494100022
576,576,1592877.672074928,5148827.511647323,0.13491202
577,577,1592448.719791931,5148807.864840467,1.322028566
578,578,1592724.405681597,5148798.922607752,-9999.0
579,579,1596320.672286001,5148791.808736879,-0.384210532
580,580,1592438.756288851,5148767.946474412,-0.839451574
581,581,1592810.17901428,5148787.755695871,-0.072122642
582,582,1596304.138276263,5148769.333850579,-0.944787927
583,583,1592431.107112751,5148748.568838742,-9999.0
584,584,1592369.342621597,5148727.960217638,1.60781428
585,585,1596255.446305202,5148734.048750618,-9999.0
586,586,1592351.304706161,5148707.985984921,1.105406675
587,587,1596186.978478157,5148705.831001223,-0.909111102
588,588,1595806.957527258,5148692.015949658,-9999.0
589,589,1595952.1506879,5148694.197791993,-0.980190481
590,590,1596144.082448329,5148691.310465422,-0.654380441
591,591,1595842.440760618,5148681.677929729,-0.75075609
592,592,1595892.443368435,5148679.520363827,-0.992000043
593,593,1596032.117775566,5148671.291153987,-0.860769178
594,594,1596086.00768254,5148671.630229083,-0.768945061
595,595,1595777.315857616,5148672.332593949,-0.580349387
596,596,1595699.668168918,5148651.338993263,-9999.0
597,597,1595851.633952703,5148641.100001691,-9999.0
598,598,1592296.8380547,5148498.411113543,0.111363648
599,599,1592297.399451958,5148468.481465519,-0.887142835
600,600,1592335.522064886,5148522.749531367,-0.319300912
601,601,1595862.664850288,5148403.434117661,-9999.0
602,602,1595855.382735392,5148386.713600557,-9999.0
603,603,1595843.792209256,5148373.558861485,-9999.0
604,604,1592329.717676315,5148364.074503073,-9999.0
605,605,1595831.063553197,5148363.069211553,-9999.0
606,606,1595800.577886658,5148344.916168028,-9999.0
607,607,1595699.771683926,5148331.610715655,-0.935151543
608,608,1595670.472153337,5148315.052969652,-9999.0
609,609,1592318.493869867,5148310.99502334,-9999.0
610,610,1592319.142015133,5148279.155847765,-9999.0
611,611,1592337.024230275,5148200.754351192,-9999.0
612,612,1592283.101322415,5148301.235573336,-0.081012202
613,613,1595564.683257651,5148192.072403618,-0.659162379
614,614,1592271.80808882,5148033.083585449,-0.87838665
615,615,1592279.97012228,5147924.727246815,-9999.0
616,616,1592263.757928752,5147889.789713199,-0.71204877
617,617,1592249.629909651,5147833.342716139,-0.864285699
618,618,1595497.948812943,5147851.850204876,-9999.0
619,619,1592286.031756489,5147783.715353399,-9999.0
620,620,1592312.802339777,5147704.205439667,-9999.0
621,621,1595509.466356633,5147627.745895982,-0.84283333
622,622,1595504.227827693,5147569.885494625,-9999.0
623,623,1592337.56836553,5147592.801291198,-0.66596251
624,624,1595487.967009367,5147517.372814338,-9999.0
625,625,1592310.298936466,5147496.809024148,-9999.0
626,626,1595466.129411456,5147457.481522794,-9999.0
627,627,1592303.319914368,5147437.926248393,-9999.0
628,628,1595458.984154726,5147424.729211224,-9999.0
629,629,1592317.155562592,5147406.623768403,-9999.0
630,630,1595451.433382781,5147398.882158305,-0.908000012
631,631,1592424.85782512,5147325.901672845,-0.930239584
632,632,1595435.575951024,5147264.240595393,-9999.0
633,633,1592539.450997504,5147255.577954601,-0.713368419
634,634,1592555.237759314,5147231.654715719,-0.76489658
635,635,1592592.485147566,5147206.708735966,-0.630201482
636,636,1592680.031555315,5147157.632427594,-0.26618946
637,637,1592655.328010727,5147145.502028675,-0.695720565
638,638,1592616.932768521,5147120.944137787,-0.441131368
639,639,1592734.644739509,5147129.709319872,0.264303893
640,640,1592724.683208486,5147064.307660974,0.498937512
641,641,1592710.733814713,5147042.26797286,-0.270333347
642,642,1592607.269802058,5147044.535823118,-9999.0
643,643,1595443.752401581,5147048.648917455,-0.418439243
644,644,1592761.520480516,5147002.733169783,-0.322599995
645,645,1592570.014483486,5147002.284559706,-9999.0
646,646,1595448.80351002,5146981.401560687,-9999.0
647,647,1592652.895908087,5146962.597883973,-9999.0
648,648,1592553.566194269,5146952.349605897,-9999.0
649,649,1592668.498262623,5147019.39551532,-0.040151158
650,650,1592764.716420559,5146950.705638945,-0.368200003
651,651,1592783.44142196,5147013.961869649,0.217040005
652,652,1592729.642491725,5146953.671155991,-9999.0
653,653,1592607.569110035,5146955.966844686,-9999.0
654,654,1592706.175521735,5146935.633404214,-0.622653355
655,655,1592554.526804779,5146891.144298044,-0.366762714
656,656,1592538.366438672,5146834.048767968,-9999.0
657,657,1595446.151542855,5146851.950532322,-0.563276604
658,658,1595475.944879346,5146803.437660981,-9999.0
659,659,1592539.033221782,5146799.76430815,-0.358420819
660,660,1592520.086152519,5146710.691764785,-9999.0
661,661,1592496.928990846,5146688.195897113,-0.714374308
662,662,1592494.657958332,5146600.336841611,-0.731966677
663,663,1592495.1253378,5146529.292497223,-0.684383725
664,664,1595584.168552518,5146475.232302723,-0.655949979
665,665,1592516.37155063,5146468.386563833,-0.443608231
666,666,1595591.739767798,5146445.751466217,-9999.0
667,667,1592544.35726608,5146438.824055747,0.066951045
668,668,1592567.482829467,5146340.558209017,-9999.0
669,669,1595600.437596767,5146285.363049238,-9999.0
670,670,1592587.748044398,5146282.414027075,-9999.0
671,671,1595584.871065371,5146247.965623206,-0.66141172
672,672,1592574.869018656,5146218.408880699,-0.955599988
673,673,1595542.525237093,5146196.741358195,-0.752315738
674,674,1595520.867195809,5146186.750013077,-9999.0
675,675,1595482.32013609,5146164.709231746,-0.861999949
676,676,1595447.58605435,5146143.494970749,-0.834896511
677,677,1592574.514231842,5146139.217348656,-9999.0
678,678,1595426.581371407,5146127.023517169,-0.720857154
679,679,1592628.945119387,5146099.799358866,-9999.0
680,680,1592696.505473916,5146100.269961506,-9999.0
681,681,1595364.770485463,5146087.533300329,-9999.0
682,682,1592610.701246522,5146079.408653055,-9999.0
683,683,1595342.745552542,5146067.586006788,-0.831480019
684,684,1592650.428479722,5146059.48723764,-9999.0
685,685,1592690.168337558,5146039.577428396,-9999.0
686,686,1592731.723450351,5146018.102724314,-9999.0
687,687,1595312.000184883,5146035.652612506,-9999.0
688,688,1592776.717326787,5146004.961038504,-9999.0
689,689,1592752.79564761,5146001.401562857,-0.953333378
690,690,1592769.822070831,5145979.941026346,-0.772906227
691,691,1592806.402765454,5145986.988202831,-9999.0
692,692,1592791.354726678,5145959.873449527,-0.835111108
693,693,1592822.754533336,5145917.326259795,-0.370408701
694,694,1592848.679300642,5145885.109308257,-9999.0
695,695,1592856.453895672,5145860.175647815,-9999.0
696,696,1595288.530175385,5145837.766185307,-9999.0
697,697,1595268.103861224,5145783.526599087,-9999.0
698,698,1595234.32108288,5145724.873452036,-9999.0
699,699,1592879.433479758,5145770.572060958,-0.138709686
700,700,1595209.921015643,5145659.972558658,-9999.0
701,701,1592905.068808534,5145657.768502497,0.023704734
702,702,1595210.446829474,5145616.643101832,-0.920000017
703,703,1592914.28024713,5145591.254258563,0.382600002
704,704,1592941.096154223,5145548.150143944,-9999.0
705,705,1592948.707993693,5145522.147474287,-9999.0
706,706,1595195.262629404,5145388.050040592,-9999.0
707,707,1592945.861788217,5145432.843099535,-0.705999963
708,708,1592949.766783066,5145285.103505166,-9999.0
709,709,1595242.758225772,5145256.45448867,-0.915916656
710,710,1592974.153579416,5145182.875587368,-9999.0
711,711,1592990.782793705,5145161.941828812,-9999.0
712,712,1593012.465162927,5145142.011019767,-9999.0
713,713,1593030.175951562,5145111.81781244,-0.852666676
714,714,1593048.642039097,5145077.204264331,-9999.0
715,715,1595205.624372888,5145125.854801774,-9999.0
716,716,1593083.563801418,5145035.00129154,-9999.0
717,717,1593112.811560646,5144988.070312938,-9999.0
718,718,1595153.722416082,5144849.336553635,-9999.0
719,719,1593138.937335776,5144889.01023618,0.314393431
720,720,1595161.823452885,5144805.917304752,-9999.0
721,721,1593201.775916172,5144774.727795538,-9999.0
722,722,1593226.706152252,5144728.453107347,-9999.0
723,723,1595151.397930994,5144704.210587176,0.876214915
724,724,1593212.46039588,5144526.813751495,-9999.0
725,725,1595171.347149791,5144572.400872263,-0.737652755
726,726,1595141.147237981,5144498.660366318,-9999.0
727,727,1595124.765313969,5144480.6854645,-9999.0
728,728,1595103.180255855,5144440.666283696,-9999.0
729,729,1593153.93790481,5144465.335543298,-0.924428565
730,730,1593114.310996925,5144408.820845746,-9999.0
731,731,1595083.761909974,5144414.352732032,-9999.0
732,732,1593091.771860545,5144377.402589005,0.749595969
733,733,1593085.920434886,5144342.525922365,-0.499100015
734,734,1593062.374649236,5144322.607309606,-0.388999969
735,735,1593017.366585968,5144278.563282298,-0.284999941
736,736,1593004.676384286,5144262.062868408,1.973066631
737,737,1595180.38316713,5144158.391421972,-0.216812497
738,738,1592892.97224443,5144112.246858619,-9999.0
739,739,1595363.308072507,5144091.71969028,-9999.0
740,740,1592894.204597724,5144084.342164206,-9999.0
741,741,1592887.669534632,5144064.021859487,-9999.0
742,742,1595374.328006737,5144026.670142482,-9999.0
743,743,1595366.077086154,5143987.47038156,-0.286499992
744,744,1595363.591068917,5143922.989012792,-0.255547182
745,745,1592837.344870301,5143881.890291944,-9999.0
746,746,1592821.603156392,5143951.401664176,-0.734703715
747,747,1592897.544177193,5143861.027376367,-9999.0
748,748,1592921.528727064,5143844.214632301,-9999.0
749,749,1592923.945805257,5143820.992657904,-0.089061199
750,750,1595370.125807172,5143784.352360155,-0.506666686
751,751,1595385.187964134,5143772.060676319,1.022470601
752,752,1593003.029751474,5143776.465305149,-0.261626374
753,753,1595399.62140631,5143732.534526909,4.389166613
754,754,1595393.113433102,5143722.389864044,3.90825006
755,755,1593105.235308668,5143711.857249479,-9999.0
756,756,1593124.076374213,5143680.797680011,-9999.0
757,757,1595365.363837447,5143656.391817971,0.644235773
758,758,1595354.599908539,5143592.664209671,1.178722292
759,759,1595366.22824269,5143546.164958259,0.577659098
760,760,1593075.891375024,5143490.420155362,-9999.0
761,761,1593068.628191035,5143480.560197996,-9999.0
762,762,1593059.164937498,5143444.890299819,-9999.0
763,763,1593432.616451304,5143446.690209761,-9999.0
764,764,1593048.06222816,5143429.793128185,-9999.0
765,765,1593034.535388463,5143391.413009088,-9999.0
766,766,1593015.995336015,5143363.943162364,-9999.0
767,767,1593034.39410041,5143343.970076474,-9999.0
768,768,1593234.542366712,5143321.469160491,-9999.0
769,769,1593216.591966611,5143306.609146496,0.026744045
770,770,1593299.539479952,5143290.877017783,-9999.0
771,771,1593264.944924845,5143292.761258262,-0.063374997
772,772,1593321.740447277,5143271.673156316,-9999.0
773,773,1593332.061747524,5143251.7298302,-9999.0
774,774,1593427.23011282,5143132.812409405,-9999.0
775,775,1593442.146468911,5143120.518432286,-9999.0
776,776,1595701.301286841,5143106.597038507,-9999.0
777,777,1595729.481393269,5143071.048730245,-9999.0
778,778,1593509.424263919,5143052.863518212,-9999.0
779,779,1593548.860487704,5142997.534270846,-9999.0
780,780,1593564.420281117,5142905.943614184,-9999.0
781,781,1596136.638438446,5142854.878812523,1.511473773
782,782,1593568.023100128,5142829.139383742,-9999.0
783,783,1593549.858534653,5142795.78110664,-9999.0
784,784,1595954.542870721,5142774.604525128,-0.733666658
785,785,1596613.110044692,5142685.532427796,-9999.0
786,786,1596548.00949887,5142675.729928767,-9999.0
787,787,1596666.623693037,5142675.116068555,-0.843999959
788,788,1595905.634854472,5142665.388220448,-9999.0
789,789,1596598.538939283,5142665.779146527,-9999.0
790,790,1593560.021329313,5142653.343717149,-9999.0
791,791,1593544.933009298,5142620.157479708,-0.851999998
792,792,1593513.274066093,5142582.829008974,-0.557235291
793,793,1596609.259608998,5142551.154797394,-9999.0
794,794,1593589.969971494,5142540.50449477,0.217214965
795,795,1593633.096235833,5142534.585273005,0.206242417
796,796,1593704.4895811,5142533.759878424,-0.56281817
797,797,1593513.853155942,5142540.855398429,-0.572518558
798,798,1593778.082841842,5142518.476640751,-0.487899957
799,799,1593809.172829619,5142503.927757071,-9999.0
800,800,1596682.168842346,5142466.661197303,-9999.0
801,801,1596714.14139613,5142426.392960941,-9999.0
802,802,1596937.952596,5142276.847129113,-9999.0
803,803,1593813.93428582,5142367.213122985,-0.149841677
804,804,1597248.463814842,5142227.618380155,-9999.0
805,805,1593884.475705794,5142209.676958237,-0.373270009
806,806,1597226.679044416,5142197.159131738,-9999.0
807,807,1593833.764970836,5142205.985740397,-9999.0
808,808,1593928.554680856,5142184.778486602,-9999.0
809,809,1597095.963177973,5142187.926429146,-9999.0
810,810,1597147.43942421,5142186.940869908,-9999.0
811,811,1593950.632020573,5142214.989468733,-0.824687514
812,812,1597190.609717437,5142157.236557601,-9999.0
813,813,1597203.324761037,5142177.332370438,0.403613055
814,814,1594002.248081402,5142151.524386303,-9999.0
815,815,1597140.243671985,5142137.053504262,-9999.0
816,816,1597164.25165173,5142151.434585925,-9999.0
817,817,1593988.792194279,5142132.887837664,-9999.0
818,818,1597060.863564925,5142117.06514218,-9999.0
819,819,1594049.287424524,5142123.190145534,-9999.0
820,820,1597168.979385932,5142107.343099769,-9999.0
821,821,1597421.622022083,5141997.700568327,-9999.0
822,822,1594131.557722409,5141949.054777252,-0.492096156
823,823,1594329.47756178,5141755.77700872,-9999.0
824,824,1594387.283800627,5141744.791311262,-9999.0
825,825,1594376.797574427,5141727.302334826,-0.267403516
826,826,1594191.671663652,5141797.449974349,-0.369070855
827,827,1594296.171325434,5141728.212103204,-0.178400004
828,828,1594408.895267121,5141716.28762778,-9999.0
829,829,1594419.728731707,5141706.319875767,-9999.0
830,830,1594615.377685417,5141688.462878831,-9999.0
831,831,1594693.983641739,5141681.602490552,-9999.0
832,832,1594712.041237471,5141661.6631652,-9999.0
833,833,1594737.374404107,5141643.158417722,-0.656999998
834,834,1594758.992841346,5141606.827607254,-9999.0
835,835,1594785.801964218,5141590.666382249,-9999.0
836,836,1597493.957921339,5141558.746420966,-9999.0
837,837,1594840.871559371,5141539.363260726,-0.252171453
838,838,1597515.619628856,5141528.631768456,2.294380951
839,839,1597531.566240674,5141491.083894986,4.190571393
840,840,1594858.138903874,5141473.405064279,-0.604796297
841,841,1594874.566273172,5141467.241663384,-9999.0
842,842,1597536.309280405,5141439.200386051,-9999.0
843,843,1594975.634314406,5141417.434554187,-9999.0
844,844,1595004.387230007,5141417.738877042,-9999.0
845,845,1595074.274073577,5141417.990607909,-9999.0
846,846,1595098.526605288,5141409.584790424,-9999.0
847,847,1595260.111165238,5141297.893418067,-9999.0
848,848,1595326.939889712,5141264.712390986,-9999.0
849,849,1595365.455463243,5141223.169081936,-9999.0
850,850,1597509.197674548,5141199.377120594,-0.594666646
851,851,1595391.230123307,5141178.537581939,-9999.0
852,852,1597508.974394293,5141169.715344198,0.99958977
853,853,1597500.948680346,5141145.856354627,0.09325715
854,854,1595394.562883107,5141118.240652001,-0.136736872
855,855,1597500.414488167,5141049.021559147,3.789357117
856,856,1597500.725966864,5141020.249113157,1.043166632
857,857,1595387.286229702,5141008.727293374,-0.63500005
858,858,1595398.10564573,5140998.726575186,-9999.0
859,859,1597493.840848091,5141000.233222607,0.313177816
860,860,1595435.546532473,5140949.516897243,-9999.0
861,861,1597481.142374188,5140937.344474617,-0.652506883
862,862,1597465.152546442,5140890.167976159,1.196857187
863,863,1597466.026386698,5140870.124021114,0.809620707
864,864,1597461.12537958,5140820.042891191,1.220757545
865,865,1597458.383958843,5140790.299981873,2.536470618
866,866,1597472.317360494,5140753.521990255,-0.432866691
867,867,1597465.166816692,5140716.456617889,2.266749982
868,868,1595522.291582844,5140742.011447649,-9999.0
869,869,1597456.250982007,5140690.594557772,1.779925938
870,870,1595524.625762108,5140669.87220597,-9999.0
871,871,1595543.868732215,5140606.387672523,-0.221588206
872,872,1595589.621117517,5140524.940356929,-9999.0
873,873,1595633.04821443,5140320.442934313,-9999.0
874,874,1595647.576372751,5140285.598498341,-9999.0
875,875,1595694.802842671,5140251.229647546,-9999.0
876,876,1595677.0118826,5140231.90923306,-0.865599936
877,877,1595712.476664566,5140225.714287707,-9999.0
878,878,1595741.398626973,5140180.883336601,-9999.0
879,879,1595771.871769281,5140174.1697723,-9999.0
880,880,1595792.016463562,5140136.078715534,-0.900999963
881,881,1595813.557277853,5140116.033040079,-9999.0
882,882,1595832.430841518,5140101.079575775,-9999.0
883,883,1595838.83160013,5140081.129820334,-9999.0
884,884,1595853.552000281,5140057.510662352,-0.728529398
885,885,1595864.166037837,5140021.346776801,-0.900965489
886,886,1595912.974126119,5139997.712397204,-9999.0
887,887,1595957.758735477,5139878.323807905,-9999.0
