OID,FID_,X,Y,BCE_Port_U
0,0,1695998.5065183,5429178.550961819,-0.035342853
1,1,1696028.347518093,5429168.169996792,0.154303056
2,2,1695948.677672762,5429153.091977543,-0.649832062
3,3,1696088.367167106,5429129.999388807,-0.243199952
4,4,1695890.526835645,5429121.750366317,-0.701262256
5,5,1696113.879992749,5429119.211591801,0.11830771
6,6,1695757.194421626,5429101.651108972,-0.678079951
7,7,1695886.932975597,5429102.735605083,-9999.0
8,8,1696177.514256512,5429087.702900402,-9999.0
9,9,1695700.787559912,5429084.84415636,-0.732999951
10,10,1695874.527306305,5429085.831523024,-0.669142803
11,11,1696208.425492185,5429068.477275573,-0.612999959
12,12,1695842.967099176,5429063.4179751,-0.354430571
13,13,1695667.70300788,5429064.379730659,-0.041891132
14,14,1696252.413123849,5429047.286914205,-0.120523049
15,15,1695138.739378361,5429007.445977296,0.616368311
16,16,1695191.366951014,5429002.157897376,0.028357155
17,17,1695292.331331856,5428998.625268696,0.659724995
18,18,1695608.089271996,5429018.390268508,-0.664884917
19,19,1695210.042136504,5428991.939058077,-0.485999955
20,20,1695255.175937235,5428991.347892733,-0.342395217
21,21,1695321.450857657,5428989.901914457,0.344309161
22,22,1695083.367157829,5428990.195689117,-0.222533211
23,23,1695582.133821938,5428967.108395436,-0.916666607
24,24,1694937.248261046,5428961.51460167,-0.773999949
25,25,1695000.599617134,5428974.586653453,-0.101409059
26,26,1695574.481039542,5428957.233897711,-0.654508466
27,27,1694899.264480342,5428945.713955869,-0.20630964
28,28,1694926.756388608,5428945.771728516,-9999.0
29,29,1695567.491263142,5428937.041149083,-0.668254521
30,30,1694880.131117584,5428935.688025097,-0.051962592
31,31,1694881.501682945,5428906.669847571,-9999.0
32,32,1695566.237226458,5428902.484318249,-9999.0
33,33,1694866.541356239,5428901.67337711,-0.759999931
34,34,1695550.996205427,5428887.723160068,-0.676222179
35,35,1696318.260584802,5428877.599062582,-9999.0
36,36,1696303.084087309,5428867.825756564,-9999.0
37,37,1696324.149499752,5428868.15997754,-0.273224958
38,38,1695430.70914304,5428874.341544502,0.284376231
39,39,1696310.372819076,5428857.909458934,-0.238424221
40,40,1696287.775556355,5428848.079822971,-0.700999945
41,41,1696276.360241622,5428838.256648541,-0.672538412
42,42,1698855.566280405,5428799.575897754,-9999.0
43,43,1696264.944957569,5428828.433460462,-0.424702086
44,44,1694880.417909503,5428856.466775487,-0.619538413
45,45,1695514.890430871,5428824.215950279,-0.464083765
46,46,1695489.246843479,5428768.842670016,0.10415792
47,47,1698963.639809393,5428735.932819494,-0.269512911
48,48,1698708.366887552,5428737.527849639,-0.142584093
49,49,1698626.190680264,5428696.72856466,-0.310169012
50,50,1698585.054842401,5428685.934250263,-0.45391394
51,51,1694874.317892489,5428755.099041899,-0.248478349
52,52,1698565.976824037,5428677.471862169,-0.673142799
53,53,1698539.754860076,5428667.923170853,-0.544699953
54,54,1694819.063939922,5428697.288957476,-0.302707671
55,55,1697180.715279781,5428664.941566013,1.418953446
56,56,1694804.310910425,5428686.150133625,0.16776927
57,57,1697217.563981401,5428654.253585882,0.286999997
58,58,1694796.258072069,5428677.576222747,-0.061914296
59,59,1697116.966317566,5428654.038343876,0.018974929
60,60,1697202.947175941,5428646.388553204,-0.409532121
61,61,1697232.482754474,5428644.119191113,-0.143520831
62,62,1694773.374066425,5428658.046601729,-0.479923029
63,63,1697086.090163243,5428628.001287875,-0.109333331
64,64,1698486.473380227,5428612.489799351,-0.285860654
65,65,1697254.744689145,5428619.230080674,-0.077111111
66,66,1698473.766506428,5428600.089975798,-0.10342217
67,67,1694763.267478333,5428641.454959192,-0.726888845
68,68,1697067.69298854,5428608.224446706,-0.401812513
69,69,1697292.356250667,5428604.330687274,-0.10327587
70,70,1697303.826489486,5428595.167093923,-0.089706664
71,71,1697390.274822443,5428593.102569342,-0.012157901
72,72,1698398.142034808,5428571.190633979,-0.551285663
73,73,1694749.87417979,5428608.953352174,-9999.0
74,74,1697334.674865408,5428584.356295248,-0.103531381
75,75,1699001.761365777,5428555.142374239,-0.717621571
76,76,1697074.42923375,5428582.083096538,-0.583932764
77,77,1698281.320991633,5428552.412023529,-0.477333284
78,78,1698255.105670323,5428541.805356821,-0.51662498
79,79,1694753.365082872,5428584.041229907,-0.629714235
80,80,1697081.263786509,5428548.270678532,-9999.0
81,81,1697096.174338792,5428538.097157071,-9999.0
82,82,1697110.53638081,5428527.930936971,-9999.0
83,83,1698171.666547555,5428513.678602839,-9999.0
84,84,1697103.42978828,5428518.051481816,-9999.0
85,85,1698156.178639752,5428505.902865951,-0.055316018
86,86,1697116.689936249,5428507.365995919,-9999.0
87,87,1694775.073001246,5428545.736718149,-0.617281199
88,88,1696230.617749611,5428509.727925632,-0.468068932
89,89,1696223.526788276,5428499.828328958,-0.35764102
90,90,1697118.073789863,5428487.9327043,-0.709999979
91,91,1698134.875621239,5428481.924703611,-0.070484237
92,92,1697132.984165551,5428477.759103382,-0.650571385
93,93,1698133.259335147,5428455.07789773,-9999.0
94,94,1697152.864599573,5428464.194263332,-9999.0
95,95,1697162.671500641,5428447.439211728,-9999.0
96,96,1697173.820850543,5428437.315791189,-0.798999935
97,97,1697207.402068347,5428416.918036633,-9999.0
98,98,1698124.236971064,5428384.651375888,-9999.0
99,99,1699162.60036483,5428360.522679767,-0.024652144
100,100,1698109.472795256,5428364.901786241,0.884519994
101,101,1694755.1076522,5428406.031881877,-0.538893899
102,102,1697236.822049362,5428366.652613249,-9999.0
103,103,1699183.461076565,5428338.885175909,0.853350005
104,104,1698101.681924317,5428345.05807848,-0.369928559
105,105,1697251.598592298,5428346.506154512,-9999.0
106,106,1697258.986832486,5428336.43291312,-0.554999955
107,107,1698071.908734876,5428324.753528307,0.302692321
108,108,1698088.386751251,5428331.006972251,0.390424117
109,109,1699195.53717432,5428310.117017807,0.476273987
110,110,1694770.973663539,5428376.546330098,-0.427013292
111,111,1697266.375051819,5428326.359663706,-9999.0
112,112,1697281.351617906,5428321.172058973,-9999.0
113,113,1698052.118401136,5428295.854643939,-9999.0
114,114,1694777.235396578,5428309.609089659,-0.236415047
115,115,1697280.567358179,5428245.164001008,-9999.0
116,116,1697912.628248247,5428216.012743422,0.133688903
117,117,1694788.736264096,5428271.814499535,-0.69449995
118,118,1697911.624955328,5428198.004134911,-0.507263131
119,119,1694797.585472119,5428229.308299229,-9999.0
120,120,1694805.12604231,5428219.031109084,-9999.0
121,121,1697141.889366385,5428185.937592719,-0.651999973
122,122,1697851.194285324,5428179.596042947,-0.266974311
123,123,1697828.61970256,5428168.974870672,-0.597818142
124,124,1699362.71010687,5428148.522305751,-9999.0
125,125,1697128.853310264,5428168.608231023,-9999.0
126,126,1697817.173470785,5428159.307798712,-9999.0
127,127,1699345.187611062,5428131.959088157,-0.564285666
128,128,1699489.630380367,5428125.457734023,-0.384533339
129,129,1697100.932357773,5428136.063255047,-9999.0
130,130,1699299.219364627,5428096.476226283,0.873342328
131,131,1694804.030698532,5428146.689546079,-9999.0
132,132,1699286.702693688,5428079.607099497,-9999.0
133,133,1699271.523634336,5428069.839937821,-9999.0
134,134,1697082.784052239,5428097.621912143,-9999.0
135,135,1699263.875955325,5428060.697202863,-9999.0
136,136,1694779.383985288,5428106.464515453,-0.711666614
137,137,1694765.67922188,5428090.084214744,-0.49599995
138,138,1699580.654445898,5428029.038252877,-0.406733143
139,139,1694754.267180322,5428080.258693421,-0.553176422
140,140,1697112.013687604,5428054.127717002,-9999.0
141,141,1694698.69062383,5428019.329857279,-9999.0
142,142,1697007.845196088,5427989.62798304,-9999.0
143,143,1694689.012649679,5428002.403551847,-9999.0
144,144,1696215.902920234,5427981.525011768,-0.748727235
145,145,1696996.804338798,5427956.723119587,-9999.0
146,146,1697023.985283881,5427920.649013995,-9999.0
147,147,1694658.757252395,5427950.498872569,-9999.0
148,148,1697046.482377902,5427915.361474133,-9999.0
149,149,1694679.568928627,5427928.292914973,-9999.0
150,150,1697057.497864826,5427895.265603121,-9999.0
151,151,1696162.05804864,5427892.476850839,-0.420628526
152,152,1697064.819291034,5427880.206237727,-0.60971424
153,153,1694695.583328619,5427906.473325872,-0.681454493
154,154,1694729.083155796,5427885.116961601,-0.523764657
155,155,1697082.138282998,5427857.541058642,-0.243999969
156,156,1694757.166165536,5427867.110273303,-0.614749951
157,157,1699594.315093995,5427930.636447288,-0.191400536
158,158,1698538.160460485,5427800.534067935,-9999.0
159,159,1694758.668136086,5427840.818194159,0.161970412
160,160,1694785.057017179,5427845.461246078,-9999.0
161,161,1697088.033808324,5427810.123823073,-9999.0
162,162,1698571.870279278,5427790.102495019,-0.253984101
163,163,1698498.87730478,5427790.90495611,0.18401139
164,164,1697093.771619605,5427795.037169265,-9999.0
165,165,1698584.795512367,5427772.471885141,0.893734959
166,166,1699583.121086424,5427761.745137893,-0.660042529
167,167,1694740.466456929,5427811.258459215,0.289643903
168,168,1699500.18232067,5427737.555044087,-0.640999953
169,169,1699522.745558969,5427737.246102517,-9999.0
170,170,1699574.628661412,5427737.23431465,-0.57729164
171,171,1698439.14129667,5427775.685885329,0.576116763
172,172,1699477.421179787,5427728.008548827,-0.200123062
173,173,1699492.343867903,5427729.644559517,-0.207777741
174,174,1697093.172105568,5427750.16038931,-0.711999953
175,175,1698610.926134858,5427730.453690894,-9999.0
176,176,1699446.269160115,5427699.502436706,-0.579333287
177,177,1694603.701301436,5427752.056781561,-9999.0
178,178,1697107.814462091,5427720.041570812,-9999.0
179,179,1699431.800476499,5427687.891100843,-9999.0
180,180,1698639.553090727,5427695.38452842,-9999.0
181,181,1699421.628840515,5427678.387200705,-0.667399949
182,182,1698679.504733467,5427683.910039211,-9999.0
183,183,1696105.91872636,5427703.82135373,-0.56666662
184,184,1698705.305341312,5427676.405124947,-9999.0
185,185,1698753.53203474,5427669.739051043,-0.551124978
186,186,1699352.425902818,5427659.433006941,-9999.0
187,187,1699408.694517587,5427659.211089732,-0.627999944
188,188,1698791.980967512,5427657.445830188,-9999.0
189,189,1696076.838236221,5427688.883160722,-0.304330781
190,190,1697135.78122335,5427672.608721736,-0.54099996
191,191,1699372.742059644,5427643.921100133,-0.226393808
192,192,1696038.930882974,5427674.446784236,-0.597688821
193,193,1697155.901187205,5427659.552504423,-9999.0
194,194,1699021.094492794,5427634.031432718,-9999.0
195,195,1699328.177403951,5427636.663119316,-0.452994981
196,196,1694467.251456095,5427682.238935741,-0.665333311
197,197,1697182.091181036,5427649.227943129,-9999.0
198,198,1698806.683974287,5427632.309774865,-9999.0
199,199,1699002.160965877,5427624.662316539,-9999.0
200,200,1699043.405428441,5427624.153192083,-9999.0
201,201,1699069.846509404,5427623.235279703,-0.229789425
202,202,1699116.344339796,5427626.488377814,-0.285227222
203,203,1699139.60443516,5427622.788711446,-9999.0
204,204,1699310.203371176,5427622.491594377,-0.431473638
205,205,1694459.381245123,5427675.151131724,-0.640666624
206,206,1696013.612442843,5427654.445189857,-0.074472174
207,207,1697204.520635073,5427638.953582123,-9999.0
208,208,1699130.234887204,5427613.483532766,-0.612571393
209,209,1697219.444925256,5427628.802724937,-9999.0
210,210,1694443.531807519,5427655.40853261,-9999.0
211,211,1697241.858442433,5427618.505283818,-9999.0
212,212,1698838.480749258,5427607.421291162,-9999.0
213,213,1698881.41865938,5427596.382679412,-9999.0
214,214,1694228.835390963,5427653.702077148,-9999.0
215,215,1697271.808625783,5427608.130076303,-9999.0
216,216,1698936.525112636,5427585.791897688,-0.475045949
217,217,1699147.601621819,5427592.853430804,-9999.0
218,218,1699262.21525348,5427609.380929197,-0.182970894
219,219,1699233.624230967,5427569.399241419,0.008035628
220,220,1694217.935970591,5427618.439539947,-9999.0
221,221,1697291.665230987,5427582.620884004,-0.413589004
222,222,1698366.617637803,5427577.878629432,-0.765272682
223,223,1699186.882687302,5427555.167076205,-0.375583215
224,224,1697312.572698183,5427562.699522213,-0.53041172
225,225,1698331.132779998,5427539.327962294,-0.672276892
226,226,1693374.985429445,5427587.023887134,-0.010822216
227,227,1694208.701783534,5427590.729861275,-0.625111065
228,228,1697332.625244739,5427543.479604986,-0.486188191
229,229,1698316.270306463,5427524.254403634,-9999.0
230,230,1693470.50322559,5427575.836236199,-0.02567823
231,231,1693353.57693082,5427564.134973118,-0.141530766
232,232,1693671.696375958,5427545.672407771,-0.626823485
233,233,1698306.881063229,5427497.450408186,0.181682588
234,234,1693660.244974612,5427536.607096604,-9999.0
235,235,1698469.493866779,5427472.443707652,-0.352549953
236,236,1693571.443599058,5427551.528081857,0.136044036
237,237,1697383.952746771,5427491.446983874,-0.047157222
238,238,1696039.946827136,5427484.914953693,-0.300960403
239,239,1695949.271280636,5427478.479940257,-0.10287497
240,240,1693338.982269505,5427516.148860603,-0.229760047
241,241,1694210.952182588,5427503.355663397,-0.659013653
242,242,1695878.299936255,5427461.341069752,-0.302477761
243,243,1693257.878054603,5427484.946350579,-0.319107421
244,244,1695840.818186262,5427450.929610781,-0.730999954
245,245,1697370.93570973,5427427.263219139,-0.279542811
246,246,1695825.253737622,5427437.901106515,-0.453132061
247,247,1697359.053404655,5427382.537561134,-0.342318637
248,248,1693263.923604352,5427426.272894233,-0.486545409
249,249,1693278.832458561,5427413.192506928,-9999.0
250,250,1693293.824515199,5427401.043446844,-9999.0
251,251,1697349.659767666,5427359.805376741,0.003115249
252,252,1694147.29664141,5427379.767717383,-9999.0
253,253,1694094.451286811,5427370.645387229,-0.010794825
254,254,1697323.628198731,5427337.821242362,1.14701563
255,255,1696689.010454989,5427330.661063476,-9999.0
256,256,1693331.383874852,5427376.057467205,-9999.0
257,257,1696671.462198901,5427316.447350443,-0.597090865
258,258,1697219.469920487,5427311.19328603,-0.129319514
259,259,1693356.970816842,5427350.271282676,-9999.0
260,260,1697207.506045922,5427299.783830773,-0.389261859
261,261,1696665.89138312,5427297.034329446,-9999.0
262,262,1693360.474857766,5427330.277769702,-0.659333282
263,263,1697162.620002652,5427279.133557949,2.849921559
264,264,1697187.609253981,5427286.706829961,-0.07156463
265,265,1696654.34523822,5427277.239135044,-0.609999966
266,266,1693382.775732954,5427309.695313941,-9999.0
267,267,1693384.145272193,5427286.197749584,-9999.0
268,268,1698571.442764796,5427211.651759567,-9999.0
269,269,1693385.643346841,5427240.186110741,-0.63849996
270,270,1693377.636547828,5427190.622287864,-9999.0
271,271,1696505.970732312,5427139.99871634,-9999.0
272,272,1696475.626248222,5427129.998341416,-0.393260821
273,273,1696678.875967093,5427142.258589688,-0.640153802
274,274,1693309.414333756,5427161.371342001,0.043020416
275,275,1693363.012876417,5427193.793994378,0.243223723
276,276,1696456.560500904,5427110.302684519,-0.609428523
277,277,1696696.959831558,5427112.403225839,-9999.0
278,278,1695601.526077665,5427104.978422879,-0.375463366
279,279,1695534.921458115,5427092.555290728,0.113882396
280,280,1695632.685883095,5427091.26927149,-0.31879996
281,281,1695660.854342241,5427088.404901675,-0.718999952
282,282,1695955.542226098,5427077.755202531,-9999.0
283,283,1695504.934806809,5427079.503811019,-0.268969667
284,284,1695730.780786608,5427073.524667277,-0.374857095
285,285,1695842.773949614,5427073.923232806,-0.410016861
286,286,1695496.926565248,5427063.13170583,0.080200026
287,287,1696428.013523639,5427053.604896859,1.027229527
288,288,1696444.15518217,5427045.633870806,-9999.0
289,289,1695489.20946555,5427048.272192805,1.106151725
290,290,1696413.544387951,5426986.193820113,-0.595999936
291,291,1696525.841138656,5426984.134692769,-9999.0
292,292,1696428.386359823,5426971.035292436,-9999.0
293,293,1696450.61610611,5426945.804293328,-9999.0
294,294,1693607.345790063,5426972.447395634,-9999.0
295,295,1698577.357529769,5426892.631037594,-9999.0
296,296,1695397.891862163,5426928.182918731,-0.259734779
297,297,1696453.45257859,5426919.604978532,-0.360614517
298,298,1695372.554207125,5426910.281645047,0.011560521
299,299,1693205.065772416,5427006.385493174,-0.340939852
300,300,1695336.76609636,5426894.943820181,-9999.0
301,301,1695343.876679038,5426886.262980319,-0.320749965
302,302,1698558.746047478,5426858.181843311,-0.601730287
303,303,1693185.497705246,5426863.291103902,-0.580541634
304,304,1698538.820693289,5426794.386219217,-0.720857084
305,305,1693187.961547851,5426845.873903524,-0.488499967
306,306,1693305.736613252,5426832.268199771,-9999.0
307,307,1698509.359397851,5426770.252546145,-0.416684176
308,308,1696391.990161398,5426776.984308522,0.945571992
309,309,1698456.146939361,5426744.352499525,-9999.0
310,310,1698483.778759203,5426751.891840396,-0.316521481
311,311,1693208.744266025,5426816.169432079,-0.567659682
312,312,1693221.992092368,5426783.672063653,-0.664666613
313,313,1693808.231924501,5426767.969499371,-9999.0
314,314,1693839.554765815,5426766.178693214,-0.46313632
315,315,1693860.89772799,5426765.272011342,-9999.0
316,316,1695305.559091748,5426809.650202362,-0.355787208
317,317,1693235.708827478,5426764.698487701,-9999.0
318,318,1693725.077137275,5426747.712742919,-9999.0
319,319,1698402.362677486,5426691.873528333,-9999.0
320,320,1693246.031261948,5426735.714123131,-9999.0
321,321,1693895.150714924,5426732.135952494,-9999.0
322,322,1698379.933841194,5426670.576356894,-0.453866616
323,323,1693634.515034226,5426717.952296513,-9999.0
324,324,1693924.564902779,5426714.696018827,-9999.0
325,325,1693266.803433628,5426716.029610247,-9999.0
326,326,1693596.620834689,5426709.328950004,-9999.0
327,327,1696258.058478142,5426688.625058919,-9999.0
328,328,1698348.026808577,5426643.857846552,-0.459928524
329,329,1693282.280927218,5426706.507083411,-9999.0
330,330,1693583.403930382,5426696.913931961,-0.147238894
331,331,1698326.528194549,5426626.685710041,-0.388517214
332,332,1693298.165148378,5426696.865824274,-9999.0
333,333,1693401.016314414,5426680.702798751,-9999.0
334,334,1693363.453604375,5426681.857727491,-9999.0
335,335,1693394.908267052,5426674.851260325,-9999.0
336,336,1693982.087389706,5426679.472395526,-0.298392496
337,337,1696235.889466763,5426634.458559235,-0.516833287
338,338,1693979.798307097,5426654.017877734,-9999.0
339,339,1698191.635350938,5426624.707026187,0.003224535
340,340,1698273.670863336,5426609.044334157,-0.137508614
341,341,1693968.389534799,5426644.191156339,-0.232903804
342,342,1693422.307901907,5426657.328507118,-9999.0
343,343,1693467.967158932,5426640.541996961,-9999.0
344,344,1696231.601160103,5426594.617840317,-9999.0
345,345,1693934.163402597,5426614.710898544,-0.472357097
346,346,1696264.845800424,5426549.292710729,-9999.0
347,347,1698150.192506673,5426505.688448339,-0.587657097
348,348,1693916.041156738,5426566.602108966,-0.502814768
349,349,1697894.745751677,5426496.447689821,-0.721857094
350,350,1698117.296586199,5426490.542889958,-9999.0
351,351,1696279.290657377,5426504.216571644,-0.472399956
352,352,1697760.680910693,5426484.433479912,-9999.0
353,353,1698031.533610096,5426488.464843067,-0.784399951
354,354,1698084.915377037,5426484.645346893,-9999.0
355,355,1695566.954628355,5426510.868486357,-0.54399997
356,356,1696376.765989027,5426493.154296773,-9999.0
357,357,1697717.494244297,5426475.040039241,-9999.0
358,358,1693903.274163197,5426527.50073951,-0.39276221
359,359,1695557.110355457,5426493.832911527,-0.572199944
360,360,1696293.517468087,5426484.079248145,-9999.0
361,361,1697707.774410219,5426465.196330277,-0.522021262
362,362,1697798.434525793,5426473.656450271,0.1094094
363,363,1697696.524499646,5426455.477746634,2.867682931
364,364,1693879.829150499,5426495.926338416,-9999.0
365,365,1697602.216007641,5426444.87338296,-0.62410522
366,366,1696382.662833228,5426466.970941769,-9999.0
367,367,1696273.56959803,5426444.804281526,-9999.0
368,368,1697610.017030452,5426461.7910215,-0.018185497
369,369,1697711.077262339,5426437.05086767,-0.529818145
370,370,1696376.130907453,5426433.839140142,-9999.0
371,371,1693820.422833543,5426443.649232366,-0.423499953
372,372,1695480.877681715,5426414.282794333,-9999.0
373,373,1696274.07705,5426394.567435794,-0.562666612
374,374,1696307.234877653,5426384.153561846,-9999.0
375,375,1695450.105614939,5426386.133158804,-0.588352894
376,376,1695426.962317879,5426376.242136295,-0.21527999
377,377,1695374.6862843,5426345.85724831,-0.54619996
378,378,1696348.479781668,5426333.7347279,-9999.0
379,379,1695295.609579959,5426337.647932249,-9999.0
380,380,1696367.14641497,5426323.512745697,-9999.0
381,381,1695306.758077794,5426327.52733766,0.298594227
382,382,1696359.494576469,5426313.639855762,-0.569999933
383,383,1695261.160459832,5426308.538308916,-0.171591793
384,384,1696381.788600495,5426293.395325931,-0.655999959
385,385,1693779.905001883,5426317.475265183,-0.288583321
386,386,1693825.64099275,5426346.822661314,0.423470843
387,387,1695211.355818382,5426293.166582635,0.301195145
388,388,1693768.822871291,5426295.005754729,-0.401999952
389,389,1695185.09237314,5426270.249506515,0.758000031
390,390,1693749.312182128,5426277.97299901,-0.200133302
391,391,1695147.802709211,5426249.816264404,-9999.0
392,392,1695163.102723451,5426260.126600643,-0.451333297
393,393,1697966.107753672,5426211.443375302,1.175634132
394,394,1693756.638584589,5426262.917025032,-9999.0
395,395,1693730.127499421,5426248.297705621,-0.067264668
396,396,1695140.342538784,5426229.939458636,-0.51251847
397,397,1693711.071617557,5426228.594989528,-0.404533297
398,398,1695160.781281914,5426209.218933961,-0.551820181
399,399,1696711.515464551,5426196.856046451,-9999.0
400,400,1696698.496886938,5426172.533883091,-9999.0
401,401,1696334.886047013,5426159.363186823,-0.375010998
402,402,1696710.640087063,5426149.587738439,-9999.0
403,403,1696725.678857175,5426149.387507384,-9999.0
404,404,1696327.168295242,5426144.50394199,0.554371789
405,405,1696341.876556699,5426139.321689987,-9999.0
406,406,1693668.878994577,5426164.306329273,-9999.0
407,407,1693667.701970698,5426122.360735305,-9999.0
408,408,1693671.416979079,5426069.51791831,-0.567571385
409,409,1695201.553555809,5426049.645344756,-0.66049995
410,410,1693660.146287242,5426024.466226137,-0.598666628
411,411,1696114.467248262,5425977.636943515,-0.39494114
412,412,1696121.703869928,5425962.699500673,-9999.0
413,413,1697903.400025835,5425924.146589046,-9999.0
414,414,1695579.923492626,5425913.05781869,-9999.0
415,415,1696106.739609089,5425918.708702622,-0.348306467
416,416,1695545.644565579,5425876.124390006,-9999.0
417,417,1696095.909986662,5425871.959769648,-0.276902427
418,418,1695124.624297284,5425879.488145833,-0.491599955
419,419,1695481.215101897,5425856.237155188,-9999.0
420,420,1695445.459020453,5425817.417880319,-0.477026993
421,421,1695784.925840827,5425802.223705684,-9999.0
422,422,1695435.713750799,5425797.19353695,-0.207086913
423,423,1695434.912979639,5425777.982636395,-9999.0
424,424,1693600.88911831,5425790.166811497,-0.211071394
425,425,1695817.798704665,5425766.659025242,-9999.0
426,426,1698302.367010415,5425740.554753373,-0.219143916
427,427,1693344.379747069,5425784.974941283,-0.349461539
428,428,1693651.518081679,5425836.088964874,0.108770781
429,429,1698307.941442767,5425718.946439719,-0.330864165
430,430,1693291.958213485,5425773.207860085,-0.347999956
431,431,1693609.319238095,5425773.583494326,-9999.0
432,432,1695769.061204583,5425765.904873934,-9999.0
433,433,1693261.698148067,5425754.999921743,-0.203999987
434,434,1693253.892990878,5425745.368535453,-0.139190463
435,435,1693501.766452215,5425743.279712155,-0.943999946
436,436,1693580.047114136,5425752.74630877,-0.435434177
437,437,1693236.014263924,5425715.629457723,-0.216239336
438,438,1698027.606315425,5425642.981751475,0.508897985
439,439,1698069.636746593,5425646.572233547,-0.219139495
440,440,1698006.099618585,5425636.59485116,0.318016515
441,441,1698139.706578997,5425631.493423199,-9999.0
442,442,1696179.281143159,5425655.183445903,-9999.0
443,443,1697966.481851968,5425630.093808693,-0.406276573
444,444,1698113.324716339,5425626.150142632,-9999.0
445,445,1693238.193850567,5425676.664787087,-9999.0
446,446,1697921.938576782,5425614.483743151,-0.193153798
447,447,1697945.655780708,5425620.701940604,0.552907313
448,448,1696145.851553297,5425658.384825661,-9999.0
449,449,1698163.846546889,5425606.190801425,-0.565407373
450,450,1698287.383028344,5425611.313690192,-0.271083299
451,451,1693252.48094621,5425655.988995021,-9999.0
452,452,1697906.963554346,5425599.723931951,0.064083359
453,453,1696153.051453645,5425629.208620876,-9999.0
454,454,1698186.843000573,5425584.875196384,-0.521222176
455,455,1698207.317891087,5425585.694380583,-9999.0
456,456,1696091.33189314,5425615.909135139,-9999.0
457,457,1693265.187610029,5425633.161532991,-9999.0
458,458,1696060.363949378,5425589.471471207,-9999.0
459,459,1696122.234630573,5425591.406248506,-9999.0
460,460,1698216.453447262,5425565.938932476,-9999.0
461,461,1698254.042416969,5425575.040918628,-0.559136331
462,462,1693279.254107601,5425608.511458175,-9999.0
463,463,1693289.337959289,5425590.948310995,-9999.0
464,464,1696093.750999333,5425550.76563684,-9999.0
465,465,1693301.746281848,5425568.761284695,-9999.0
466,466,1696027.047693966,5425543.206875735,-9999.0
467,467,1696054.948382524,5425505.717502695,-9999.0
468,468,1693324.493288202,5425528.787948822,-9999.0
469,469,1693354.040658753,5425477.569447516,-9999.0
470,470,1693382.375383964,5425435.480873774,-9999.0
471,471,1693392.613524895,5425425.114161896,-9999.0
472,472,1693407.361751032,5425419.602992834,-9999.0
473,473,1693424.272111161,5425404.42404489,-9999.0
474,474,1693434.566428348,5425367.692978124,0.276767056
475,475,1693462.980983059,5425359.041709826,-9999.0
476,476,1697436.167749304,5425292.064550506,-9999.0
477,477,1693435.797210163,5425334.455784782,-0.524571385
478,478,1693451.475470922,5425341.48800931,-9999.0
479,479,1693398.634112056,5425325.68683278,-0.073306088
480,480,1697421.04891925,5425274.854301692,-9999.0
481,481,1697443.229459228,5425272.350793655,-0.298604625
482,482,1697932.120529917,5425265.444571244,-9999.0
483,483,1697435.247339246,5425263.238508532,2.702043481
484,484,1697500.30360971,5425261.380676473,-0.524124951
485,485,1697522.377852934,5425260.779453736,-9999.0
486,486,1697029.78427173,5425257.403248457,-0.165151471
487,487,1692887.682050164,5425320.114831654,0.07826646
488,488,1697052.206397142,5425247.129190309,-0.604399955
489,489,1697525.869240305,5425240.783658908,-0.425333286
490,490,1697884.394122783,5425239.137084683,-0.250624958
491,491,1697906.782443976,5425239.082484085,0.52388071
492,492,1692862.749517044,5425287.94392511,0.137255267
493,493,1696971.818498997,5425278.300168164,-0.41757611
494,494,1697066.976717961,5425226.982915194,-0.188571378
495,495,1697384.030421608,5425225.035075755,0.020695337
496,496,1697539.274210383,5425231.356922402,-9999.0
497,497,1697081.946931713,5425221.79558888,-9999.0
498,498,1697348.784415185,5425213.23627976,0.326969348
499,499,1697548.137866717,5425200.832899764,-9999.0
500,500,1697861.461736464,5425186.397277418,-9999.0
501,501,1692845.388504794,5425254.871847562,-0.257291653
502,502,1697089.065377833,5425191.777109046,-9999.0
503,503,1692867.297197338,5425232.030866524,-9999.0
504,504,1697306.898554015,5425173.899861263,-0.64866662
505,505,1697840.555027569,5425166.934074249,-0.56449993
506,506,1697096.250429772,5425166.744944661,-9999.0
507,507,1697564.224215526,5425172.090931611,-9999.0
508,508,1692893.335091416,5425210.086927859,-0.418258047
509,509,1692915.783795135,5425201.487861193,-9999.0
510,510,1697107.26128076,5425146.64883393,-0.492666622
511,511,1697278.966408202,5425147.683717287,0.309081847
512,512,1697651.334137329,5425135.774934744,-0.389934538
513,513,1697761.223924582,5425127.900042476,-0.644999957
514,514,1697794.976112156,5425128.129224397,-0.302954526
515,515,1692926.869880195,5425186.384607842,-0.759999961
516,516,1697202.951752332,5425121.6245585,0.124828104
517,517,1692930.309993076,5425161.404915895,-0.362630394
518,518,1692945.317327678,5425129.951126545,-0.500168994
519,519,1692953.814306243,5425072.630453067,-0.599090861
520,520,1692995.587344143,5424971.112694668,-9999.0
521,521,1693051.788299596,5424940.579175542,-9999.0
522,522,1693067.005939979,5424930.584768414,-9999.0
523,523,1693097.613606637,5424905.008443153,-0.042024641
524,524,1693078.120475302,5424869.814318692,0.658666665
525,525,1693123.881861987,5424868.748564385,-0.469107791
526,526,1693068.939573588,5424830.478435949,-9999.0
527,527,1693041.26577109,5424781.370777876,-0.386959578
528,528,1693030.712983805,5424760.871158863,3.28221051
529,529,1692996.556535175,5424744.228112316,0.229291718
530,530,1693033.458297634,5424744.014401383,-0.493706771
531,531,1695563.58029771,5424697.603897416,-9999.0
532,532,1697209.17261923,5424681.795047494,-9999.0
533,533,1692959.424866027,5424724.408694101,-0.279743545
534,534,1695533.238170268,5424688.960649822,-9999.0
535,535,1692932.437797713,5424711.204529077,0.732886799
536,536,1695574.133561501,5424680.570877924,0.566099596
537,537,1692942.829922472,5424701.846975563,-0.556933282
538,538,1695510.422249759,5424669.312048094,-9999.0
539,539,1695545.741982918,5424675.292396412,0.482510689
540,540,1695600.916558593,5424677.890939032,-0.61028567
541,541,1695615.689594019,5424657.74763443,-0.480333308
542,542,1696269.299483647,5424653.529954557,-9999.0
543,543,1696322.134959301,5424664.560966218,0.283718844
544,544,1695491.918483917,5424649.983300592,-9999.0
545,545,1696376.413811174,5424641.705300597,-0.355857096
546,546,1695472.308568163,5424629.915785287,-9999.0
547,547,1695488.041356244,5424629.504342061,-0.598666613
548,548,1696389.682678974,5424617.667505302,-0.197365807
549,549,1692680.327124376,5424654.04985184,0.108187524
550,550,1692811.034574554,5424654.242663208,-9999.0
551,551,1695660.270959096,5424617.262863049,-9999.0
552,552,1695682.814715854,5424616.238511679,-0.567666615
553,553,1692668.619576108,5424646.08742494,-0.522999962
554,554,1692799.630461174,5424644.414154335,-9999.0
555,555,1695457.159802814,5424609.961644258,-0.68599993
556,556,1695675.175107258,5424607.092095131,1.939675043
557,557,1696268.295187876,5424602.884537711,-9999.0
558,558,1696427.018439194,5424602.13318344,-9999.0
