OID,FID_,X,Y,BCE_Tairua
0,0,1854261.804743861,5901763.144686571,0.515499996
1,1,1854477.251927789,5901450.276939011,-0.145076194
2,2,1854513.819657543,5901448.910692668,-0.193179996
3,3,1854553.121608068,5901432.253089151,-0.176663932
4,4,1854472.719391886,5901385.764635677,-0.161210887
5,5,1854481.682505728,5901359.174623208,-0.179379629
6,6,1853091.182273968,5901351.559084262,-0.13551111
7,7,1854472.498802158,5901325.253809814,-0.208171805
8,8,1854495.34591281,5901276.408571325,-0.261825674
9,9,1854562.474290625,5901237.597009297,-0.293112494
10,10,1853978.039077199,5901235.398557542,0.015127274
11,11,1854546.465939339,5901218.122656851,-0.30375471
12,12,1854569.54765559,5901206.723431722,-0.318867921
13,13,1854122.345414465,5901280.172738584,0.050637007
14,14,1854577.616107731,5901153.928423109,-0.315390568
15,15,1853867.867989309,5901158.680643154,0.0824875
16,16,1853892.951009528,5901171.985855298,0.097514285
17,17,1854591.157670623,5901126.978587284,-0.301724991
18,18,1853828.023677288,5901135.511791157,0.143145987
19,19,1853358.35285733,5901094.125389877,0.289735849
20,20,1854689.440335153,5901024.647347055,-0.228339298
21,21,1853713.953286306,5901053.816976701,0.089977557
22,22,1853659.740306276,5901018.242320255,0.0936
23,23,1853629.921150835,5900995.449211808,-0.018058355
24,24,1853582.363151034,5900978.013443264,-0.014132744
25,25,1852985.409895598,5900985.350139858,0.321833325
26,26,1853030.675914905,5901072.178961964,0.234693854
27,27,1853433.603667821,5900915.487048329,-0.653315795
28,28,1854842.906074993,5900850.00201918,-0.268437512
29,29,1852902.060627967,5900904.38313891,0.13756667
30,30,1853151.503033166,5900887.796508939,-0.072999999
31,31,1853838.450762586,5900850.455171785,-0.793454581
32,32,1853069.585812157,5900823.390682956,-0.044074999
33,33,1853083.074500062,5900828.713138307,-0.055696971
34,34,1853110.086551939,5900824.747408493,0.053513762
35,35,1854676.304488423,5900765.216703553,-0.300000012
36,36,1854659.714324203,5900745.760330229,-0.300000012
37,37,1854640.345269877,5900724.32621586,-0.300013851
38,38,1854618.378639203,5900707.294237506,-0.304946422
39,39,1854506.147941341,5900700.692214742,-0.308124997
40,40,1854599.550035701,5900607.881439754,-0.356362497
41,41,1854589.172738794,5900548.326900088,-0.403714296
42,42,1854588.560348885,5900528.335049465,-0.378210523
43,43,1854155.098088157,5900528.140202086,-0.372140494
44,44,1854536.589415865,5900509.997491376,-0.340393751
45,45,1854124.39365987,5900512.608942304,-0.38871428
46,46,1853912.227125958,5900489.427504944,-0.567388883
47,47,1854474.829242661,5900451.988201078,-0.305612507
48,48,1853667.04468845,5900627.037552616,-0.099500162
49,49,1853809.903461068,5900432.247481357,-0.620818168
50,50,1853961.50488136,5900417.721469881,-0.457157887
51,51,1853889.004775334,5900414.141555361,-0.537638891
52,52,1853920.385544703,5900393.244556678,-0.49373394
53,53,1853768.135971691,5900373.6338314,-0.599789484
54,54,1853792.120098537,5900372.914555222,-0.585148159
55,55,1853701.936994164,5900349.828642732,-0.290235545
56,56,1853765.77332429,5900298.67047302,-0.581826103
57,57,1853681.363400532,5900276.2573656,-0.590106924
58,58,1853709.344714183,5900275.41823292,-0.593405886
59,59,1854379.598094855,5900256.205359209,-0.285445111
60,60,1853736.51756177,5900284.958381921,-0.597831441
61,61,1853644.79019433,5900257.398083556,-0.594262511
62,62,1853801.133276202,5900267.676865327,-0.579642085
63,63,1853596.733020525,5900253.641134668,0.350333339
64,64,1854359.12611364,5900238.438582017,-0.306060102
65,65,1853584.233197048,5900239.257828445,-0.138213836
66,66,1853571.942152676,5900229.648860828,-0.088124998
67,67,1854282.999381281,5900198.534084787,-0.321781819
68,68,1854362.729656449,5900196.858821165,-0.037281252
69,69,1853543.065416757,5900200.580546423,-0.129522018
70,70,1853798.706126749,5900198.217435116,-0.613744203
71,71,1853530.775143601,5900190.971062146,-0.095324998
72,72,1853516.447850723,5900178.774864021,-0.066187189
73,73,1853849.797608063,5900161.652407933,-0.613854553
74,74,1854249.986816631,5900143.920838973,-0.116055555
75,75,1854168.3231928,5900154.595275988,-0.203496539
76,76,1854128.108676783,5900103.409747303,-0.100854549
77,77,1853828.611500088,5900102.80489268,-0.640862385
78,78,1854302.587930533,5900144.139693504,-0.146612317
79,79,1853775.156182362,5900074.091872312,-0.659127294
80,80,1853693.892856682,5900046.394231037,-0.681400012
81,81,1853806.236822373,5900043.226482701,-0.66741822
82,82,1853614.449741925,5900046.034507397,-0.692864594
83,83,1853805.638775969,5900023.288980037,-0.674964299
84,84,1853525.114508224,5900021.519894904,-0.667679999
85,85,1853685.998815623,5900030.521069779,-0.689284676
86,86,1853916.96179112,5899999.993524416,-0.669872738
87,87,1854084.843450772,5899994.953813937,0.116142857
88,88,1854194.487470392,5900053.395243012,0.001389947
89,89,1854062.369463959,5899934.155366182,0.236123809
90,90,1853910.866619071,5899910.760099673,-0.706145453
91,91,1854042.33875927,5899906.228307838,0.321350004
92,92,1853909.370817275,5899860.91632015,-0.726467892
93,93,1853549.196723209,5899871.132844394,-0.763098759
94,94,1853311.477876949,5899814.334245562,-0.157999997
95,95,1853878.295670008,5899754.980859517,-0.723120784
96,96,1853861.379297333,5899742.039013217,-0.68700001
97,97,1853315.129140834,5899760.502302861,-0.268858896
98,98,1853810.764943573,5899758.78588556,-0.325074978
99,99,1853524.251096569,5899730.542614561,-0.71970483
100,100,1853804.063770762,5899704.049064484,-0.705631557
101,101,1853857.629342746,5899622.620117286,-0.680218189
102,102,1853517.56135629,5899627.938991616,-0.671962813
103,103,1853865.059024278,5899592.463974754,-0.675745456
104,104,1853855.758841331,5899574.171206716,-0.679496921
105,105,1853248.007887994,5899565.856495635,-0.189949997
106,106,1853535.479358564,5899552.458845628,-0.645796327
107,107,1853943.203389569,5899530.252251125,-0.374109094
108,108,1853414.426384646,5899530.375049588,-0.294444445
109,109,1853206.39723267,5899512.225153652,0.161124997
110,110,1853765.559826886,5899499.894184131,-0.689554549
111,111,1853373.809588355,5899497.436224435,-0.294709089
112,112,1853874.020596207,5899482.823212883,-0.667905661
113,113,1853953.974317414,5899494.805463803,-0.329190627
114,114,1853133.259509917,5899474.50297419,-0.185000004
115,115,1853120.970595311,5899464.893208128,-0.137412498
116,116,1853779.980627231,5899457.251129804,-0.688562512
117,117,1853867.933515168,5899432.733937664,-0.691428551
118,118,1853986.39229199,5899444.338754714,-0.110555936
119,119,1853103.102039276,5899407.311040408,-0.269920457
120,120,1853865.856395314,5899388.513561632,-0.694007047
121,121,1853078.67740721,5899383.965565382,-0.235078837
122,122,1853955.528929525,5899340.103708524,-0.443484198
123,123,1853728.15154565,5899307.21710642,-0.699092592
124,124,1853723.553055397,5899267.827383272,-0.701236391
125,125,1853071.375419337,5899272.452003956,0.064362205
126,126,1853721.325183417,5899207.443219438,-0.705972684
127,127,1853740.550638309,5899187.112454596,-0.708000004
128,128,1853012.355731448,5899193.991234061,0.175507195
129,129,1852993.140240556,5899173.339921313,0.137118961
130,130,1853785.977576578,5899296.32729418,-0.699889904
131,131,1853970.729356066,5899120.13684381,-0.407212493
132,132,1853846.665138494,5899104.490041046,-0.705759245
133,133,1852951.994469728,5899133.855290639,0.175318695
134,134,1853866.587978623,5899060.207024156,-0.700972881
135,135,1853285.030141025,5899051.482204373,-0.652999997
136,136,1853831.140068613,5899018.995359973,-0.690009262
137,137,1853880.317933379,5899018.336135487,-0.695020936
138,138,1853741.243814376,5898957.402453139,-0.529840001
139,139,1852920.718540206,5898894.449009608,0.033018265
140,140,1853298.907748996,5898860.905882699,-0.397600005
141,141,1854011.723394335,5899080.124302162,-0.196477191
142,142,1853214.218608227,5898824.115586457,-0.667084107
143,143,1853735.760802188,5898784.434297362,-0.651792423
144,144,1854045.743150759,5898779.950123572,0.11216981
145,145,1853746.356665634,5898754.199536182,-0.651393081
146,146,1854030.909594886,5898746.815366153,0.033964912
147,147,1853422.457610694,5898717.718436141,-0.659145489
148,148,1853470.416369142,5898716.281280349,-0.656982148
149,149,1854012.008437997,5898700.754067085,0.101092403
150,150,1853450.430389896,5898697.308058334,-0.65874074
151,151,1853397.623601137,5898691.998197689,-0.662642849
152,152,1853808.949354812,5898676.65686005,-0.647500005
153,153,1853910.474504214,5898741.603439535,-0.288893332
154,154,1852812.898506432,5898702.516257909,-0.078301372
155,155,1853381.285310705,5898678.638447592,-0.663999975
156,156,1853796.926061765,5898666.175966566,-0.647727278
157,157,1853828.944383617,5898655.640087365,-0.64468425
158,158,1853428.339740754,5898665.80230898,-0.662047904
159,159,1853820.306998897,5898645.518815633,-0.644799995
160,160,1852789.534676118,5898666.019810432,-0.09126154
161,161,1853612.36066721,5898641.980645875,-0.442800008
162,162,1853683.76989432,5898655.384947795,-0.560604902
163,163,1853405.004639141,5898640.387980038,-0.663986255
164,164,1853355.526329295,5898619.946659238,-0.668490945
165,165,1853867.15887912,5898601.661678834,-0.617318682
166,166,1853333.055985748,5898607.695271822,-0.670683258
167,167,1853354.38213538,5898594.270162133,-0.67007341
168,168,1853385.053557227,5898604.587146841,-0.667601948
169,169,1853882.329407467,5898574.0143082,-0.65027499
170,170,1852792.520460146,5898590.558119982,-0.2712279
171,171,1853873.438651131,5898544.347936274,-0.657937493
172,172,1853905.283864214,5898533.615542327,-0.662763627
173,173,1853892.822567052,5898523.810519947,-0.663018742
174,174,1852738.025492142,5898545.455804637,-0.287080281
175,175,1853351.454922581,5898545.023606197,-0.672223655
176,176,1853311.901827798,5898512.882325958,-0.676956777
177,177,1853351.936244578,5898485.153834583,-0.66480531
178,178,1852543.054051585,5898489.330196959,0.09560465
179,179,1852602.057461064,5898487.67465503,-0.268342636
180,180,1853762.392568424,5898442.914339827,-0.013481251
181,181,1852500.416025125,5898426.008997567,-0.107265249
182,182,1852541.487889093,5898423.109649622,-0.267259203
183,183,1852453.431743629,5898366.223202743,-0.216479173
184,184,1852744.804934261,5898313.225233859,-0.652999997
185,185,1853233.773120685,5898294.329213265,-0.686592591
186,186,1852419.252943006,5898328.265234491,-0.214250413
187,187,1852710.987941171,5898287.487675482,-0.651263177
188,188,1852333.415592468,5898276.142266314,-0.055384375
189,189,1852313.607500985,5898256.213593353,-0.064847727
190,190,1852291.833937973,5898238.611113691,-0.036881579
191,191,1853133.837771395,5898192.138119641,-0.70019131
192,192,1852242.48235729,5898196.896871871,-0.073584972
193,193,1853488.497662816,5898398.974873205,-0.279644999
194,194,1852204.326385053,5898105.385234931,0.052240506
195,195,1853447.673719743,5898072.082881216,-0.07416
196,196,1853429.655841409,5898058.411925974,-0.108039476
197,197,1853148.101365241,5898074.34642701,-0.453104374
198,198,1852531.125325105,5898065.698993071,-0.667962542
199,199,1853266.608123309,5898032.866790544,-0.173189974
200,200,1853100.790023686,5898034.53528374,-0.482005532
201,201,1853169.501719294,5898006.900509888,-0.068381819
202,202,1853080.95349133,5897999.573556772,-0.383218181
203,203,1853160.865750224,5897996.778632243,-0.040709089
204,204,1853119.617420635,5898007.619850496,-0.249040802
205,205,1853270.236335921,5897977.764717882,0.077866666
206,206,1852919.315843105,5897944.543847049,-0.490999997
207,207,1852552.080763084,5897950.410601558,-0.4755801
208,208,1852462.858114407,5897928.252086602,-0.485727267
209,209,1852303.047073166,5897923.04460082,-0.696456159
210,210,1853037.535267956,5897951.570437323,-0.265007886
211,211,1852261.413845076,5897854.242159314,-0.611592608
212,212,1852294.371064335,5897882.583953979,-0.695488117
213,213,1852272.742418369,5897830.801620748,-0.674444447
214,214,1852245.339818724,5897783.929454517,-0.675449438
215,215,1852310.837122328,5897720.564054472,-0.661312516
216,216,1852322.197171741,5897689.464980351,-0.669223412
217,217,1852582.396856649,5897645.308053645,-0.616696436
218,218,1852796.1475415,5897638.718202334,-0.118764046
219,219,1852639.057458425,5897655.634080658,-0.663113795
220,220,1852041.161201145,5897596.404659108,-0.287685539
221,221,1852780.645082936,5897597.25351752,-0.029955646
222,222,1852700.054734858,5897561.769594052,-0.653375003
223,223,1852771.726859316,5897559.956318753,0.063909092
224,224,1852753.958259966,5897542.073994781,0.043891892
225,225,1852018.952665434,5897522.234433318,-0.372737501
226,226,1852727.152525553,5897505.323910547,0.071666668
227,227,1852386.444313451,5897501.092684559,-0.666745494
228,228,1852290.083261394,5897494.192567928,-0.66725001
229,229,1852345.866159528,5897492.729090252,-0.67210908
230,230,1851962.117897587,5897493.995688157,-0.348133332
231,231,1852688.674164389,5897466.756846927,0.144954954
232,232,1852382.590041647,5897471.340062582,-0.666788761
233,233,1852471.950576414,5897429.098898446,-0.525303565
234,234,1852702.870104798,5897406.466565324,0.149446426
235,235,1852243.153379129,5897395.816747337,-0.630581274
236,236,1852490.992759906,5897397.081077911,-0.6168865
237,237,1852684.205856708,5897372.667774631,-0.656355576
238,238,1852222.5790033,5897376.475377406,-0.621756407
239,239,1852693.214657882,5897352.443181375,-0.669921563
240,240,1852494.390440246,5897361.85488694,-0.594081091
241,241,1852971.342671859,5898290.089633475,-0.655659327
242,242,1852716.114032742,5897329.461207635,0.14096292
243,243,1852692.605487018,5897312.550752614,-0.655573852
244,244,1852674.854465368,5897254.708741118,-0.592571419
245,245,1852114.683953942,5897239.805878988,-0.676925924
246,246,1852365.48044632,5897217.869225482,-0.346574077
247,247,1852092.734392478,5897206.737980293,-0.647926948
248,248,1852432.106347426,5897160.691139118,-0.556549998
249,249,1852072.187078198,5897161.453721222,-0.606734184
250,250,1852563.89119398,5897211.78165421,-0.646885623
251,251,1852438.746684127,5897120.78365225,-0.48136206
252,252,1852518.822839971,5897118.19058448,-0.558287503
253,253,1852430.159740897,5897101.084799652,-0.42770371
254,254,1852037.821252655,5897081.930066122,-0.166000006
255,255,1852060.62842698,5897042.067128701,-0.554175018
256,256,1852479.713121336,5897046.211692612,-0.654616672
257,257,1852617.810169046,5897018.323744968,0.219295081
258,258,1852423.323239754,5897014.276413749,-0.65338028
259,259,1852623.826483116,5896993.836474001,0.233571429
260,260,1852043.798026587,5896987.612595226,-0.514000023
261,261,1852122.966561769,5897029.34011161,-0.552001103
262,262,1852061.641368019,5896907.152515995,-0.573559478
263,263,1852159.152531852,5896839.576308225,-0.567320748
264,264,1852048.744043586,5896790.198394078,-0.565428564
265,265,1852163.289641602,5896729.699071748,-0.556791671
266,266,1852099.47429891,5896661.759393921,-0.552083318
267,267,1852181.334264729,5896664.3061426,-0.548163518
268,268,1852107.460170412,5896615.542790731,-0.551999986
269,269,1852113.665156647,5896602.495664401,-0.551999986
270,270,1852156.597549741,5896505.402177402,-0.552265843
271,271,1852407.946821452,5896439.585893848,-0.389390375
272,272,1852210.60712738,5896423.44340881,-0.55692791
273,273,1852207.923364487,5896349.217426341,-0.559800005
274,274,1852212.079260422,5896307.571334238,-0.561373173
275,275,1852421.87630613,5896263.008423585,-0.566999972
276,276,1852231.69001857,5896266.947584524,-0.56284695
277,277,1852420.057539632,5896244.050871748,-0.555064489
278,278,1852423.524332761,5896092.378879608,-0.547500042
279,279,1852198.849316206,5896045.170376235,-0.534106272
280,280,1852205.963768695,5896025.003081654,-0.515025864
281,281,1852260.244040865,5895958.527841542,-0.509848094
282,282,1852267.936889349,5895948.320535909,-0.465825005
283,283,1852278.52215928,5895930.820787559,-0.28382202
284,284,1852321.923508644,5895887.044094496,-0.502321458
285,285,1852262.579805583,5895768.882826857,-0.424749985
286,286,1852338.928812219,5895749.702595998,-0.509000003
287,287,1852245.557471045,5895734.469862542,-0.509210187
288,288,1852199.974485273,5895680.953112984,-0.204474999
289,289,1851356.798238834,5895596.563304176,-0.250678854
290,290,1851401.688374612,5895594.990256805,-0.603416661
291,291,1851645.385868904,5895587.735018355,-0.087310138
292,292,1851705.351329541,5895587.286218725,-0.531791692
293,293,1851577.174149133,5895579.81397088,-0.577168778
294,294,1852205.795300333,5895543.566782795,-0.535100022
295,295,1852168.837039539,5895522.970041197,-0.396309551
296,296,1851204.153170614,5895541.000285022,-0.49642499
297,297,1851984.880749194,5895481.156062043,-0.549491544
298,298,1851629.541041246,5895458.498241931,-0.399846156
299,299,1851715.180910924,5895446.484308321,-0.462902657
300,300,1851756.158273796,5895445.56007382,-0.525115581
301,301,1851673.587194821,5895451.055984026,-0.221151511
302,302,1850669.714488165,5895317.413181947,-0.383735837
303,303,1850438.755186134,5895214.510729596,-0.615721518
304,304,1850478.725175963,5895214.053138114,-0.628755119
305,305,1850518.651951187,5895212.141695524,-0.620975
306,306,1850424.879255752,5895145.638930983,-0.591569823
307,307,1850315.660910645,5895108.40692766,-0.563912512
308,308,1850265.951561656,5895050.014939282,-0.547550019
309,309,1850255.30012956,5895027.881540062,-0.527687698
310,310,1850261.829621918,5894941.527851064,-0.550291675
311,311,1850116.237143987,5894854.899970221,-0.546374994
312,312,1849981.268996478,5894692.032720466,-0.518135518
313,313,1849925.993652629,5894641.027475244,-0.529149988
314,314,1849913.715037321,5894631.413275876,-0.526647804
315,315,1849419.483153771,5894276.85839132,-0.62986077
316,316,1849276.73795651,5894181.299219456,-0.337643753
