OID,FID_,X,Y,BCE_Otago_
0,0,1421593.059915781,4927249.47857339,0.046241699
1,1,1422666.356368711,4928835.538056312,-9999.0
2,2,1422615.390108731,4928776.926829618,-9999.0
3,3,1422554.704943517,4928714.102634768,-9999.0
4,4,1422498.227552968,4928650.495291508,-9999.0
5,5,1422477.845494145,4928629.936086426,-9999.0
6,6,1423377.664872021,4928640.980459812,-0.521166664
7,7,1423326.646194369,4927757.804936945,-0.117857161
8,8,1421695.191951673,4927648.626615706,0.290057139
9,9,1421778.380197197,4927631.94422051,0.310829934
10,10,1423169.178031923,4927670.787981962,1.121914285
11,11,1421734.085781764,4927652.022020258,0.347038165
12,12,1421680.487240395,4927616.907175266,0.317318654
13,13,1421626.930070966,4927586.940279856,0.283469386
14,14,1423018.538009183,4927561.619191221,-0.16304927
15,15,1421832.253027027,4927516.780205612,0.26971256
16,16,1423005.567668121,4927526.290131431,0.016538438
17,17,1423000.82725517,4927500.619041651,0.851916634
18,18,1421717.882772955,4927454.242201425,0.305776189
19,19,1421787.866908753,4927448.040046837,0.400416341
20,20,1422001.614610161,4927442.665682542,0.282966591
21,21,1421688.696573883,4927388.009920086,0.356613636
22,22,1423034.507757674,4927414.306481671,-0.552142904
23,23,1421626.261070406,4927371.962592191,0.454559807
24,24,1420615.442423868,4927317.850375116,0.44719298
25,25,1421665.935266199,4927372.759976699,0.429952803
26,26,1421731.966921721,4927354.072409593,0.418305208
27,27,1420739.369192575,4927302.517115627,0.651510691
28,28,1421881.631012598,4927436.862115464,0.308731499
29,29,1422035.787813193,4927380.195971026,0.347685123
30,30,1421720.726952603,4927294.184657941,0.565798478
31,31,1420852.014894098,4927375.760316555,0.539357885
32,32,1421687.908958405,4927487.591121688,0.359596666
33,33,1423223.042410286,4927219.728815631,-9999.0
34,34,1419067.184515305,4927083.07490615,-0.427521745
35,35,1423245.091004833,4927202.801122748,-0.954666714
36,36,1418998.352758901,4927059.032785464,-0.103108114
37,37,1419419.788708908,4927080.249551764,0.525136648
38,38,1418977.340009955,4927020.627751875,-0.40667626
39,39,1418875.224282375,4926903.777965678,0.062573067
40,40,1418273.883774382,4926820.282909918,-0.706768108
41,41,1418892.12970528,4926858.701598606,-0.090100394
42,42,1418244.531220048,4926802.203467191,-0.750301601
43,43,1418226.469162545,4926768.950845307,0.216028566
44,44,1418245.497311094,4926769.507820518,-9999.0
45,45,1418223.708490109,4926743.897879655,-0.427113959
46,46,1418064.289605645,4926699.273558753,-9999.0
47,47,1417985.897422374,4926632.048444978,-0.264461559
48,48,1417965.536615224,4926611.47380187,-0.294000016
49,49,1417966.121788992,4926591.513180992,-9999.0
50,50,1417951.400158549,4926567.709238573,-0.70098651
51,51,1423306.178650108,4926713.205095439,-0.795480042
52,52,1423299.731956767,4926645.889951177,-0.846049329
53,53,1417451.304909204,4926396.557877032,-0.60892662
54,54,1417946.470009156,4926482.82810097,-0.499553231
55,55,1417434.229489565,4926376.323246953,-9999.0
56,56,1417603.138911985,4926380.01100302,-0.462080023
57,57,1417414.316280468,4926345.566017625,-0.741200044
58,58,1417415.196771954,4926315.625069833,-0.75309998
59,59,1417200.476046605,4926302.411814456,-0.62667115
60,60,1417177.653573723,4926265.28447691,-0.680178378
61,61,1417953.515827117,4926306.460373219,0.00044176
62,62,1417145.998588568,4926202.818557537,0.113357137
63,63,1417139.751933326,4926177.662145401,-0.409571445
64,64,1417157.205704498,4926178.176188952,-9999.0
65,65,1417112.599810257,4926101.052304545,-0.721486257
66,66,1417958.198026716,4926146.77522337,-0.978000045
67,67,1417105.361470196,4926076.401173685,-0.489520872
68,68,1417933.554192655,4926093.610761196,0.195061505
69,69,1417915.013983617,4926070.591982995,0.309016524
70,70,1417101.832201091,4926041.693992945,-9999.0
71,71,1417899.34807425,4926038.917176141,-0.525026356
72,72,1417879.652315312,4926013.616873601,-0.900666724
73,73,1417059.802067553,4925979.41183423,-0.681000045
74,74,1415997.115451021,4925927.579440783,-0.20462394
75,75,1415964.49116574,4925910.522069418,-0.209077464
76,76,1416050.949853417,4925903.60685348,-0.921340414
77,77,1415902.790361486,4925877.531343926,-0.535833348
78,78,1415837.239058536,4925864.748261842,-0.843000025
79,79,1417037.900896757,4925926.709850787,-0.524975338
80,80,1415822.423873939,4925857.983189124,-0.837552266
81,81,1415724.412017328,4925836.141045645,-0.329085737
82,82,1415773.701439826,4925839.814121825,-0.232661388
83,83,1417022.76256257,4925879.540264892,0.032182467
84,84,1415690.395119964,4925805.163848897,-0.261628568
85,85,1416465.926731721,4925815.689011874,-0.97299999
86,86,1422951.351479524,4925996.514200466,2.495585717
87,87,1415670.340766869,4925774.601058755,0.52851428
88,88,1416442.080878966,4925799.061503676,-0.780000043
89,89,1416533.503406923,4925795.864690475,-9999.0
90,90,1416823.834192619,4925788.249269532,-0.594432027
91,91,1415652.986142742,4925743.591209634,0.498058826
92,92,1416408.027700285,4925756.50556874,0.182777735
93,93,1422917.869301962,4925945.616953885,1.986785729
94,94,1415678.781966784,4925725.634504258,-0.729812493
95,95,1416592.750971134,4925749.763846441,-0.216333374
96,96,1415626.77275385,4925712.266595933,-0.158725267
97,97,1416388.368603352,4925738.720758379,-0.158327304
98,98,1416757.112310303,4925750.198052607,-0.642440713
99,99,1416892.603687769,4925770.252831032,-9999.0
100,100,1422897.495544932,4925925.058843736,2.030371414
101,101,1415607.8584347,4925680.357719989,-0.33181446
102,102,1415586.63493586,4925652.245485213,-0.107172663
103,103,1422612.763995663,4925861.388299759,-0.149857137
104,104,1415568.07911989,4925594.575766878,-0.44966897
105,105,1415613.506414114,4925505.964298153,-0.047813372
106,106,1415595.462344507,4925472.703473215,0.27464706
107,107,1415575.892725911,4925435.934242416,0.239891857
108,108,1415576.989482106,4925397.236173311,-9999.0
109,109,1415554.905536848,4925378.201634576,-0.755602433
110,110,1421690.635649736,4925558.63322315,-0.700136176
111,111,1421650.943814226,4925539.771134444,-0.957709695
112,112,1422028.185145868,4925540.610328879,-0.644828572
113,113,1421757.205477283,4925503.561187193,-0.240199994
114,114,1421945.924732335,4925512.724904834,-0.494309903
115,115,1421616.998038254,4925495.137699967,-0.951767231
116,116,1421833.729869591,4925500.071888629,-0.567615753
117,117,1421884.517498722,4925502.753782336,-0.478164595
118,118,1421914.149951718,4925497.3854499,-0.445878584
119,119,1421778.314908266,4925483.498182865,-0.38130435
120,120,1421855.101330872,4925485.702455169,-0.470644235
121,121,1421601.321702065,4925462.628551074,-0.824999988
122,122,1421848.693650592,4925465.541439003,0.28942858
123,123,1415547.973863023,4925315.569772323,-0.455941705
124,124,1421558.914116712,4925428.358951379,-0.363950005
125,125,1415571.867705333,4925243.012584048,-0.65023081
126,126,1421451.950036747,4925414.187170809,-0.98666666
127,127,1421533.923095534,4925417.488637455,-0.596944444
128,128,1415581.666695016,4925232.599210885,-0.026800026
129,129,1421459.018116641,4925395.346926067,-0.527298707
130,130,1415620.622677471,4925213.733592968,-9999.0
131,131,1415602.360690317,4925217.042567894,-0.47922703
132,132,1415621.406936876,4925151.932434965,-0.327521658
133,133,1415639.489863846,4925101.656221828,-0.006118025
134,134,1415656.126720569,4925080.077163598,-0.03323882
135,135,1415675.03559895,4925066.415081763,-0.492862091
136,136,1415706.04428074,4925046.625087867,0.646343756
137,137,1415727.914195138,4925012.142991733,0.667274984
138,138,1421240.140061591,4925166.300296786,-0.020226563
139,139,1421202.132094275,4925144.526015062,-0.024744735
140,140,1421152.031016628,4925121.488629514,0.184310845
141,141,1415569.593063096,4924932.521629605,0.745400007
142,142,1415549.245843686,4924911.938641485,-0.268617677
143,143,1421042.855838312,4925091.314645736,0.024326421
144,144,1420891.650601747,4925046.287393713,0.052265103
145,145,1415523.963690663,4924867.118799122,-0.489918253
146,146,1420603.835959913,4925001.780238346,0.207057353
147,147,1420745.511890413,4925019.049740115,0.19529696
148,148,1415509.590253662,4924835.841314562,-0.21546211
149,149,1420455.474127253,4924988.244394992,-0.101171955
150,150,1415503.351976427,4924810.682985795,0.122703692
151,151,1415505.616223459,4924793.269291218,-0.244708364
152,152,1415441.994194438,4924759.64115293,-0.711565198
153,153,1420209.210786562,4924899.391190196,-0.414841256
154,154,1420266.894283236,4924921.861656729,-0.285214902
155,155,1415481.86100857,4924758.100457205,-0.387565835
156,156,1420200.98163916,4924893.152251096,-0.492333338
157,157,1415391.353533241,4924743.692542328,-0.355702613
158,158,1415409.194104515,4924688.013107667,-9999.0
159,159,1420097.866613237,4924800.331128622,-0.445333342
160,160,1415384.622589644,4924651.121348532,0.361777756
161,161,1415348.097679,4924635.710876634,1.886885217
162,162,1415324.953029682,4924625.022017399,-0.234772356
163,163,1415376.076249839,4924627.092936425,-9999.0
164,164,1420076.733278572,4924779.942290784,-9999.0
165,165,1415291.986483562,4924594.602693805,-0.535192084
166,166,1415298.473675159,4924553.635699924,-0.638184958
167,167,1415590.513019994,4924463.653625716,-0.963000029
168,168,1415479.432521072,4924440.373152181,-9999.0
169,169,1415480.777120677,4924390.262493256,-9999.0
170,170,1415720.451362565,4924381.033218273,-9999.0
171,171,1415723.850796322,4924285.53782778,-9999.0
172,172,1415702.618440513,4924217.255779412,-9999.0
173,173,1419608.562209481,4924328.380501781,-0.335716709
174,174,1419734.843459642,4924310.13158094,0.093333331
175,175,1415667.048860541,4924121.302293742,-9999.0
176,176,1415609.75031856,4924059.664805265,-9999.0
177,177,1419522.299093857,4924190.905563028,0.157290679
178,178,1415610.691398213,4924019.736171223,-9999.0
179,179,1419273.099195678,4924132.823428601,0.206394138
180,180,1415591.088918258,4923974.202363068,-9999.0
181,181,1415757.330574776,4923904.384775933,-9999.0
182,182,1415492.5635917,4923881.370608385,-9999.0
183,183,1415482.391957413,4923871.078932791,-9999.0
184,184,1415832.884255323,4923888.06078358,-9999.0
185,185,1415565.416981919,4923844.068167677,-9999.0
186,186,1415523.969776687,4923826.839436001,-9999.0
187,187,1415415.189795443,4923799.155647692,-9999.0
188,188,1415850.951819284,4923779.640980393,-0.88166672
189,189,1418787.386004124,4923828.444539622,-0.259638291
190,190,1418723.582829601,4923821.639888351,-0.427452507
191,191,1418766.570394193,4923812.489012351,-0.293252631
192,192,1418778.386467846,4923793.116577411,-0.20755556
193,193,1418809.767936436,4923779.563651725,-0.16765306
194,194,1418692.009622517,4923750.946196224,-0.324349286
195,195,1418796.690571405,4923754.004681095,-0.136171432
196,196,1415880.174932471,4923648.152271089,-9999.0
197,197,1418841.54468087,4923840.431109275,-0.276049113
198,198,1415882.544648595,4923568.309523568,-9999.0
199,199,1418634.289634617,4923645.196766429,-0.361126062
200,200,1418696.093217784,4923611.221285559,-0.175456932
201,201,1415565.831172785,4923414.058463933,-0.009957141
202,202,1415545.489374625,4923393.475279458,-0.938000053
203,203,1415498.421518011,4923332.140439088,-9999.0
204,204,1418597.564019831,4923485.576515158,-0.311100107
205,205,1415847.78391612,4923327.538341766,-9999.0
206,206,1418861.456283968,4923542.247759908,-0.053000001
207,207,1415643.950609938,4923279.307152444,-0.129596181
208,208,1415364.950369921,4923233.472084226,-0.777999997
209,209,1415349.871588564,4923162.157391435,-0.277656308
210,210,1418959.121375335,4923286.160594479,0.069512
211,211,1415369.473455901,4923088.563111437,-0.545716424
212,212,1415393.191360135,4923048.015615483,-0.539265209
213,213,1415415.500301537,4922950.084372773,-9999.0
214,214,1414813.42821535,4922942.27228365,-0.311725949
215,215,1415618.75041924,4922926.162448593,-9999.0
216,216,1415595.960739935,4922917.493559103,0.080897413
217,217,1414763.973672641,4922882.858703825,-0.641404725
218,218,1415552.792222075,4922918.737149426,0.342919974
219,219,1413896.263778172,4922859.61563775,-0.149958849
220,220,1415631.460246301,4922898.595575365,-0.155156293
221,221,1414743.617299882,4922859.160857967,-0.813800048
222,222,1415324.973088346,4922845.467283654,-0.857410258
223,223,1413861.127988406,4922790.673525705,0.185466666
224,224,1415653.287594779,4922865.200214109,-0.753000047
225,225,1415681.176931049,4922823.131730258,-9999.0
226,226,1418960.983666636,4922986.252415347,-0.155047615
227,227,1415243.597774142,4922781.710961046,-0.956769269
228,228,1413803.652027829,4922732.853181558,-0.3612406
229,229,1415527.218700702,4922859.480700951,-9999.0
230,230,1413782.788667896,4922710.514293553,-0.516714286
231,231,1415677.278373967,4922778.064647732,-0.84726925
232,232,1416977.469794579,4922796.592280508,-0.823142878
233,233,1417022.824906505,4922797.930579035,-9999.0
234,234,1414725.941883977,4922720.168986293,-0.658000048
235,235,1415656.528953503,4922737.484048718,-9999.0
236,236,1417002.34142598,4922777.14326443,1.652599973
237,237,1417016.436129086,4922777.763994025,-0.461548404
238,238,1418719.429733437,4922812.792729947,-0.465023865
239,239,1418862.617785106,4922811.982001623,-0.572891301
240,240,1417024.002727647,4922758.00915897,-0.585211768
241,241,1415147.606370773,4922682.386131557,-0.563481533
242,242,1417094.368062658,4922740.106699172,-9999.0
243,243,1417039.837645771,4922736.247940024,-0.298420645
244,244,1417077.386098557,4922719.675035769,-0.06131022
245,245,1417108.911992453,4922720.557541185,0.249617642
246,246,1415685.774436784,4922668.4362382,-9999.0
247,247,1417143.068257196,4922707.739013481,-0.075731703
248,248,1418843.725487619,4922741.508039492,-0.655870517
249,249,1418778.06852931,4922813.050708884,-0.505681966
250,250,1415671.359992391,4922653.746291474,-0.302511531
251,251,1415091.098687393,4922599.73681742,-9999.0
252,252,1413717.146584983,4922571.363247317,0.051542934
253,253,1417204.406453834,4922641.397069238,-0.169126519
254,254,1415703.898578761,4922583.400973645,-9999.0
255,255,1417225.334535991,4922620.677947176,-0.114436433
256,256,1415688.88893839,4922563.64250659,-9999.0
257,257,1417266.457347714,4922605.333286877,-9999.0
258,258,1417314.790969164,4922606.757294155,-9999.0
259,259,1416023.275492231,4922565.231528279,-0.834727249
260,260,1417243.171227199,4922601.889710438,0.038560846
261,261,1416059.435881789,4922549.671430134,-0.694636333
262,262,1413875.519490191,4922478.050854253,-0.563428596
263,263,1417264.691843093,4922582.545826267,0.304028085
264,264,1413787.585482204,4922482.746971466,-0.31076701
265,265,1413929.767078109,4922473.390504205,-0.241011152
266,266,1415816.114035695,4922512.482010007,-9999.0
267,267,1415927.530679999,4922523.281980212,-0.951000065
268,268,1416088.085680136,4922525.548308766,-9999.0
269,269,1417308.680869035,4922561.057660285,0.136804122
270,270,1415854.011620123,4922505.364005601,0.221146039
271,271,1416102.484486202,4922510.991601006,-0.886000037
272,272,1418941.91004134,4922678.763555079,-0.509138753
273,273,1419049.308398803,4922607.209769003,-0.435490589
274,274,1415816.687848922,4922492.550972763,0.056679253
275,275,1416067.301391339,4922519.937342205,0.071449979
276,276,1413947.062547739,4922426.720219698,-0.252628544
277,277,1415047.454370757,4922517.756279105,-0.423262886
278,278,1416127.497285859,4922491.755024843,-0.190906257
279,279,1416144.940768844,4922492.272211611,0.383177762
280,280,1418985.96153189,4922581.843756781,-0.576711429
281,281,1419096.563016686,4922592.778077954,-0.272650916
282,282,1416165.815271918,4922470.860942226,-0.131232588
283,283,1415779.617813228,4922446.525326909,-0.897576254
284,284,1415797.097601504,4922468.972444007,-0.418250016
285,285,1416244.102966568,4922445.265730677,-0.80400005
286,286,1415030.34419061,4922399.191281826,0.428485695
287,287,1415778.856742338,4922421.592745087,-0.615882358
288,288,1415023.962282722,4922379.022443351,0.144434766
289,289,1416179.743928133,4922436.935739767,-0.202821921
290,290,1416251.82819603,4922415.322422676,-0.69096001
291,291,1413941.753086988,4922376.786238783,-0.468641999
292,292,1417319.642072299,4922442.081327945,0.576314289
293,293,1413950.056930688,4922326.916683357,-0.290885722
294,294,1416252.558952004,4922395.570686222,0.525314282
295,295,1416270.002154399,4922396.087522794,-0.725892492
296,296,1419078.047066475,4922521.669871124,-0.3061125
297,297,1417330.696009038,4922422.428904815,-0.169894545
298,298,1419058.366403394,4922462.169451597,-0.446812508
299,299,1414006.151998501,4922266.910587815,0.346205555
300,300,1413995.751663166,4922248.880667713,0.367600011
301,301,1414015.247151838,4922248.957578532,-0.893285692
302,302,1416290.926144669,4922341.031534224,-0.479055956
303,303,1413989.635886035,4922226.233408599,-0.675260843
304,304,1416367.150980018,4922299.073880604,0.108266301
305,305,1416493.035372263,4922292.811516684,-9999.0
306,306,1413969.715657977,4922191.226409301,-9999.0
307,307,1416466.313907348,4922281.639036333,-0.328153402
308,308,1416819.510301463,4922258.684636137,-9999.0
309,309,1413917.3434753,4922166.780723089,-0.768352919
310,310,1413909.863582387,4922129.496762835,-9999.0
311,311,1416490.625378084,4922189.328234233,-9999.0
312,312,1413056.650186711,4922080.228225486,0.113328572
313,313,1417378.369408999,4922226.294148602,0.078586278
314,314,1417511.736601501,4922203.006513838,-0.796285739
315,315,1416427.696819429,4922141.039537678,-0.68879368
316,316,1417578.590322764,4922169.443112837,-0.750416642
317,317,1416086.711462782,4922100.969097977,-0.598250052
318,318,1417492.542169985,4922179.225895017,-0.393989455
319,319,1417590.539080734,4922135.402135108,-0.591902529
320,320,1417654.903226404,4922137.295275799,-0.889230782
321,321,1419139.347159208,4922178.623557315,-0.362272736
322,322,1413038.54407777,4921984.813452978,0.991450003
323,323,1413740.385383396,4922018.803878318,0.007671614
324,324,1417779.503229747,4922120.980239218,-0.382489205
325,325,1419153.695850607,4922169.122444314,-0.499902697
326,326,1419172.690486015,4922161.242117262,-0.560780702
327,327,1416158.307204804,4922060.270683019,-9999.0
328,328,1417672.792411948,4922116.152479868,-0.371430903
329,329,1413770.739585078,4921989.119233035,-0.628136991
330,330,1416420.308696914,4922085.742642276,-0.705528082
331,331,1416928.907943277,4922075.946665945,-0.916000053
332,332,1417804.508985945,4922101.737081574,0.296628573
333,333,1419170.065097382,4922141.711815253,-0.631753093
334,334,1416951.016977825,4922074.535748053,0.046434782
335,335,1416919.031972957,4922055.676935117,0.521058803
336,336,1413019.66735773,4921932.737205945,0.078749991
337,337,1417805.487422041,4922076.793364394,-0.364663473
338,338,1413796.880590272,4921962.70223629,-0.514339013
339,339,1416397.871361716,4922014.865669209,-9999.0
340,340,1417817.790790963,4922059.414021363,-0.547178144
341,341,1417836.014584286,4922039.307327554,-0.394352733
342,342,1417852.204368198,4922023.22650996,0.024971419
343,343,1419240.123503295,4922085.518023002,-0.514661731
344,344,1417862.962761198,4922013.553569371,0.374985295
345,345,1417877.209515518,4922003.983073631,0.606028565
346,346,1417927.239530778,4921992.227611591,0.128911381
347,347,1417933.903022859,4921975.681145168,0.204956513
348,348,1417946.304595357,4921963.298945665,-0.120068423
349,349,1417962.396086412,4921956.539805981,-0.880750015
350,350,1417969.958839669,4921936.783890448,-0.43756521
351,351,1419236.522363888,4921987.823433517,-0.639893981
352,352,1419271.027487615,4922002.612344052,-0.334333333
353,353,1419216.029412963,4921948.269388736,-0.696735721
354,354,1417992.9757275,4921892.685137183,-0.436128708
355,355,1417996.321468674,4921817.690134943,0.317172842
356,356,1417235.380401343,4921745.414756704,-0.33302856
357,357,1417993.384113678,4921764.570876276,-0.384930017
358,358,1418993.657160688,4921768.76815058,1.074214293
359,359,1417872.453571192,4921721.383394337,-0.875037081
360,360,1418967.777006674,4921751.721331241,0.325975242
361,361,1417853.16828271,4921700.940839518,-0.506764691
362,362,1418859.219497777,4921733.083004752,-0.778949186
363,363,1418904.640531344,4921741.498774602,-0.74056545
364,364,1417216.559244042,4921674.882151764,-0.477647018
365,365,1417846.642975315,4921690.528716611,-0.348133344
366,366,1417802.289211913,4921641.489312468,-0.526619044
367,367,1418805.202657175,4921679.758921453,0.191047605
368,368,1418743.245913286,4921639.793323223,-9999.0
369,369,1412691.057949165,4921449.899909269,-0.838444491
370,370,1418761.007256341,4921620.848419963,1.491474591
371,371,1417787.969864005,4921606.297822981,-0.19714825
372,372,1418685.114480378,4921598.137812943,-0.905999991
373,373,1418719.996016886,4921599.157885899,1.264042876
374,374,1418633.376128359,4921576.646584022,-0.896266719
375,375,1417854.190273764,4921533.824465832,-0.625894115
376,376,1418602.5669028,4921555.767350746,-9999.0
377,377,1412706.549632743,4921413.036604891,0.142038062
378,378,1418564.781641802,4921534.683774278,-0.896000057
379,379,1418540.949064472,4921514.00837668,0.668101427
380,380,1418297.926548145,4921347.082641686,0.22432617
381,381,1416708.323178228,4921270.302356369,-9999.0
382,382,1416757.155178629,4921271.746028472,0.108650548
383,383,1416809.475179821,4921273.292396461,0.22560153
384,384,1417993.000875353,4921400.649614256,-0.347809028
385,385,1417193.743854385,4921264.658245583,1.895850922
386,386,1416831.140445988,4921248.959908855,-0.46744925
387,387,1417214.966078057,4921255.295005517,1.398492767
388,388,1417033.885514962,4921239.963809807,2.800303478
389,389,1412681.737133417,4921102.659405795,-9999.0
390,390,1417264.386269284,4921236.773943841,0.603357156
391,391,1417282.120314064,4921227.307645677,-0.003419379
392,392,1416708.667383842,4921231.661691972,-0.685965567
393,393,1417075.506266991,4921218.448124865,2.051862742
394,394,1417300.148458736,4921207.860925172,-0.613413789
395,395,1417321.664437165,4921188.516942979,-0.112114272
396,396,1412628.413498346,4920997.77757341,-9999.0
397,397,1416897.904109376,4921116.079649255,2.694649076
398,398,1417407.117601875,4921131.82879532,0.330933335
399,399,1417431.428445744,4921115.867457408,0.512874999
400,400,1412608.540174182,4920959.354462988,-9999.0
401,401,1417467.609105,4921092.925879818,0.844309354
402,402,1417509.757595178,4921084.17784912,1.55788333
403,403,1416795.036692766,4921053.105606057,0.261894759
404,404,1412567.313937916,4920876.346935146,-9999.0
405,405,1416778.628302688,4921020.487332706,1.422351825
406,406,1416782.412284061,4920982.14591381,1.941733297
407,407,1416794.834155876,4920959.461067997,-0.913333337
408,408,1416567.381522955,4920804.570201376,-9999.0
409,409,1412438.636371203,4920651.935486076,-0.783173908
410,410,1416834.716244469,4920780.0901394,-0.226999968
411,411,1416628.043471794,4920781.642186145,1.463690312
412,412,1416733.837119375,4920761.612386388,2.960414263
413,413,1416469.066453731,4920743.788619089,-0.743500039
414,414,1416427.805173015,4920722.588388814,-0.932000041
415,415,1416773.087107638,4920732.805518812,2.569071479
416,416,1416383.056479675,4920701.284555363,-9999.0
417,417,1416812.030403282,4920713.980617318,2.137342317
418,418,1416241.157244655,4920675.549760801,-0.946500003
419,419,1416352.406640484,4920675.403585063,0.950031975
420,420,1416244.74301207,4920656.880786194,3.054336664
421,421,1416321.461278316,4920659.502812888,0.354344797
422,422,1416294.151631072,4920638.715115958,2.554528567
423,423,1416165.700616715,4920614.928055326,-0.972000062
424,424,1416132.870683052,4920591.977997762,-0.37490005
425,425,1415568.796698031,4920497.301800342,0.401980865
426,426,1415614.72914683,4920478.69011194,-0.411586943
427,427,1415778.645019833,4920483.564761751,-9999.0
428,428,1415625.467130907,4920469.748744082,-0.044866661
429,429,1415653.389309908,4920469.85099521,-0.770341467
430,430,1415667.933766868,4920452.247036688,-0.073200613
431,431,1415795.028039381,4920460.651728739,0.052549766
432,432,1415699.618075679,4920441.258300304,-0.431647492
433,433,1413889.880163498,4920377.185281735,-9999.0
434,434,1414095.645144338,4920383.361201128,2.139309343
435,435,1414140.983192565,4920384.721080968,-9999.0
436,436,1415739.249385535,4920457.067885733,-0.156133609
437,437,1415819.183984626,4920437.598448714,-0.440158829
438,438,1414134.906093838,4920354.570750145,1.957426451
439,439,1414180.086354182,4920323.893844784,1.907553347
440,440,1415860.179098889,4920402.116297676,-0.710142247
441,441,1412067.578752804,4920239.240690748,-0.860374995
442,442,1412081.807081221,4920248.010117703,-0.863
443,443,1415881.350567989,4920331.32840743,-0.435607077
444,444,1413812.955313428,4920250.565653617,0.28271357
445,445,1412063.432116535,4920192.187010152,-0.018992306
446,446,1414263.747429984,4920248.550774531,1.790371431
447,447,1415934.261145116,4920306.424433116,-0.318660383
448,448,1415983.067373287,4920299.843403633,0.085200714
449,449,1413795.152311689,4920230.492551942,-0.56910564
450,450,1416014.729263989,4920291.522705315,1.059276585
451,451,1416055.145462994,4920282.861054662,-0.443407951
452,452,1414307.391387768,4920189.922651492,1.58574288
453,453,1413735.602926368,4920167.767619577,0.267534654
454,454,1414329.063552112,4920165.598677314,1.446413041
455,455,1415502.004672215,4920197.038473057,2.902934208
456,456,1414385.310623362,4920152.299698435,-9999.0
457,457,1413716.028476763,4920122.22691324,-0.201358508
458,458,1414348.593744833,4920148.442324132,1.807590146
459,459,1415473.559709301,4920174.999192344,2.701970547
460,460,1414364.984137594,4920131.712139494,2.052785684
461,461,1414386.506408121,4920112.378162222,2.097157135
462,462,1414432.440161334,4920093.775163151,1.488028337
463,463,1414505.595100896,4920089.308799344,2.825175349
464,464,1414537.658789698,4920076.946551417,2.532628573
465,465,1415320.519476963,4920105.988185458,0.351941139
466,466,1412049.849149988,4919991.996683032,-9999.0
467,467,1414548.419568125,4920067.279284419,2.909028604
468,468,1415353.988765695,4920091.683684667,0.646978701
469,469,1414562.966333577,4920047.735972922,2.75534777
470,470,1414570.239683271,4920037.964305132,2.596857163
471,471,1414609.197619081,4920019.151338385,0.869214261
472,472,1414678.944198637,4920021.237653208,-9999.0
473,473,1412047.574643128,4919925.304697946,-9999.0
474,474,1414665.591898469,4920000.859680134,1.455884064
475,475,1414710.927029566,4920002.215468186,-9999.0
476,476,1414688.334085817,4919999.042529273,1.797164377
477,477,1415094.829823788,4920003.693816048,2.564714238
478,478,1414724.409214907,4919980.552420569,1.4525742
479,479,1412030.0889057,4919891.503281806,-9999.0
480,480,1414909.119650518,4919974.452407259,0.021585333
481,481,1414786.949183431,4919961.942517586,1.309640814
482,482,1414841.747161527,4919946.190084045,0.790345855
483,483,1414862.958677054,4919937.182530439,2.154699993
484,484,1413702.755726683,4919867.098077911,-0.751588233
485,485,1411999.53647097,4919698.988783254,-9999.0
486,486,1413689.353382417,4919775.456916855,1.391902981
487,487,1413736.804831319,4919633.629046651,-0.327714286
488,488,1413569.353353348,4919471.648870757,-0.313538509
489,489,1411711.717242132,4919290.463761015,-0.5
490,490,1411714.528201906,4919244.010375482,-0.5
491,491,1413538.239308824,4919302.741299773,-0.61115389
492,492,1411702.28498344,4919121.752342978,-9999.0
493,493,1411694.657400691,4919082.150366887,-0.47358539
494,494,1413578.967443164,4919148.004624397,0.205499968
495,495,1413561.531232069,4919108.648608871,-0.453061555
496,496,1411642.22477898,4919018.115267979,-9999.0
497,497,1413675.743286941,4919003.255303631,-0.532063365
498,498,1413706.881549309,4918986.185348744,-0.603200628
499,499,1412058.400012572,4918908.092720568,-0.554071644
500,500,1412027.359845989,4918843.097253418,-0.782351067
501,501,1413658.793924384,4918891.807646547,-0.796720927
502,502,1413686.687601362,4918892.646700001,0.406699992
503,503,1413631.500809596,4918871.007689318,0.559688891
504,504,1413594.601884699,4918867.899512577,-0.938749991
505,505,1413550.575824964,4918749.001250408,-0.741973312
506,506,1413531.256419215,4918723.143905227,-0.343239676
507,507,1411348.302709408,4918705.722075244,-0.169253403
508,508,1413494.857008982,4918657.116592399,-0.424541675
509,509,1411342.595962315,4918588.579526049,-0.35659092
510,510,1413478.145328469,4918516.761043602,-0.60752632
511,511,1413490.869213794,4918474.602642859,-0.937888927
512,512,1413518.755199453,4918387.329468666,-0.65796809
513,513,1413501.837652969,4918359.07030859,0.933145984
514,514,1413446.684634174,4918323.950068909,0.009964892
515,515,1413482.738732126,4918136.588582866,-0.808986504
516,516,1413529.538758225,4917968.888576982,-0.058985074
517,517,1413509.974146393,4917923.346846568,-9999.0
518,518,1413517.397310702,4917908.586199042,-0.325774173
519,519,1409908.962942162,4917744.776319587,-9999.0
520,520,1413513.233643123,4917879.926826622,-0.588147287
521,521,1413512.120517776,4917768.458117281,0.091599976
522,522,1413498.60448211,4917734.864849078,-0.585455699
523,523,1413343.337561653,4917663.594514836,-9999.0
524,524,1413441.246904855,4917656.55572922,0.388835818
525,525,1413283.185927859,4917638.264035058,-0.868870746
526,526,1413467.396141147,4917642.050411854,-0.382477845
527,527,1413243.446991023,4917620.624553496,-0.382964938
528,528,1413139.46937026,4917597.508564458,-9999.0
529,529,1413150.228513232,4917587.843750237,-0.834999993
530,530,1413065.579832628,4917526.660054881,0.347810838
531,531,1407922.372996965,4917262.816864266,-0.795527767
532,532,1408185.118642774,4917245.438093401,-9999.0
533,533,1408307.661040829,4917257.475368065,0.545463012
534,534,1407946.035143942,4917240.486180744,-0.725624997
535,535,1412910.272071781,4917388.299607457,-0.900785719
536,536,1407955.646378898,4917219.116419738,-0.394666709
537,537,1408096.627560568,4917173.537924825,-9999.0
538,538,1412862.742941266,4917333.086091844,-0.55039303
539,539,1408009.313979387,4917201.751163348,0.584079611
540,540,1408065.147128587,4917166.903397179,0.950495231
541,541,1408090.429319293,4917148.370814521,0.833387329
542,542,1412740.664434367,4917285.774123368,0.549142837
543,543,1408048.236185751,4917146.296571997,-0.618243228
544,544,1408076.950136635,4917132.967989473,-9999.0
545,545,1408077.568923402,4917113.007184192,-0.428416641
546,546,1408099.566475923,4917078.724119342,0.240098067
547,547,1412628.048805079,4917202.450495165,-9999.0
548,548,1412572.114314875,4917090.872197071,1.798550712
549,549,1408013.507421713,4916945.2091532,-9999.0
550,550,1412562.563694689,4917060.61434513,1.007981483
551,551,1412552.408797895,4917050.317314952,-0.071210522
552,552,1412424.19515137,4917034.224366626,-0.971666614
553,553,1412537.100966081,4917037.366837491,0.394734674
554,554,1412452.23084889,4917017.314543631,0.07339844
555,555,1412514.972966278,4917019.214987864,0.895281246
556,556,1412263.545499819,4916911.699498017,-0.81437212
557,557,1412083.050104913,4916823.808779505,-0.197055276
558,558,1411955.600430754,4916712.550051185,3.261199965
559,559,1408973.756240753,4916451.420032615,1.750312689
560,560,1409131.780412454,4916455.387737744,-9999.0
561,561,1411135.016173896,4916507.753155394,-0.955000023
562,562,1411629.944059136,4916522.834707715,-9999.0
563,563,1411711.683052177,4916525.933187038,-9999.0
564,564,1411758.822436066,4916535.474415689,0.738961549
565,565,1406735.51032877,4916357.923257721,-9999.0
566,566,1409120.759057758,4916435.975318059,1.619943772
567,567,1411124.842288928,4916498.181422817,-0.953999996
568,568,1409326.705096913,4916432.33305889,2.323599912
569,569,1411229.730924606,4916490.662989457,1.121397128
570,570,1411606.153738953,4916502.131370759,1.537517634
571,571,1411707.23024274,4916505.206965134,1.432420341
572,572,1409414.147262183,4916425.036162486,1.587271421
573,573,1410006.969759656,4916433.271586495,2.119285741
574,574,1410271.858935792,4916441.396743824,1.852368384
575,575,1410446.128141452,4916446.73604073,-9999.0
576,576,1410515.83582625,4916448.870388761,-9999.0
577,577,1410756.305099986,4916456.955608861,-9999.0
578,578,1410864.374270875,4916459.530319739,2.194652996
579,579,1411296.561991465,4916472.721389523,1.502333335
580,580,1411369.755078943,4916474.952374988,-9999.0
581,581,1411512.655871682,4916479.305584986,2.009988124
582,582,1409731.931249119,4916414.833246937,-9999.0
583,583,1411335.205435226,4916463.909697462,1.914585719
584,584,1409627.605800257,4916407.976720136,0.946061313
585,585,1410324.751375473,4916423.038193915,1.672719978
586,586,1410516.457528741,4916428.561936455,2.093752564
587,587,1410760.42300661,4916436.373577196,2.790701812
588,588,1411405.217120489,4916456.053578667,1.989535832
589,589,1409729.059475589,4916394.765264727,1.131893115
590,590,1409781.953412393,4916376.411326484,0.990861445
591,591,1406529.418053629,4916186.415430922,-9999.0
592,592,1407902.416787428,4915715.236460989,0.090966288
593,593,1407866.096740971,4915607.943600873,-0.86463637
594,594,1407845.806848999,4915587.333498181,-0.910124987
595,595,1406595.446837526,4915560.504849911,-0.27313298
596,596,1407807.707376369,4915466.269700873,-9999.0
597,597,1407788.038222592,4915425.698537202,-9999.0
598,598,1407677.774140854,4915157.535614573,0.341366682
599,599,1407679.79063944,4915092.662836446,-0.93900001
600,600,1408059.324157302,4915013.058953067,-0.46011291
601,601,1408123.499993584,4914956.586353578,-0.405842856
602,602,1408143.976786382,4914925.213701258,-0.332081837
603,603,1408177.317543102,4914908.307445439,-0.108299762
604,604,1408153.235149067,4914897.570718484,0.283671431
605,605,1408110.017188637,4914899.183388397,-0.364957967
606,606,1408049.627653666,4914864.38691197,0.088538094
607,607,1407987.525598468,4914842.479697959,0.043971423
608,608,1407911.485914219,4914820.139097215,0.028809517
609,609,1407845.900222978,4914798.122246032,0.389078571
610,610,1407787.283936009,4914776.321212136,0.784742856
611,611,1407571.556207256,4914759.624739802,0.294004781
612,612,1407595.958384871,4914760.035759012,-0.385480008
613,613,1407617.164824702,4914751.053139709,0.038371429
614,614,1407648.835418075,4914742.047849926,0.021052633
