OID,FID_,X,Y,BCE_Mahura
0,0,1749206.573854926,5970761.687878828,-9999.0
1,1,1749301.218555993,5970758.631716787,1.479500061
2,2,1749172.62997256,5970712.429907236,1.099062514
3,3,1749481.820279684,5970705.797550275,-9999.0
4,4,1749164.401730364,5970702.603189051,-0.238192272
5,5,1749534.693918753,5970678.464149185,-9999.0
6,6,1749119.443488274,5970663.450145527,0.064999998
7,7,1749646.130151202,5970624.383113518,-0.416151504
8,8,1749766.40328915,5970578.372490314,-0.516400033
9,9,1749753.207660684,5970553.344670732,-9999.0
10,10,1749845.707129009,5970541.295693304,-9999.0
11,11,1749885.968821291,5970550.689477889,-0.583999947
12,12,1749910.724075851,5970520.245610754,-0.620749958
13,13,1749942.823648152,5970509.7849178,-0.522942666
14,14,1749934.263422256,5970480.044453497,0.053443642
15,15,1749963.602960853,5970486.886145696,-0.407873834
16,16,1749980.742441843,5970491.619198735,-0.557952361
17,17,1750014.02330166,5970424.234942912,-0.264787502
18,18,1750047.000843836,5970428.76299637,-0.593285728
19,19,1750050.40443346,5970364.973866239,-9999.0
20,20,1750083.71325375,5970277.874825971,0.422350644
21,21,1750098.332104044,5970261.104756663,0.443915498
22,22,1750139.338731639,5970240.683992335,0.536997695
23,23,1750137.716925575,5970196.305592302,-9999.0
24,24,1750218.856446863,5970188.780321148,-0.156232698
25,25,1750270.005004034,5970166.671456808,-9999.0
26,26,1750299.114315458,5970128.922468165,-0.412811251
27,27,1750381.261561865,5970073.232951315,-9999.0
28,28,1750464.968094587,5969952.388400396,-0.121787501
29,29,1750476.940472185,5969902.338345316,-9999.0
30,30,1750555.875106363,5969807.329907815,-0.073340899
31,31,1750577.281421367,5969770.195884041,-0.492413785
32,32,1750616.375853176,5969711.724029104,-0.666999976
33,33,1750647.619122934,5969639.486311971,-9999.0
34,34,1750727.484325811,5969620.264829167,-0.00050611
35,35,1750775.703265001,5969593.972352158,0.38883333
36,36,1750883.023919131,5969447.103579661,-0.612737272
37,37,1750934.583536065,5969381.176322344,-0.583473693
38,38,1751014.655270361,5969360.145713161,0.522293567
39,39,1751006.22272168,5969334.427379635,0.13994253
40,40,1751006.273259858,5969315.521132128,-0.270180301
41,41,1751034.619114148,5969314.442299188,0.503843139
42,42,1751058.263008063,5969284.123655262,0.454611101
43,43,1751018.12362081,5969284.519857964,-9999.0
44,44,1751053.916788806,5969253.247464093,0.075864224
45,45,1751099.814906702,5969178.038486619,-0.382823512
46,46,1751180.865677481,5969127.981406577,-0.582202891
47,47,1751297.948708916,5968995.756141505,-9999.0
48,48,1751336.097504336,5968950.455419615,-9999.0
49,49,1751358.742598963,5968914.345995335,-9999.0
50,50,1751382.520238528,5968891.800131237,-9999.0
51,51,1751399.15926393,5968872.490814062,-9999.0
52,52,1751465.746755583,5968697.030720328,0.55127847
53,53,1751456.086304221,5968668.352590923,0.439779998
54,54,1751382.426962481,5968643.917865902,0.510341566
55,55,1751419.593972622,5968650.327675131,0.927253641
56,56,1751401.361401896,5968630.165196165,0.81903704
57,57,1751525.84309768,5968596.287499231,-9999.0
58,58,1751563.4033246,5968518.82239902,-9999.0
59,59,1750788.435686699,5968355.811885206,3.509540165
60,60,1750823.035166432,5968338.964915103,0.670476163
61,61,1751574.128282711,5968394.283097223,-9999.0
62,62,1751718.845738237,5968305.936176031,0.804446802
63,63,1751588.852041136,5968279.702827886,-9999.0
64,64,1750917.933180893,5968257.914536924,0.869523802
65,65,1751621.157748968,5968409.24754789,0.546753324
66,66,1750884.488518573,5968226.419224483,0.682702688
67,67,1751625.237200967,5968208.323615544,-9999.0
68,68,1750966.321282598,5968204.857956097,0.513846148
69,69,1751072.975053817,5968161.343364595,0.73573771
70,70,1751664.386748837,5968156.403276908,-9999.0
71,71,1751723.816658984,5968192.855621557,0.360733954
72,72,1751701.659306102,5968129.898646835,-9999.0
73,73,1751786.355174161,5968105.045685052,-0.075614004
74,74,1751129.483515526,5968110.298244004,0.871250004
75,75,1751798.758050682,5968072.152837795,-9999.0
76,76,1751849.823977718,5968063.774871492,3.184742834
77,77,1751507.159783516,5968061.389174675,-9999.0
78,78,1751743.760148117,5968109.325397564,-0.639599949
79,79,1751793.200943852,5968045.314552573,-9999.0
80,80,1751179.359825228,5968082.196729813,3.225401113
81,81,1751454.80811433,5968035.158358036,0.449500017
82,82,1751864.734808614,5968013.95153279,0.683471699
83,83,1751841.072334587,5968009.382634521,-9999.0
84,84,1751726.241834444,5967926.663921057,-0.147139998
85,85,1751919.909119371,5967913.248517727,0.977341777
86,86,1751750.184099324,5967910.726189531,0.253627274
87,87,1751828.46501134,5967908.210072689,-0.346571402
88,88,1751776.798546233,5967901.834141756,0.378549309
89,89,1751868.276290733,5967915.308065085,0.603413854
90,90,1751963.141183461,5967838.556843956,0.59780252
91,91,1751791.192361466,5967808.93718686,-9999.0
92,92,1751804.023584353,5967782.17519421,0.385837011
93,93,1751691.482556859,5967758.007031526,-0.469854542
94,94,1751780.233904808,5967756.248682911,-0.133333283
95,95,1752023.210794548,5967780.455532959,0.722910122
96,96,1751711.595226335,5967747.133879814,-9999.0
97,97,1751766.139440917,5967755.623497731,0.283330679
98,98,1751723.665403706,5967720.205729575,-9999.0
99,99,1752153.053388131,5967713.874834436,0.862943453
100,100,1751742.940324764,5967658.084224429,0.525778805
101,101,1751705.767756538,5967644.576896068,-9999.0
102,102,1751726.398938508,5967617.868876179,-9999.0
103,103,1751751.545506793,5967619.880542665,0.522572192
104,104,1751778.981707444,5967608.127571659,0.536638057
105,105,1751855.294110931,5967549.907963632,-0.408459453
106,106,1751827.463121843,5967534.354295601,-9999.0
107,107,1751917.081945592,5967552.997190236,0.459473974
108,108,1752325.274850341,5967521.538884546,1.019857134
109,109,1752355.897334472,5967506.876697781,0.816499985
110,110,1751906.863866056,5967512.284148188,-9999.0
111,111,1751945.175537136,5967503.85743231,-9999.0
112,112,1751964.87156693,5967477.127969155,0.465276107
113,113,1751959.878638805,5967434.107492029,-9999.0
114,114,1752052.572127847,5967437.450136011,-9999.0
115,115,1752092.756905243,5967436.641228296,0.583209056
116,116,1752108.684105012,5967421.510211667,0.655316468
117,117,1752120.589105174,5967411.332039836,0.639756091
118,118,1752004.492124105,5967410.347986188,-9999.0
119,119,1752072.942277078,5967401.888387242,-9999.0
120,120,1752087.836356194,5967381.275124251,-9999.0
121,121,1752107.807613558,5967371.681996304,-9999.0
122,122,1752149.455221553,5967374.224316813,0.768209915
123,123,1752706.156051477,5967350.735797126,-9999.0
124,124,1752135.731865183,5967356.237675867,-0.258142854
125,125,1752111.220794615,5967336.731422665,-9999.0
126,126,1752148.33379265,5967314.434147422,-9999.0
127,127,1752199.536649427,5967289.007122155,0.70056659
128,128,1752921.769248852,5967248.646455145,0.437207209
129,129,1752174.490450186,5967249.184809525,-9999.0
130,130,1752222.127263107,5967230.108060297,0.662824999
131,131,1752203.060475729,5967201.682651717,0.047022953
132,132,1752251.473288156,5967174.017209734,0.666153847
133,133,1753153.344547,5967063.976791553,1.014210524
134,134,1753971.786591073,5967063.795741487,0.407023805
135,135,1752316.053247456,5967058.411626807,0.518012339
136,136,1752311.142269218,5967024.181353413,-0.492888922
137,137,1752235.788322391,5967075.598628841,-0.457812513
138,138,1752277.382215289,5967016.706229293,-9999.0
139,139,1752298.799184264,5967009.4456664,-9999.0
140,140,1752363.23734367,5967009.037262192,0.060145837
141,141,1752253.69473546,5967003.724016775,-9999.0
142,142,1752495.236853106,5967001.539996,0.396442737
143,143,1752153.491197162,5966992.066425666,0.026578302
144,144,1752310.615605235,5966994.284402668,-9999.0
145,145,1752286.673984654,5966969.086528032,-9999.0
146,146,1752332.742337678,5966977.382252656,-9999.0
147,147,1752358.319897052,5966958.55329655,-9999.0
148,148,1752595.3277814,5966974.323832766,0.233166282
149,149,1752438.230963876,5966947.837989439,-0.727481482
150,150,1752398.197175916,5966940.148479249,-0.926600033
151,151,1753194.917273858,5966945.655987845,1.165337546
152,152,1753996.841550421,5966913.195919706,0.514656488
153,153,1752726.107213915,5966926.693354728,0.090345624
154,154,1753632.329611447,5966913.579251372,-0.342569657
155,155,1752782.676968018,5966906.465206022,0.113929146
156,156,1753573.903968939,5966892.516806769,-0.205027398
157,157,1753669.965150226,5966890.678897465,-0.338631917
158,158,1752340.405169352,5966904.008253336,-9999.0
159,159,1752433.456018412,5966900.690251034,-9999.0
160,160,1752812.176637584,5966885.746598857,-0.266516665
161,161,1752353.813507219,5966880.565017363,-9999.0
162,162,1752478.92824521,5966876.31732765,-9999.0
163,163,1752583.545617631,5966876.148845842,-9999.0
164,164,1753973.70518456,5966869.545768036,0.208516758
165,165,1752554.626076228,5966865.372983103,-9999.0
166,166,1752703.956547706,5966871.333590792,-0.870321438
167,167,1752923.569857648,5966862.925929187,0.260782003
168,168,1753018.817165535,5966861.23846119,-0.10533431
169,169,1752389.70323997,5966867.256354403,-9999.0
170,170,1753667.785194401,5966829.2104717,0.044680164
171,171,1753891.584513417,5966827.64989808,0.143366199
172,172,1752488.775756191,5966852.491502526,-9999.0
173,173,1753680.795835876,5966807.976787854,0.092273972
174,174,1752591.263409436,5966821.353237529,-9999.0
175,175,1752944.165086097,5966809.230986216,-0.735252335
176,176,1752629.487186869,5966804.239149988,-9999.0
177,177,1752681.672633033,5966803.518904819,-9999.0
178,178,1752968.147767968,5966798.837906778,-0.749227269
179,179,1753680.24407553,5966785.826396137,-0.330636363
180,180,1753924.33852341,5966787.374899857,-0.506457612
181,181,1752661.347195836,5966783.739101708,-9999.0
182,182,1753738.921570012,5966769.163331129,-0.074843846
183,183,1753064.614561758,5966776.229420776,0.133465287
184,184,1752683.453685546,5966743.070197744,-0.80103452
185,185,1752747.344387159,5966749.821642837,-9999.0
186,186,1753548.534013252,5966734.291732793,-0.532222227
187,187,1753847.298901981,5966726.055684423,-0.848187517
188,188,1753443.82964466,5966722.381151884,0.14886004
189,189,1753123.901354804,5966722.956087646,0.013311938
190,190,1753406.939907709,5966702.94693618,-0.217349515
191,191,1753340.422343113,5966692.697883741,-0.093254889
192,192,1753510.843373837,5966699.558134044,-0.228596639
193,193,1753121.299888164,5966691.867236638,-0.885173906
194,194,1753138.323155345,5966685.584435973,-9999.0
195,195,1753372.494791532,5966684.28147405,-0.416535081
196,196,1753828.426114232,5966673.042107879,0.273349996
197,197,1752897.147369454,5966679.884363236,-9999.0
198,198,1753841.704037873,5966645.812091012,0.403294638
199,199,1753859.903275729,5966624.737366454,0.312010172
200,200,1753166.036101508,5966625.280709418,-9999.0
201,201,1753693.338230185,5966616.123561102,-9999.0
202,202,1753475.734542767,5966610.020585998,-0.965678593
203,203,1753220.083663876,5966606.877572098,-9999.0
204,204,1753387.223940439,5966606.405841806,-0.985290614
205,205,1753439.913898353,5966601.070534585,-0.980531631
206,206,1753676.878235538,5966596.478516673,-9999.0
207,207,1753503.812980623,5966594.367633329,-0.987674403
208,208,1753211.832673198,5966584.593999795,-9999.0
209,209,1753410.940302138,5966581.062995231,-9999.0
210,210,1753904.430394455,5966581.794421805,0.191385151
211,211,1753201.224755284,5966574.612002537,-9999.0
212,212,1753651.891104174,5966571.234757552,-9999.0
213,213,1753680.28021853,5966571.606298572,-9999.0
214,214,1753936.899028057,5966553.658870839,0.120458716
215,215,1753555.193640741,5966548.394268358,-9999.0
216,216,1753660.032939051,5966546.005721845,-9999.0
217,217,1754465.617763635,5966531.676992578,0.689117646
218,218,1753992.888588055,5966536.404327172,0.184862372
219,219,1754400.726890005,5966492.561339593,1.255892841
220,220,1753571.361224372,5966540.608335922,-9999.0
221,221,1753731.457543595,5966485.649776376,-9999.0
222,222,1753673.618962772,5966475.969430309,-9999.0
223,223,1753747.208509659,5966465.431989595,-9999.0
224,224,1754315.839482223,5966465.115334866,0.621384596
225,225,1753718.85305989,5966456.317882181,-9999.0
226,226,1753758.933056634,5966445.285784575,-9999.0
227,227,1753678.664056116,5966437.32841093,-9999.0
228,228,1754188.723562617,5966455.227551581,0.35980749
229,229,1753778.029437985,5966419.765294758,-9999.0
230,230,1753713.934451935,5966406.210713639,-9999.0
231,231,1753766.282909984,5966405.630174126,-9999.0
232,232,1753811.471542377,5966368.918427163,-9999.0
233,233,1753847.265738353,5966346.446586901,-9999.0
234,234,1754348.690476421,5966320.328918009,0.190812348
235,235,1753792.706300788,5966315.291299672,-9999.0
236,236,1754408.315015817,5966293.397455432,0.251707317
237,237,1753836.09668857,5966309.909232648,-9999.0
238,238,1753864.793255183,5966283.173853756,-9999.0
239,239,1754446.156568111,5966276.299110483,0.224574465
240,240,1753630.915411352,5966267.39602388,-9999.0
241,241,1753622.53260506,5966258.101875972,-9999.0
242,242,1753900.945372319,5966253.934739256,-9999.0
243,243,1753649.207669795,5966252.854223528,-9999.0
244,244,1753840.248972525,5966254.014657746,-9999.0
245,245,1754477.549522589,5966241.436441949,0.150344826
246,246,1753879.034612959,5966251.121769139,-9999.0
247,247,1753847.477947948,5966224.597073124,-9999.0
248,248,1754506.174188198,5966200.833130853,0.317999999
249,249,1753685.776669318,5966211.754467187,-9999.0
250,250,1753839.039379773,5966193.91264004,-9999.0
251,251,1754540.138703199,5966179.883007862,0.226666666
252,252,1753830.822501741,5966184.816927115,-9999.0
253,253,1753847.383488321,5966180.102401215,-9999.0
254,254,1754547.59082876,5966151.964134843,0.225803923
255,255,1753866.961357392,5966154.851275295,-9999.0
256,256,1753891.910277783,5966188.869915846,-9999.0
257,257,1753298.597655237,5966534.276502331,-0.344597481
258,258,1753826.086874684,5966145.025847658,-9999.0
259,259,1753846.02924572,5966124.934408305,-9999.0
260,260,1754559.055070997,5966116.743557197,0.304793638
261,261,1753837.633392258,5966114.913800519,-9999.0
262,262,1753875.002975695,5966107.557293274,-9999.0
263,263,1753831.919064378,5966085.193611127,-9999.0
264,264,1753821.229032999,5966065.36151967,-9999.0
265,265,1753792.716416529,5966056.48415246,-9999.0
266,266,1753832.543022997,5966055.191319796,-9999.0
267,267,1753792.184460228,5966026.587085698,-9999.0
268,268,1754613.662441777,5966010.558381864,0.288274649
269,269,1753819.400424922,5965995.612150729,-9999.0
270,270,1753818.281223184,5965965.725520159,-9999.0
271,271,1753430.392061517,5965975.111566157,-0.47649383
272,272,1753834.104426957,5965925.76971324,-9999.0
273,273,1753859.053442367,5965930.673496434,-9999.0
274,274,1753677.503187962,5965918.969624414,-9999.0
275,275,1753926.943795608,5965904.562028218,-9999.0
276,276,1754609.789051919,5965891.906946118,0.269864862
277,277,1753677.14880036,5965899.038246767,-9999.0
278,278,1753858.438923585,5965899.68754333,-9999.0
279,279,1753897.4726655,5965924.019892729,-9999.0
280,280,1753886.3279811,5965885.347567749,-9999.0
281,281,1753849.487953562,5965879.962445903,-9999.0
282,282,1753897.952692141,5965874.386428671,-9999.0
283,283,1753962.0521183,5965873.647218429,-9999.0
284,284,1754759.376495945,5965868.849778603,-9999.0
285,285,1753935.267686476,5965872.184569876,-9999.0
286,286,1754614.273842946,5965836.880796478,0.246936943
287,287,1753832.508049508,5965836.078486421,-9999.0
288,288,1753904.680049555,5965839.012203047,-9999.0
289,289,1753449.003657541,5965863.649259834,-0.433761738
290,290,1753662.93910512,5965833.344683859,-9999.0
291,291,1753853.054902395,5965826.126818086,-9999.0
292,292,1753832.153294794,5965816.147101178,-9999.0
293,293,1753920.429346059,5965818.794029938,-9999.0
294,294,1753857.583405379,5965806.264260517,-9999.0
295,295,1753984.537523277,5965803.263441512,-9999.0
296,296,1753670.75686077,5965799.080580928,-9999.0
297,297,1753879.933616222,5965785.389976199,-9999.0
298,298,1753848.955069143,5965782.131887179,-9999.0
299,299,1753960.276858042,5965773.990269975,-9999.0
300,300,1753871.526688461,5965765.601947982,-9999.0
301,301,1754584.190163475,5965763.154619141,0.144615386
302,302,1753874.698442836,5965746.412529091,-9999.0
303,303,1753960.069289952,5965744.087392901,-9999.0
304,304,1753804.684631925,5965783.172796101,-9999.0
305,305,1753873.280769904,5965719.802256125,-9999.0
306,306,1754002.57027052,5965714.627636655,-9999.0
307,307,1753858.80064691,5965696.429455056,-9999.0
308,308,1754112.0280173,5965676.243908488,-9999.0
309,309,1753475.011254215,5965652.825120972,-0.252725003
310,310,1753825.705780158,5965647.174307853,-9999.0
311,311,1753893.375928445,5965635.617804507,-9999.0
312,312,1753724.100852188,5965628.259187895,-9999.0
313,313,1753844.886903705,5965626.512257628,-9999.0
314,314,1753853.079269122,5965615.995175134,-9999.0
315,315,1754053.704113668,5965592.885892637,-9999.0
316,316,1753753.647606872,5965820.792310675,-9999.0
317,317,1753820.346628083,5965587.073664259,-9999.0
318,318,1753932.570577062,5965575.106622837,-9999.0
319,319,1754294.478903804,5965576.771965637,-9999.0
320,320,1753788.267715647,5965584.929383199,-9999.0
321,321,1753871.64768418,5965571.259988626,-9999.0
322,322,1754181.893401029,5965545.538736533,-9999.0
323,323,1754477.733951618,5965524.659866187,0.086333086
324,324,1753540.979753446,5965537.333114909,-0.540494117
325,325,1753768.515885629,5965545.881573471,-9999.0
326,326,1754189.164023297,5965510.719154215,-9999.0
327,327,1754249.098757451,5965498.895405001,-9999.0
328,328,1753949.643229143,5965531.985300898,-9999.0
329,329,1754261.730436787,5965532.039752654,-9999.0
330,330,1754492.367756586,5965465.227322966,-0.369323233
331,331,1753850.100177462,5965466.917768227,-9999.0
332,332,1753866.203735099,5965466.631062289,-9999.0
333,333,1753780.288764312,5965472.149831733,-9999.0
334,334,1753857.797099118,5965446.843022532,-9999.0
335,335,1754495.8631634,5965440.761807819,-0.436980456
336,336,1754517.546262953,5965428.167054121,-0.433740161
337,337,1753824.808371706,5965435.611743854,-9999.0
338,338,1753547.150743002,5965435.219185759,-0.407219358
339,339,1753966.557133431,5965415.382302355,-9999.0
340,340,1754115.238134566,5965411.946707916,-9999.0
341,341,1754364.524172029,5965407.899746476,-9999.0
342,342,1753832.932211671,5965407.410255551,-9999.0
343,343,1753945.173526681,5965420.98134045,-9999.0
344,344,1753993.581371102,5965747.104443804,-9999.0
345,345,1753885.684869405,5965396.885083755,-9999.0
346,346,1753769.519330164,5965399.689465426,-9999.0
347,347,1753794.529977356,5965415.120871152,-9999.0
348,348,1753961.644082196,5965380.079065877,-9999.0
349,349,1754541.197591655,5965369.649713995,-0.684945948
350,350,1753816.829266082,5965372.079002861,-9999.0
351,351,1753832.222598355,5965367.547460428,-9999.0
352,352,1753227.252239072,5965385.257030668,-0.044330837
353,353,1753867.992390131,5965357.402569843,-9999.0
354,354,1753952.820350657,5965355.43093706,-9999.0
355,355,1753532.022724006,5965354.570891508,-0.054022224
356,356,1754570.072504085,5965346.35198148,-0.422450433
357,357,1753791.768377411,5965348.12861464,-9999.0
358,358,1753984.671900529,5965334.925694686,-9999.0
359,359,1754000.775220376,5965334.638729868,-9999.0
360,360,1753811.110610941,5965327.850771531,-9999.0
361,361,1753208.549272316,5965331.669097714,-0.240604004
362,362,1753783.025740646,5965318.578823468,-9999.0
363,363,1753847.622838673,5965335.989967867,-9999.0
364,364,1753145.700913797,5965315.009212752,-0.053000003
365,365,1754000.24241755,5965304.741622099,-9999.0
366,366,1753178.441718458,5965279.998478367,0.133639999
367,367,1753485.091398094,5965278.042088116,-0.19772421
368,368,1753461.18725599,5965263.410224861,-0.037444441
369,369,1753846.374297357,5965257.638080801,-9999.0
370,370,1753910.25446416,5965226.593947058,-9999.0
371,371,1753382.866002349,5965226.151768264,0.246724134
372,372,1753796.927137728,5965218.441660794,-9999.0
373,373,1753801.045460915,5965261.432971317,-9999.0
374,374,1753843.576213914,5965224.105062862,-9999.0
375,375,1754666.744526784,5965193.148912371,-9999.0
376,376,1752034.123471967,5965243.718007805,0.742500007
377,377,1754602.887598964,5965254.971674613,-0.839156598
378,378,1753877.160908242,5965177.339011699,-9999.0
379,379,1753059.921871183,5965182.03401562,0.627008547
380,380,1753724.573670313,5965159.91600112,-9999.0
381,381,1752942.320003569,5965161.059069425,-0.155349325
382,382,1753017.453359185,5965159.746267159,-0.247429911
383,383,1754323.901856958,5965129.879352555,-9999.0
384,384,1752990.772230565,5965143.032868334,-0.510099998
385,385,1753904.790106184,5965136.770305106,-9999.0
386,386,1752870.339913568,5965134.457935368,0.400000002
387,387,1753022.642614401,5965132.700931418,-0.619824559
388,388,1754443.438569594,5965107.883719459,-9999.0
389,389,1754567.613786043,5965112.831050855,-9999.0
390,390,1754584.942275456,5965104.490175343,-9999.0
391,391,1752853.558773224,5965125.371276516,0.342987012
392,392,1754431.461386068,5965097.265701817,-9999.0
393,393,1752604.679016973,5965120.507583066,0.72476189
394,394,1753714.284310583,5965100.285920541,-9999.0
395,395,1754512.129893891,5965086.257076726,-9999.0
396,396,1752382.185035078,5965113.911641517,0.305937496
397,397,1752833.065216084,5965108.01971301,-0.167942582
398,398,1753662.794829537,5965091.816991994,-9999.0
399,399,1753686.38756228,5965100.48574834,-9999.0
400,400,1754803.758521784,5965070.117186869,-9999.0
401,401,1752327.671174263,5965148.01092795,0.489263569
402,402,1754282.576824843,5965070.803982463,-9999.0
403,403,1752587.729522494,5965119.244059141,0.305417867
404,404,1752711.972908894,5965092.791232834,0.460836013
405,405,1754302.258491871,5965060.100731599,-9999.0
406,406,1754533.848335961,5965056.636942246,-9999.0
407,407,1754573.254003934,5965054.855157284,-9999.0
408,408,1754688.401472459,5965053.196494463,-9999.0
409,409,1754712.548526941,5965052.361780465,-9999.0
410,410,1753672.805244625,5965066.860951251,-9999.0
411,411,1753714.003335878,5965060.616694112,-9999.0
412,412,1752750.787981443,5965080.852191262,0.025487583
413,413,1753641.631399438,5965057.860502507,-9999.0
414,414,1754800.764266069,5965031.246367033,-9999.0
415,415,1753721.700141027,5965040.542056076,-9999.0
416,416,1754536.340957519,5965026.549364894,-9999.0
417,417,1754120.659612407,5965023.849150931,-9999.0
418,418,1754566.917118273,5965015.49487553,-9999.0
419,419,1754706.962019402,5965091.459163803,-9999.0
420,420,1754067.554082601,5965014.444430154,-9999.0
421,421,1754606.620077634,5965020.020670032,-9999.0
422,422,1754813.889666887,5965007.010503936,-9999.0
423,423,1754289.382587591,5965000.900237575,-9999.0
424,424,1753616.571047962,5965007.319559691,-9999.0
425,425,1753670.339862991,5965026.427257176,-9999.0
426,426,1753680.893172251,5965001.191331062,-9999.0
427,427,1753986.685244341,5964995.948260633,-9999.0
428,428,1752647.231008743,5965048.777564442,-0.133232178
429,429,1753606.041934832,5964992.553464264,-9999.0
430,430,1754405.177194613,5964978.511064161,-9999.0
431,431,1753694.336561298,5964986.706354013,-9999.0
432,432,1752614.263366682,5964994.890210363,-0.083026317
433,433,1753575.535456675,5964973.359240093,-9999.0
434,434,1754832.630384105,5964967.778670306,-9999.0
435,435,1754013.495746594,5964980.001383302,-9999.0
436,436,1753599.8656208,5964957.772289474,-9999.0
437,437,1754437.69417784,5965029.02287685,-9999.0
438,438,1754764.255090393,5964932.413452867,-9999.0
439,439,1754877.253136797,5964938.88008915,-9999.0
440,440,1753574.826929038,5964933.496438085,-9999.0
441,441,1753596.927663393,5964932.902388495,-9999.0
442,442,1754005.477524971,5964930.925983861,-9999.0
443,443,1754243.513979672,5964927.006123623,-9999.0
444,444,1754276.034095316,5964920.803356597,-9999.0
445,445,1754689.83001378,5964960.332915777,-9999.0
446,446,1754025.52074979,5964915.505065986,-9999.0
447,447,1754436.128484729,5964907.773224169,-9999.0
448,448,1754942.938094239,5964898.900819086,-9999.0
449,449,1754972.352052623,5964913.118695484,-9999.0
450,450,1755056.27990629,5964896.779273518,-9999.0
451,451,1754469.415988525,5964900.170765495,-9999.0
452,452,1754653.341786552,5964894.321494424,-9999.0
453,453,1755003.987278777,5964878.452074431,-9999.0
454,454,1755118.768371451,5964874.948752619,-9999.0
455,455,1753580.11581816,5964896.824017236,-9999.0
456,456,1753655.340696703,5964896.44710722,-9999.0
457,457,1754363.140062883,5964879.573216265,-9999.0
458,458,1754383.862090752,5964879.585894107,-9999.0
459,459,1753646.395152749,5964881.977414041,-9999.0
460,460,1754261.042423942,5964885.829331147,-9999.0
461,461,1754403.218207724,5964868.88819892,-9999.0
462,462,1754840.207470373,5964863.509471413,-9999.0
463,463,1754891.811000653,5964859.538349873,-9999.0
464,464,1753560.923682446,5964873.729250784,-9999.0
465,465,1754000.478807013,5964866.107066512,-9999.0
466,466,1754282.596678162,5964861.074025965,-9999.0
467,467,1754492.171410743,5964847.159104004,-9999.0
468,468,1753613.190518006,5964864.953586287,-9999.0
469,469,1754133.562341383,5964844.179128317,-9999.0
470,470,1754330.223041554,5964840.285663802,-9999.0
471,471,1754410.735141037,5964838.847167571,-9999.0
472,472,1753653.447461711,5964846.59756131,-9999.0
473,473,1753669.847002273,5964842.087307731,-9999.0
474,474,1754422.357725871,5964827.885233633,-9999.0
475,475,1754813.263107687,5964820.746990768,-9999.0
476,476,1753532.799683616,5964834.554862494,-9999.0
477,477,1753999.471304435,5964830.468122644,-9999.0
478,478,1754673.685307265,5964859.98771153,-9999.0
479,479,1754442.405564005,5964808.374407589,-9999.0
480,480,1754531.293567528,5964806.785047031,-9999.0
481,481,1753508.292020098,5964815.052633456,-9999.0
482,482,1754160.436409673,5964803.44121278,-9999.0
483,483,1754410.022729012,5964798.984301182,-9999.0
484,484,1753556.956482791,5964816.940054306,-9999.0
485,485,1754474.355843901,5964801.158378543,-9999.0
486,486,1753652.858470947,5964792.5451671,-9999.0
487,487,1753991.152580198,5964785.594198861,-9999.0
488,488,1754498.229229751,5964777.469644898,-9999.0
489,489,1754522.614194736,5964789.51937914,-9999.0
490,490,1753491.361330249,5964789.66547609,-9999.0
491,491,1753628.527835663,5964783.008976217,-9999.0
492,492,1753979.355428524,5964775.90047808,-9999.0
493,493,1754438.367996837,5964782.879421841,-9999.0
494,494,1754554.622080046,5964776.684940341,-9999.0
495,495,1754819.918401558,5964751.773365573,-9999.0
496,496,1754517.546307033,5964746.432161862,-9999.0
497,497,1754185.893712167,5964742.972425155,-9999.0
498,498,1754569.976473513,5964736.310724637,-9999.0
499,499,1754587.966676141,5964754.009882226,-9999.0
500,500,1755125.207575,5964730.578128793,-9999.0
501,501,1754335.887860461,5964730.325426857,-9999.0
502,502,1754487.291808624,5964753.286461944,-9999.0
503,503,1754497.586188757,5964732.419876574,-9999.0
504,504,1754539.685283544,5964738.145453017,-9999.0
505,505,1754512.128897153,5964716.466558123,-9999.0
506,506,1754598.392653146,5964716.247391371,-9999.0
507,507,1754625.977600299,5964715.370826398,-9999.0
508,508,1754187.173755906,5964713.042918909,-9999.0
509,509,1754437.192495574,5964709.161487721,-9999.0
510,510,1754456.974295114,5964713.208202119,-9999.0
511,511,1754610.014837499,5964705.285195196,-9999.0
512,512,1754501.423007839,5964698.044201287,-9999.0
513,513,1754448.607023247,5964695.665573212,-9999.0
514,514,1754476.405282598,5964693.234511989,-9999.0
515,515,1753485.94664193,5964700.918210388,-9999.0
516,516,1754023.978804783,5964770.182633111,-9999.0
517,517,1754536.405741629,5964681.316418629,-9999.0
518,518,1754633.315231149,5964675.36384251,-9999.0
519,519,1754494.152216249,5964675.263903568,-9999.0
520,520,1754565.29679776,5964666.994989472,-9999.0
521,521,1754617.034751281,5964665.686304554,-9999.0
522,522,1754665.341085958,5964664.821660867,-9999.0
523,523,1754673.531501979,5964654.303723661,-9999.0
524,524,1754753.724201518,5964653.270054011,-9999.0
525,525,1754017.469994921,5964656.84068715,-9999.0
526,526,1754383.356922743,5964649.726134786,-9999.0
527,527,1754469.204095873,5964651.469201094,-9999.0
528,528,1754974.857207002,5964644.432091157,-9999.0
529,529,1753458.952241407,5964734.381807422,-9999.0
530,530,1754501.890922099,5964647.903320871,-9999.0
531,531,1754606.618980769,5964640.632393328,-9999.0
532,532,1754753.692159847,5964633.332783078,-9999.0
533,533,1753480.701752429,5964654.19155245,-9999.0
534,534,1754444.065423439,5964643.111463755,-9999.0
535,535,1754644.40762315,5964630.415509874,-9999.0
536,536,1754690.231583923,5964625.039039295,-9999.0
537,537,1754745.130448471,5964623.114825915,-9999.0
538,538,1754785.392755191,5964622.79596714,-9999.0
539,539,1754037.288408767,5964639.868804481,-9999.0
540,540,1754100.878651172,5964625.063782932,-9999.0
541,541,1754983.887786356,5964617.630982915,-9999.0
542,542,1754430.791679501,5964609.20395106,-9999.0
543,543,1754666.911937338,5964609.055865387,-9999.0
544,544,1754032.683658283,5964606.72505576,-9999.0
545,545,1754773.374532599,5964593.487424439,-9999.0
546,546,1753493.091019012,5964606.359806533,-9999.0
547,547,1754051.742587397,5964600.252034327,-9999.0
548,548,1754217.68760635,5964592.209613722,-9999.0
549,549,1754241.068718418,5964596.324567118,-9999.0
550,550,1754571.92144144,5964587.12517276,-9999.0
551,551,1754691.806984668,5964585.057275834,-9999.0
552,552,1755177.715006202,5964579.289736995,-9999.0
553,553,1754148.47340797,5964584.339157737,-9999.0
554,554,1754282.517958038,5964697.416975856,-9999.0
555,555,1754442.927608101,5964579.463213079,-9999.0
556,556,1753963.123635408,5964577.675421231,-9999.0
557,557,1754228.805158399,5964572.936560294,-9999.0
558,558,1754307.207245395,5964575.702676555,-9999.0
559,559,1754333.639485233,5964571.590124848,-9999.0
560,560,1754377.913037342,5964570.422670465,-9999.0
561,561,1754616.504902148,5964591.749118036,-9999.0
562,562,1754744.066643005,5964563.722735474,-9999.0
563,563,1753661.629565438,5964573.457211193,-9999.0
564,564,1754007.820100083,5964567.292795691,-9999.0
565,565,1754265.104386843,5964567.10282824,-9999.0
566,566,1754470.480708243,5964558.649877568,-9999.0
567,567,1754653.27461233,5964555.17837883,-9999.0
568,568,1754180.143712533,5964553.86734706,-9999.0
569,569,1754220.398403103,5964553.148848378,-9999.0
570,570,1754341.487464646,5964550.986420359,-9999.0
571,571,1754461.919413589,5964548.431652099,-9999.0
572,572,1754630.996407541,5964545.809439557,-9999.0
573,573,1754676.277307357,5964559.038101334,-9999.0
574,574,1754701.034586881,5964547.846083298,-9999.0
575,575,1754719.130835474,5964552.350717255,-9999.0
576,576,1754030.274037411,5964557.744742837,-9999.0
577,577,1754079.923135287,5964546.069382874,-9999.0
578,578,1754252.424220704,5964542.608196567,-9999.0
579,579,1754329.511137647,5964540.368276964,-9999.0
580,580,1754389.290039304,5964540.163383995,-9999.0
581,581,1754421.019588871,5964551.486289416,-9999.0
582,582,1754586.015232485,5964553.664645255,-9999.0
583,583,1753978.218079426,5964541.749492728,-9999.0
584,584,1754446.919438065,5964529.703081329,-9999.0
585,585,1754739.921068092,5964524.304214001,-9999.0
586,586,1753511.385012391,5964535.869888678,-9999.0
587,587,1754638.215543974,5964519.992088191,-9999.0
588,588,1754670.715867921,5964515.191663177,-9999.0
589,589,1753970.108918274,5964517.737662033,-9999.0
590,590,1753986.20354408,5964517.048412547,-9999.0
591,591,1754002.225081752,5964522.259981722,-9999.0
592,592,1753615.851231302,5964513.874064519,-9999.0
593,593,1753639.416838164,5964513.455000803,-9999.0
594,594,1753661.649535015,5964520.069491159,-9999.0
595,595,1754057.90681016,5964548.511138415,-9999.0
596,596,1754368.357976236,5964505.756603863,-9999.0
597,597,1754523.397618427,5964526.448736627,-9999.0
598,598,1753518.904635274,5964505.829709874,-9999.0
599,599,1753627.750337867,5964503.693611294,-9999.0
600,600,1753990.474756531,5964497.819826236,-9999.0
601,601,1754084.956173762,5964501.658311423,-9999.0
602,602,1754519.584518739,5964487.78818518,-9999.0
603,603,1754642.596388402,5964486.171217179,-9999.0
604,604,1754002.097357362,5964486.858459615,-9999.0
605,605,1754178.472267735,5964492.234134397,-9999.0
606,606,1754388.429283046,5964482.903004113,-9999.0
607,607,1754409.149737324,5964485.592683728,-9999.0
608,608,1754677.062928003,5964484.070606605,-9999.0
609,609,1753449.996491234,5964512.412965986,-9999.0
610,610,1753566.427443895,5964484.846180252,-9999.0
611,611,1753661.31095112,5964491.074464005,-9999.0
612,612,1754338.298370698,5964480.638390899,-9999.0
613,613,1754379.985309804,5964470.144950989,-9999.0
614,614,1753490.102437038,5964481.529685272,-9999.0
615,615,1753679.390276212,5964473.069759831,-9999.0
616,616,1755029.946853913,5964475.478071754,-9999.0
617,617,1755208.511361412,5964461.120799724,-9999.0
618,618,1753454.114546305,5964467.105405967,-9999.0
619,619,1753888.534819958,5964459.377875498,-9999.0
620,620,1754335.950539507,5964451.77925048,-9999.0
621,621,1754665.156211527,5964445.969559741,-9999.0
622,622,1754725.822875642,5964444.422416065,-9999.0
623,623,1753445.554586753,5964456.886214458,-9999.0
624,624,1753638.484433329,5964458.078210099,-9999.0
625,625,1753904.458960864,5964449.125323287,-9999.0
626,626,1754149.916812124,5964449.843727915,-9999.0
627,627,1754586.183839193,5964480.370846938,-9999.0
628,628,1754605.199520383,5964436.210662218,-9999.0
629,629,1754649.766492687,5964428.62422745,-9999.0
630,630,1753425.674527763,5964438.086909384,-9999.0
631,631,1753574.179539568,5964434.864093989,-9999.0
632,632,1753603.285630275,5964464.176337756,-9999.0
633,633,1753904.103877703,5964429.193896671,-9999.0
634,634,1754004.646396541,5964432.496889068,-9999.0
635,635,1754501.254682014,5964426.232181343,-9999.0
636,636,1754693.409077881,5964415.096128041,-9999.0
637,637,1753493.33548274,5964426.533226661,-9999.0
638,638,1754652.651583405,5964405.856943472,-9999.0
639,639,1754684.847639021,5964404.878117278,-9999.0
640,640,1753253.662567544,5964420.701014527,-0.100142894
641,641,1754056.713910646,5964406.535986825,-9999.0
642,642,1754488.025579814,5964399.216520813,-9999.0
643,643,1754571.965131566,5964397.332102095,-9999.0
644,644,1754607.444857604,5964407.870170719,-9999.0
645,645,1753492.981345352,5964406.601813366,-9999.0
646,646,1753526.097747063,5964438.689751446,-9999.0
647,647,1754024.333042297,5964397.144492568,-9999.0
648,648,1754547.522663458,5964411.033277145,-9999.0
649,649,1753226.234000918,5964401.613373695,0.157233081
650,650,1753429.849062917,5964398.293131931,-9999.0
651,651,1753456.185280329,5964408.942954198,-9999.0
652,652,1753513.525039942,5964396.650833277,-9999.0
653,653,1754546.322899237,5964376.911962255,-9999.0
654,654,1754669.668960686,5964376.184194657,-9999.0
655,655,1753532.873863766,5964385.552817866,-9999.0
656,656,1754080.333058034,5964376.208090834,-9999.0
657,657,1754724.098346966,5964368.920526695,-9999.0
658,658,1753369.133270231,5964381.971220963,-9999.0
659,659,1753477.799578711,5964377.503665011,-9999.0
660,660,1753513.170852485,5964376.719418456,-9999.0
661,661,1753554.180556572,5964385.456517469,-9999.0
662,662,1754023.799993036,5964367.247344135,-9999.0
663,663,1753549.374206545,5964365.52302909,-9999.0
664,664,1754503.14937095,5964353.930179487,-9999.0
665,665,1754591.794334618,5964347.515611692,-9999.0
666,666,1754683.784171313,5964345.486014735,-9999.0
667,667,1755123.714550817,5964337.471835158,-9999.0
668,668,1753187.520508146,5964364.662796064,-0.217528737
669,669,1753393.28162858,5964361.859455597,-9999.0
670,670,1753560.686137986,5964355.353097556,-9999.0
671,671,1754092.469784783,5964346.467863448,-9999.0
672,672,1754476.19760639,5964355.416950359,-9999.0
673,673,1754490.380569911,5964338.575628413,-9999.0
674,674,1754552.238562949,5964340.947893726,-9999.0
675,675,1753371.316990566,5964348.748397756,-9999.0
676,676,1753572.585074538,5964345.172718557,-9999.0
677,677,1754658.978422742,5964330.210925986,-9999.0
678,678,1754683.427278134,5964325.554558656,-9999.0
679,679,1754119.401029368,5964329.885341791,-9999.0
680,680,1754141.294778084,5964328.352441357,-9999.0
681,681,1754208.41478108,5964323.877006598,-9999.0
682,682,1754631.512965447,5964316.897981268,-9999.0
683,683,1755061.336881863,5964313.02909799,-9999.0
684,684,1753958.505872573,5964318.566853488,-9999.0
685,685,1753365.002327497,5964326.426661777,-9999.0
686,686,1753507.489100485,5964316.624339332,-9999.0
687,687,1753610.230759372,5964318.977644856,-9999.0
688,688,1753697.274332074,5964313.632677831,-9999.0
689,689,1754127.393037095,5964305.586366003,-9999.0
690,690,1753549.436994836,5964321.269411055,-9999.0
691,691,1753652.224390988,5964304.082310149,-9999.0
692,692,1753616.412910911,5964295.133263927,-9999.0
693,693,1755119.966410918,5964295.202293587,-9999.0
694,694,1753507.282787588,5964286.721439206,-9999.0
695,695,1753530.894918475,5964291.610750235,-9999.0
696,696,1754405.196346743,5964275.190378102,-9999.0
697,697,1753374.668521046,5964285.624246951,-9999.0
698,698,1753398.699998894,5964277.818253531,-9999.0
699,699,1753445.778590882,5964316.897387245,-9999.0
700,700,1753498.722926507,5964276.5023014,-9999.0
701,701,1754078.37780333,5964266.585193513,-9999.0
702,702,1754268.162371567,5964263.580952117,-9999.0
703,703,1754624.081896645,5964279.63992979,-9999.0
704,704,1754658.026114377,5964256.226898439,-9999.0
705,705,1754141.954800598,5964277.093637578,-9999.0
706,706,1753498.521900994,5964256.042461458,-9999.0
707,707,1753542.355004082,5964262.967261589,-9999.0
708,708,1754183.250443203,5964287.13233751,-9999.0
709,709,1755054.823215429,5964219.409130353,-9999.0
710,710,1753357.729695811,5964239.916409877,-9999.0
711,711,1753417.218293742,5964242.695767988,-9999.0
712,712,1754206.476880768,5964224.423829353,-9999.0
713,713,1754316.507489108,5964387.507244702,-9999.0
714,714,1754085.539656526,5964216.612999009,-9999.0
715,715,1754163.151939114,5964224.30007167,-9999.0
716,716,1754231.903152289,5964241.253188391,-9999.0
717,717,1755067.716204229,5964199.037540367,-9999.0
718,718,1753386.390332763,5964239.919156542,-9999.0
719,719,1753513.471589475,5964221.048056272,-9999.0
720,720,1753537.920584664,5964216.394939063,-9999.0
721,721,1753352.579811579,5964209.718376557,-9999.0
722,722,1754224.487649051,5964198.097004998,-9999.0
723,723,1752950.456174954,5964205.741823038,0.62933333
724,724,1754052.803993818,5964187.290193832,-9999.0
725,725,1754246.048528914,5964188.76775904,-9999.0
726,726,1754332.808890619,5964203.13385809,-9999.0
727,727,1754367.094947149,5964181.277048284,-9999.0
728,728,1755053.448986485,5964169.185601562,-9999.0
729,729,1752973.615138812,5964199.376367606,0.527857129
730,730,1753376.377693698,5964189.3581671,-9999.0
731,731,1754273.732055832,5964173.83925529,-9999.0
732,732,1754661.164109055,5964174.089345776,-9999.0
733,733,1754946.24166598,5964161.341544507,-9999.0
734,734,1754121.472268754,5964166.510428295,-9999.0
735,735,1754194.803632809,5964167.895160439,-9999.0
736,736,1754258.341261513,5964162.821218289,-9999.0
737,737,1754307.705239964,5964166.113724818,-9999.0
738,738,1753036.34186336,5964180.627971726,0.179132791
739,739,1753384.074353421,5964169.283804194,-9999.0
740,740,1753404.448138649,5964173.705243096,-9999.0
741,741,1754672.164597833,5964146.31558516,-9999.0
742,742,1753053.996903374,5964165.695424191,-0.260925932
743,743,1754293.609782524,5964143.116715269,-9999.0
744,744,1753692.021499756,5964149.531872124,-9999.0
745,745,1752952.719250794,5964147.155378515,0.332376247
746,746,1753721.665719865,5964133.376110721,-9999.0
747,747,1754333.506466295,5964122.46617507,-9999.0
748,748,1753600.55333473,5964115.592837583,-9999.0
749,749,1753647.90835337,5964129.957099154,-9999.0
750,750,1753570.167447287,5964112.115283381,-9999.0
751,751,1753701.601239295,5964104.209460111,-9999.0
752,752,1753735.653247612,5964100.059846736,-9999.0
753,753,1753422.911087716,5964088.843280926,-9999.0
754,754,1753640.27412251,5964084.979832484,-9999.0
755,755,1753451.504547256,5964078.749428328,-9999.0
756,756,1753605.386986062,5964072.393987814,-9999.0
757,757,1753700.205286572,5964069.070667193,-9999.0
758,758,1755068.960197479,5964034.242646297,-9999.0
759,759,1753607.363300835,5964045.689686553,-9999.0
760,760,1753668.253651785,5964070.576847799,-9999.0
761,761,1753574.006050403,5964053.476491395,-9999.0
762,762,1753003.035227169,5964106.660392099,-0.143059489
763,763,1753579.736511517,5964016.073139776,-9999.0
764,764,1753460.101861092,5964014.279521253,-9999.0
765,765,1753566.048008314,5963986.611124491,-9999.0
766,766,1753767.307801288,5963983.030631506,-9999.0
767,767,1753506.574315917,5963977.498224081,-9999.0
768,768,1755847.396365982,5963955.604151702,-9999.0
769,769,1753600.744487613,5963976.054269718,-9999.0
770,770,1753677.970757104,5963964.481616452,-9999.0
771,771,1752849.885317101,5963966.979979601,0.555853646
772,772,1753414.791918978,5964003.990029459,-9999.0
773,773,1753734.733003747,5963953.502652853,-9999.0
774,774,1753662.23101786,5963952.053928403,-9999.0
775,775,1753742.605984468,5963943.393647528,-9999.0
776,776,1752506.139798373,5963964.012631538,0.919834715
777,777,1752825.051903302,5963949.030145257,0.570757576
778,778,1752970.9101153,5963971.690801411,-0.194341516
779,779,1753770.47837928,5963943.494654935,-9999.0
780,780,1753363.802438704,5963952.285969596,-9999.0
781,781,1753395.276741057,5963914.113288697,-9999.0
782,782,1753499.734217643,5963920.434074225,-9999.0
783,783,1752776.670984746,5963909.017856811,0.220909091
784,784,1753605.753027254,5963920.617732925,-9999.0
785,785,1753633.297551687,5963886.109479664,-9999.0
786,786,1754723.254066268,5963873.767512705,-9999.0
787,787,1753597.751053194,5963876.928568129,-9999.0
788,788,1754751.676608583,5963855.591245792,-9999.0
789,789,1752731.197814006,5963891.490226419,0.45789474
790,790,1754710.871781186,5963848.651607766,-9999.0
791,791,1754739.422612301,5963845.841857055,-9999.0
792,792,1753366.420093222,5963865.657613794,-9999.0
793,793,1753704.336365787,5963861.344770575,-9999.0
794,794,1753539.416700408,5963847.520465789,-9999.0
795,795,1754767.768025403,5963835.576463605,-9999.0
796,796,1754988.637193624,5963822.162492163,-9999.0
797,797,1753523.139044016,5963837.840946098,-9999.0
798,798,1753600.210232174,5963836.853604739,-9999.0
799,799,1754868.278277761,5963813.625570456,-9999.0
800,800,1752966.570163297,5963877.547120438,-0.219194966
801,801,1753530.835000831,5963817.766420837,-9999.0
802,802,1753659.638724711,5963815.475888875,-9999.0
803,803,1754979.843807459,5963796.671002961,-9999.0
804,804,1753504.100752262,5963814.717451023,-9999.0
805,805,1753713.321284071,5963825.370140393,-9999.0
806,806,1754877.417169153,5963783.554867969,-9999.0
807,807,1753623.651969034,5963796.561214982,-9999.0
808,808,1753739.78628822,5963794.111891355,-9999.0
809,809,1754824.529840871,5963802.562481485,-9999.0
810,810,1754866.810438625,5963773.574922631,-9999.0
811,811,1753790.731994967,5963810.85404641,-9999.0
812,812,1753490.335371524,5963795.040362108,-9999.0
813,813,1755856.17424891,5963739.375733137,-9999.0
814,814,1753725.960613165,5963760.328120078,-9999.0
815,815,1754954.47623773,5963722.56023194,-9999.0
816,816,1755049.744537295,5963710.557541464,-9999.0
817,817,1755865.618086874,5963704.321039254,-9999.0
818,818,1753452.280775664,5963788.101093924,-9999.0
819,819,1753670.5347583,5963715.976216177,-9999.0
820,820,1753464.485325982,5963709.288097213,-9999.0
821,821,1754945.71090444,5963682.841690864,-9999.0
822,822,1753504.558847249,5963698.607088374,-9999.0
823,823,1753834.77274731,5963692.530583321,-9999.0
824,824,1753536.405005235,5963678.103283839,-9999.0
825,825,1753667.262584355,5963684.904570787,-9999.0
826,826,1753730.605180427,5963712.446070847,-9999.0
827,827,1753804.513434912,5963685.645533567,-9999.0
828,828,1752973.073303757,5963687.841398505,-0.155462186
829,829,1753773.693310957,5963654.093229683,-9999.0
830,830,1754933.335661994,5963633.60187147,-9999.0
831,831,1755918.242037614,5963626.43799405,-9999.0
832,832,1753626.186032751,5963660.941108084,-9999.0
833,833,1753798.088955711,5963648.012398443,-9999.0
834,834,1753592.046810353,5963637.238470544,-9999.0
835,835,1753761.098208747,5963634.230439225,-9999.0
836,836,1755053.496344731,5963614.651400724,-9999.0
837,837,1753743.325268412,5963656.288345533,-9999.0
838,838,1755946.58487402,5963570.394219072,-9999.0
839,839,1753635.69750169,5963611.65023011,-9999.0
840,840,1753752.840833172,5963604.470802473,-9999.0
841,841,1755053.447718356,5963581.389223517,-9999.0
842,842,1753681.338668746,5963635.018060446,-9999.0
843,843,1753837.457607081,5963593.378019997,-9999.0
844,844,1753740.074436282,5963589.115199625,-9999.0
845,845,1755053.035429192,5963560.745544344,-9999.0
846,846,1753792.23370941,5963573.862766579,-9999.0
847,847,1753699.388427082,5963570.641485112,-9999.0
848,848,1752939.791700192,5963568.107934944,0.006140351
849,849,1753748.197611537,5963555.091974058,-9999.0
850,850,1753808.08143511,5963553.932270943,-9999.0
851,851,1755024.308250678,5963525.82778907,-9999.0
852,852,1752930.424282436,5963554.074169942,-0.010920246
853,853,1753772.918438564,5963547.138826518,-9999.0
854,854,1754959.019290025,5963563.52886424,-9999.0
855,855,1753618.424804597,5963526.560056545,-9999.0
856,856,1753759.146526655,5963524.607487023,-9999.0
857,857,1753799.396355587,5963523.890793368,-9999.0
858,858,1755012.710843876,5963492.028100595,-9999.0
859,859,1752954.327697003,5963523.744350496,0.063545455
860,860,1753767.166550298,5963504.526930027,-9999.0
861,861,1754926.03515272,5963483.815663313,-9999.0
862,862,1755094.483686642,5963480.51367477,-9999.0
863,863,1753666.633752301,5963496.730354248,-9999.0
864,864,1753813.387849766,5963494.40992118,-9999.0
865,865,1753726.23710032,5963485.317813179,-9999.0
866,866,1752889.437382668,5963491.881907611,-0.008253968
867,867,1752982.479176931,5963498.681431725,0.164783861
868,868,1753432.831528345,5963480.949561547,-9999.0
869,869,1753791.909879214,5963474.718364747,-9999.0
870,870,1753830.708659028,5963473.488676925,-9999.0
871,871,1755035.643197619,5963455.018179609,-9999.0
872,872,1753754.464113716,5963475.35696892,-9999.0
873,873,1753838.89882198,5963462.97150862,-9999.0
874,874,1755102.56424645,5963439.843137842,-9999.0
875,875,1754949.549682451,5963450.996273399,-9999.0
876,876,1754969.18752176,5963436.247063269,-9999.0
877,877,1755071.684282966,5963469.843945895,-9999.0
878,878,1753800.919249028,5963446.319222963,-9999.0
879,879,1755051.206305867,5963424.831899591,-9999.0
880,880,1755089.709473127,5963420.278855629,-9999.0
881,881,1754965.033200077,5963413.333306863,-9999.0
882,882,1754940.408271727,5963408.024821329,-9999.0
883,883,1755114.115198174,5963410.4556978,-9999.0
884,884,1753798.894925943,5963414.780656055,-9999.0
885,885,1753815.736843046,5963403.771938462,-9999.0
886,886,1754731.196356851,5963386.691193498,-9999.0
887,887,1755004.272873964,5963394.612286279,-9999.0
888,888,1753795.515586355,5963393.111775237,-9999.0
889,889,1754682.731672872,5963378.317368795,-9999.0
890,890,1752848.92186531,5963414.086284349,-0.125634328
891,891,1754819.241745604,5963366.103429415,-9999.0
892,892,1755112.908338033,5963365.626372073,-9999.0
893,893,1753801.352897098,5963374.705573505,-9999.0
894,894,1754649.837985944,5963349.200867306,-0.622000026
895,895,1752071.313046639,5963384.646171665,0.649924243
896,896,1752144.624380803,5963379.849692547,0.586718747
897,897,1754823.095565743,5963326.21677882,-9999.0
898,898,1754971.287511795,5963313.129126223,-9999.0
899,899,1752803.287912205,5963349.904067775,-0.073627116
900,900,1753956.912464031,5963316.52068234,-9999.0
901,901,1754665.870908529,5963304.691374795,1.439637102
902,902,1756274.630420604,5963390.64757172,0.775231954
903,903,1754959.098550788,5963274.257340139,-9999.0
904,904,1754742.089017944,5963275.571180727,0.085266995
905,905,1754785.593580696,5963276.784890837,-9999.0
906,906,1754692.890577882,5963271.278310211,1.02717003
907,907,1754716.87540245,5963258.014987806,-0.803854579
908,908,1754765.111959567,5963257.214068212,-0.738034483
909,909,1751992.396991302,5963295.313160889,0.791929839
910,910,1754016.056771784,5963265.933075413,-9999.0
911,911,1754728.709536183,5963247.897459369,-9999.0
912,912,1756306.550389043,5963224.466558098,0.793124976
913,913,1752979.519918832,5963269.646739819,-0.438749979
914,914,1753209.112445313,5963267.610190094,-0.403437491
915,915,1754885.935659384,5963235.694066671,-9999.0
916,916,1754939.696450896,5963322.012675075,-9999.0
917,917,1754945.536000198,5963224.272997895,-9999.0
918,918,1751959.234542382,5963266.950349538,0.845194818
919,919,1754856.8103547,5963215.895584713,-9999.0
920,920,1754897.851822293,5963220.507432393,-9999.0
921,921,1751943.357000127,5963256.437629809,0.884000003
922,922,1751982.209582182,5963285.041597242,0.812839521
923,923,1752946.372416825,5963240.086250679,-0.36058139
924,924,1754032.131563479,5963221.058890022,-9999.0
925,925,1755054.117951434,5963208.940532815,-9999.0
926,926,1756333.086088357,5963178.799644039,0.802695014
927,927,1754674.978424345,5963226.429932904,-0.284038844
928,928,1755118.226849891,5963191.064599498,-9999.0
929,929,1754663.24070539,5963189.256617864,-9999.0
930,930,1755018.718760777,5963183.622413456,-9999.0
931,931,1751894.236596061,5963227.562956081,0.850181789
932,932,1754002.533802258,5963195.515767479,-9999.0
933,933,1755213.680341177,5963168.044574531,-9999.0
934,934,1755230.670205376,5963164.227124356,-9999.0
935,935,1754628.306392445,5963253.274097456,-0.296331038
936,936,1751445.743591021,5963221.296095637,0.914082397
937,937,1754861.007234663,5963177.018320747,-9999.0
938,938,1754912.085664682,5963155.090442707,-9999.0
939,939,1754935.495573771,5963169.710442144,-9999.0
940,940,1754952.651650354,5963153.960224147,-9999.0
941,941,1755249.941322072,5963148.325574653,-9999.0
942,942,1751865.942236014,5963212.56447639,0.949662435
943,943,1755182.289071803,5963147.908929275,-9999.0
944,944,1755209.743900892,5963139.776519503,-9999.0
945,945,1755077.524789262,5963148.146355883,-9999.0
946,946,1755101.488450062,5963132.135573681,-9999.0
947,947,1751828.555926376,5963180.54728409,0.798048796
948,948,1752702.083261153,5963163.995523221,-0.686495722
949,949,1754911.549323623,5963125.1931966,-9999.0
950,950,1755140.080024672,5963146.757448563,-9999.0
951,951,1752541.022569365,5963157.190835585,0.247774297
952,952,1754830.577888305,5963120.895087056,-9999.0
953,953,1754855.360780727,5963125.999814888,-9999.0
954,954,1754932.088410201,5963115.238672579,-9999.0
955,955,1751578.821388604,5963164.198619264,-0.503750015
956,956,1751711.80626358,5963161.558513995,2.883809497
957,957,1756323.028253971,5963160.079213377,0.783617008
958,958,1751776.011475177,5963165.61505096,0.767066244
959,959,1752660.029217136,5963125.774538007,-0.330681827
960,960,1752499.969566406,5963118.073629116,-0.328937503
961,961,1756381.079062118,5963067.24386122,0.797560423
962,962,1753741.540193973,5963088.27907774,0.268865976
963,963,1751713.371505587,5963107.67861867,0.992500015
964,964,1756393.492210914,5963023.312367722,0.788214833
965,965,1755151.396689383,5963035.116822091,-9999.0
966,966,1753856.162735265,5963088.495787901,-9999.0
967,967,1753675.851887405,5963030.112513965,-0.067465836
968,968,1756405.092052025,5962990.703279344,0.759878058
969,969,1753851.132069083,5963004.969832247,-9999.0
970,970,1753878.711499907,5963004.095474744,-9999.0
971,971,1755152.162812224,5962989.279642113,-9999.0
972,972,1756438.982316934,5962978.550552933,0.707222219
973,973,1753874.925335917,5962984.608067552,-9999.0
974,974,1756491.818850734,5962951.036118125,0.509006617
975,975,1756102.523671738,5962951.257258181,-0.705728644
976,976,1753886.050558838,5962964.089089963,-9999.0
977,977,1756067.43346269,5962914.767071487,-0.68847292
978,978,1753894.537044948,5962949.347941514,-9999.0
979,979,1754730.707337832,5962919.087631957,-9999.0
980,980,1755180.759209199,5962871.135147148,-9999.0
981,981,1755967.671961082,5962870.910170232,-9999.0
982,982,1755206.242435088,5962857.042246471,-9999.0
983,983,1753944.337546455,5962766.748375596,-9999.0
984,984,1755201.882902027,5962757.176369944,-9999.0
985,985,1754115.274393286,5962744.903377204,-9999.0
986,986,1755894.363768472,5962766.981755118,-9999.0
987,987,1755862.05911926,5962689.189299311,-9999.0
988,988,1755856.341297922,5962669.757936838,-9999.0
989,989,1755852.703365846,5962649.482109464,-9999.0
990,990,1756365.429371642,5962671.234373079,0.748809519
991,991,1755869.02888593,5962629.249358093,-9999.0
992,992,1755860.709831055,5962614.4460135,-9999.0
993,993,1755893.099874162,5962566.364073362,-9999.0
994,994,1754989.112395643,5962535.431243376,-9999.0
995,995,1753442.278808634,5962532.650003325,2.106510627
996,996,1754996.756457598,5962509.806938139,-9999.0
997,997,1755911.582530879,5962514.954906946,-9999.0
998,998,1754075.674975811,5962502.520449822,-0.74745455
999,999,1754087.294618363,5962491.558845388,-9999.0
1000,1000,1754985.676315701,5962471.398048145,-9999.0
1001,1001,1755808.218077534,5962460.394963571,-9999.0
1002,1002,1753392.876700387,5962516.467198441,0.995193658
1003,1003,1755788.593671097,5962424.490857031,-9999.0
1004,1004,1753643.376103336,5962439.858251249,-0.101125
1005,1005,1753667.522955512,5962439.428482187,-0.069304879
1006,1006,1753704.693913712,5962439.846374966,1.664906408
1007,1007,1754082.781987783,5962452.048871036,-9999.0
1008,1008,1753723.518838219,5962428.211974316,2.545199994
1009,1009,1755180.758137244,5962414.096362224,-9999.0
1010,1010,1756104.415460256,5962401.073867604,0.208232205
1011,1011,1753586.678866583,5962420.929303136,-0.277174996
1012,1012,1753626.923523874,5962420.213245284,-0.382316665
1013,1013,1754041.621474717,5962422.792679398,-9999.0
1014,1014,1753219.589805544,5962410.943695148,1.888970869
1015,1015,1753561.969948979,5962408.075937178,-0.284043475
1016,1016,1753687.290505997,5962419.13882315,-0.248449889
1017,1017,1753835.356733624,5962394.273152465,4.842999905
1018,1018,1753515.599022967,5962400.890155652,-0.291386048
1019,1019,1754927.565803178,5962370.157789889,-9999.0
1020,1020,1753741.487355084,5962386.005297987,-0.461510223
1021,1021,1753859.152455308,5962375.576847382,-9999.0
1022,1022,1754890.070786064,5962367.736260641,-9999.0
1023,1023,1754919.800250196,5962359.26513272,-9999.0
1024,1024,1756256.546995189,5962332.136143979,-0.105000004
1025,1025,1753824.988138412,5962364.090072619,0.120919811
1026,1026,1753859.27692741,5962356.261966574,5.219733397
1027,1027,1755742.788460915,5962328.144850174,-9999.0
1028,1028,1753843.001576207,5962346.583100409,0.6765126
1029,1029,1754088.927027483,5962342.781225871,-9999.0
1030,1030,1753866.970563829,5962336.18702974,5.265428509
1031,1031,1754052.101768662,5962337.397427064,-9999.0
1032,1032,1753883.316785828,5962323.369820344,5.585999966
1033,1033,1754623.296220933,5962307.720276871,-9999.0
1034,1034,1754881.05934317,5962314.811410709,-9999.0
1035,1035,1753267.854503209,5962321.752301515,-0.103572018
1036,1036,1753896.712691152,5962308.437633735,3.665211533
1037,1037,1753955.117294712,5962304.366143311,0.481694422
1038,1038,1753986.277651521,5962309.612539086,0.025397292
1039,1039,1754027.733862128,5962313.918489794,-0.816898274
1040,1040,1753374.609277695,5962379.374438162,0.057493365
1041,1041,1754894.289580931,5962287.83881517,-9999.0
1042,1042,1753765.29477373,5962278.185204429,-9999.0
1043,1043,1756409.473699789,5962227.303213025,0.529047594
1044,1044,1753883.892980627,5962271.644824331,0.106202899
1045,1045,1754876.128890548,5962242.684482466,-9999.0
1046,1046,1753732.579026478,5962256.772631989,-9999.0
1047,1047,1755682.430668208,5962232.610559789,-9999.0
1048,1048,1756522.416112209,5962181.532447495,0.659310322
1049,1049,1753800.2902268,5962217.949565239,-9999.0
1050,1050,1753824.436472525,5962217.519336897,-9999.0
1051,1051,1756465.883093279,5962208.896442948,0.549010982
1052,1052,1754822.475313064,5962190.234294078,-9999.0
1053,1053,1753824.081312464,5962197.587850352,-9999.0
1054,1054,1753210.388621795,5962250.077020045,0.117542251
1055,1055,1753720.28520047,5962199.960138364,-9999.0
1056,1056,1751884.018106143,5962190.36467889,1.114363657
1057,1057,1753804.725959437,5962173.709008294,-9999.0
1058,1058,1753782.65307556,5962152.700047955,-9999.0
1059,1059,1754818.147923688,5962149.22353018,-9999.0
1060,1060,1756285.848120688,5962231.464859408,0.006314955
1061,1061,1754825.233498201,5962119.674069368,-9999.0
1062,1062,1755690.015312912,5962108.541403691,-9999.0
1063,1063,1753661.846424483,5962120.524816553,-9999.0
1064,1064,1754836.668681847,5962102.924135027,-9999.0
1065,1065,1752675.511923556,5962127.908861475,3.615048386
1066,1066,1752599.996320438,5962125.285330836,0.877553776
1067,1067,1752639.328765491,5962119.455018057,-0.16238889
1068,1068,1754808.858127361,5962080.67708904,-9999.0
1069,1069,1752707.38837618,5962107.455794117,3.416478988
1070,1070,1754937.371410765,5962073.231147031,-9999.0
1071,1071,1752566.526067321,5962100.077467023,-0.26024096
1072,1072,1752691.279396172,5962097.871668363,0.053981252
1073,1073,1754883.651115891,5962078.119253371,-9999.0
1074,1074,1754925.357823901,5962058.06495434,-9999.0
1075,1075,1752444.781386339,5962098.105429241,0.021229732
1076,1076,1752501.468203559,5962100.002462944,-0.271830188
1077,1077,1752574.557408325,5962089.765485045,-0.400181805
1078,1078,1753778.099082982,5962069.194227456,-9999.0
1079,1079,1752075.112549618,5962089.031481008,0.670357141
1080,1080,1752711.048299526,5962077.584270721,0.057857143
1081,1081,1754843.768247801,5962039.792149595,-9999.0
1082,1082,1756416.447045351,5962061.499725425,-0.03812253
1083,1083,1754936.486147988,5962037.92727847,-9999.0
1084,1084,1755688.268851027,5962022.752371005,-9999.0
1085,1085,1752383.468242761,5962082.317522918,-0.026677502
1086,1086,1752707.10617584,5962058.300433191,-0.467588783
1087,1087,1754924.055504665,5962018.212431213,-9999.0
1088,1088,1752128.678877058,5962061.272774869,0.518333321
1089,1089,1754935.514606511,5962007.453662421,-9999.0
1090,1090,1752071.188100876,5962072.347038155,0.617684699
1091,1091,1752300.232873976,5962072.912196727,0.178667289
1092,1092,1754843.053177802,5961999.92909663,-9999.0
1093,1093,1756449.904032562,5961976.229915678,0.047171316
1094,1094,1754916.05722706,5961988.44905176,-9999.0
1095,1095,1755044.774997468,5962004.109902662,-9999.0
1096,1096,1752753.759267535,5962046.422015415,1.074725358
1097,1097,1753635.495262781,5962067.877182905,-9999.0
1098,1098,1752227.062103112,5962016.1499314,-0.081636361
1099,1099,1753651.491690607,5961991.113432433,-9999.0
1100,1100,1753635.058393396,5961981.638228573,-9999.0
1101,1101,1752202.406262012,5961996.848234189,-0.044814815
1102,1102,1752774.008446392,5961986.549383474,0.097181823
1103,1103,1754945.645122727,5961967.584828067,-9999.0
1104,1104,1755048.501320806,5961951.213327919,-9999.0
1105,1105,1752754.36288416,5961994.43837466,-0.4138532
1106,1106,1753651.331161523,5961966.194035153,-9999.0
1107,1107,1756451.845854705,5961910.904595465,-0.107375005
1108,1108,1753674.927600364,5961950.820623348,-9999.0
1109,1109,1752813.562796003,5961956.143868305,0.1086506
1110,1110,1752829.496163766,5961946.619818491,0.140185879
1111,1111,1756423.069074514,5961872.248581613,-0.159395973
1112,1112,1752793.019814426,5961944.153723777,-0.397049886
1113,1113,1752828.795080307,5961916.199966568,-0.57085964
1114,1114,1752875.951060239,5961925.181503048,1.861317138
1115,1115,1752841.286396141,5961901.999660344,-0.683978816
1116,1116,1751680.608406222,5961905.746925212,-9999.0
1117,1117,1752120.26096524,5961897.047444302,0.058627451
1118,1118,1752147.890211886,5961898.783186275,-0.024074075
1119,1119,1753729.68830341,5961870.295470099,-9999.0
1120,1120,1754880.613799895,5961849.720637638,-9999.0
1121,1121,1755028.313833321,5961866.234746466,-9999.0
1122,1122,1755508.565899886,5961838.954008633,-9999.0
1123,1123,1752135.920183556,5961888.162172531,0.064642858
1124,1124,1753150.184251514,5961870.426945966,0.473999996
1125,1125,1755492.402070442,5961828.368094048,-9999.0
1126,1126,1756385.065642833,5961812.920473264,-0.180225797
1127,1127,1753101.717060651,5961861.317882323,0.140108787
1128,1128,1754667.566804629,5961833.98580526,-9999.0
1129,1129,1752086.018125154,5961877.698443743,-0.012078273
1130,1130,1754981.276209327,5961818.389794089,-9999.0
1131,1131,1755002.48449621,5961822.727730897,-9999.0
1132,1132,1755464.054990479,5961808.926961631,-9999.0
1133,1133,1752910.602633633,5961866.385820735,0.207504973
1134,1134,1754959.978382718,5961878.635437793,-9999.0
1135,1135,1755749.872136731,5961794.002024515,-9999.0
1136,1136,1753060.573473066,5961848.462245486,-0.314640967
1137,1137,1755423.93434331,5961789.279139127,-9999.0
1138,1138,1755721.191201826,5961775.165578978,-9999.0
1139,1139,1756365.500182215,5961767.157745612,-0.013999994
1140,1140,1751961.431062878,5961837.052926337,-0.123430235
1141,1141,1755379.531129594,5961770.350563404,-9999.0
1142,1142,1755681.813489297,5961769.755608067,-9999.0
1143,1143,1751657.054941719,5961852.929861729,0.62579849
1144,1144,1751933.844004357,5961821.837324259,-0.116315793
1145,1145,1752834.902465422,5961806.434415686,-9999.0
1146,1146,1754937.755824867,5961786.300885768,-9999.0
1147,1147,1755668.082212665,5961755.601405085,-9999.0
1148,1148,1756343.447155143,5961743.977868547,-0.199562502
1149,1149,1752870.392343896,5961799.508411156,-9999.0
1150,1150,1755656.273859429,5961745.183332444,-9999.0
1151,1151,1751772.473635006,5961804.558311176,0.186111111
1152,1152,1751806.251963977,5961811.782197491,0.075356622
1153,1153,1751864.608110314,5961804.567800388,0.000874587
1154,1154,1752665.680939446,5961788.563347195,-9999.0
1155,1155,1752834.620183046,5961781.316073597,-9999.0
1156,1156,1752954.258418751,5961807.500875448,-0.679584477
1157,1157,1751758.739054448,5961792.099265809,0.098105263
1158,1158,1752878.416155189,5961777.684807989,-9999.0
1159,1159,1754916.275207367,5961737.161216434,-9999.0
1160,1160,1756567.002452336,5961772.375814825,0.298678538
1161,1161,1752825.971865094,5961756.748260354,-9999.0
1162,1162,1753707.272834105,5961758.289935224,-9999.0
1163,1163,1754894.557600671,5961720.399436039,-9999.0
1164,1164,1752624.291011036,5961754.566619613,-9999.0
1165,1165,1754805.847368557,5961712.021988036,-9999.0
1166,1166,1756601.06161336,5961703.832959706,0.728437493
1167,1167,1753783.363881978,5961719.805659496,-9999.0
1168,1168,1754788.972143269,5961701.628762511,-9999.0
1169,1169,1755561.612387732,5961696.058331108,-9999.0
1170,1170,1756302.131283522,5961683.258728149,-0.237190475
1171,1171,1751699.337652045,5961750.590293994,-0.127060183
1172,1172,1753499.821776209,5961715.799339773,0.22516149
1173,1173,1754415.569878289,5961698.932344517,-9999.0
1174,1174,1754773.283698512,5961691.941130935,-9999.0
1175,1175,1752849.735665581,5961716.452029143,-9999.0
1176,1176,1755538.983775078,5961668.947497568,-9999.0
1177,1177,1751665.54587391,5961731.729895754,-0.064125475
1178,1178,1755357.18002509,5961661.512942974,-9999.0
1179,1179,1753452.847411792,5961686.33832182,0.109357144
1180,1180,1756278.595321561,5961648.085453849,-0.125913225
1181,1181,1756000.363347601,5961630.557840693,-9999.0
1182,1182,1756623.940386464,5961633.633634103,0.579031245
1183,1183,1752922.510915574,5961686.056152914,-9999.0
1184,1184,1754736.083747223,5961637.778799619,-0.588800626
1185,1185,1751600.979416976,5961658.124321096,-0.302898556
1186,1186,1756339.318344033,5961581.313513696,0.247793333
1187,1187,1751590.565051398,5961647.984914397,-0.283090916
1188,1188,1756375.301850193,5961561.899111534,0.396242077
1189,1189,1753081.688018577,5961618.378909091,0.07715441
1190,1190,1754777.718956934,5961586.009396226,-9999.0
1191,1191,1756390.901400954,5961552.427249033,0.481549548
1192,1192,1756644.249257361,5961548.460923675,0.680312511
1193,1193,1752775.036120284,5961608.117152486,-9999.0
1194,1194,1756049.069568524,5961565.493948633,-9999.0
1195,1195,1751571.051148837,5961627.87120774,-0.28870446
1196,1196,1753064.840031965,5961597.796827606,-0.437787496
1197,1197,1753891.499837214,5961578.112219313,-9999.0
1198,1198,1752854.690792154,5961581.018824062,-9999.0
1199,1199,1752822.619171806,5961567.399313654,-9999.0
1200,1200,1752863.177467049,5961566.278672377,-9999.0
1201,1201,1753091.725572549,5961577.313077718,1.123048547
1202,1202,1753111.739562542,5961560.794747712,4.554333369
1203,1203,1756046.490747364,5961510.095415126,-9999.0
1204,1204,1753909.185285895,5961542.905629973,-0.995384629
1205,1205,1755472.558218015,5961555.586532944,-9999.0
1206,1206,1753125.554245561,5961543.950510628,3.344324304
1207,1207,1754790.504057438,5961515.258584763,-9999.0
1208,1208,1756051.011325187,5961490.231343196,-9999.0
1209,1209,1753111.979745815,5961532.162990859,0.090613345
1210,1210,1753160.073620338,5961521.318975238,4.071056629
1211,1211,1752782.205875146,5961522.528051845,-9999.0
1212,1212,1753087.747097778,5961527.608424893,-0.645257043
1213,1213,1753907.717333146,5961503.831066605,-0.697269493
1214,1214,1755284.698144038,5961478.390741121,-9999.0
1215,1215,1755429.899490627,5961481.74593661,-9999.0
1216,1216,1755473.739299935,5961470.002841204,-9999.0
1217,1217,1753175.83383574,5961501.123307449,2.5775625
1218,1218,1752772.880464605,5961503.806815797,-9999.0
1219,1219,1753147.488783062,5961491.657448509,-0.908085367
1220,1220,1755421.054616512,5961450.286833145,-9999.0
1221,1221,1753187.069522595,5961480.786779837,1.381687941
1222,1222,1755404.792087724,5961441.33757601,-9999.0
1223,1223,1752777.360464382,5961478.86377488,-9999.0
1224,1224,1753171.279199314,5961471.297495425,-0.680196737
1225,1225,1753887.643418222,5961463.538378111,-0.994666696
1226,1226,1752643.798151498,5961470.875301975,-9999.0
1227,1227,1751460.761528391,5961481.4945724,0.368961033
1228,1228,1752734.020438475,5961464.086780882,-9999.0
1229,1229,1751412.347619592,5961472.274203246,0.007307692
1230,1230,1753854.93451426,5961446.500565797,-0.06092055
1231,1231,1753199.350127414,5961439.243976061,-0.659773181
1232,1232,1752699.428965322,5961430.015782051,-9999.0
1233,1233,1753807.974418757,5961423.316674563,-0.554976249
1234,1234,1751367.358558733,5961451.790674439,0.107251184
1235,1235,1752522.19730761,5961423.180931938,-9999.0
1236,1236,1752615.342551395,5961421.917204802,-9999.0
1237,1237,1753136.319070895,5961464.539427716,-0.76231743
1238,1238,1755258.671800242,5961374.184438162,-9999.0
1239,1239,1752641.095453117,5961416.95773304,-9999.0
1240,1240,1753182.201502051,5961406.305906262,-9999.0
1241,1241,1755073.568827287,5961365.654662302,-9999.0
1242,1242,1753769.437451001,5961380.909473665,-9999.0
1243,1243,1752469.229296512,5961404.873131096,-9999.0
1244,1244,1753204.841724416,5961392.672317918,-0.529662336
1245,1245,1755212.436991752,5961373.952227659,-9999.0
1246,1246,1753741.167154145,5961377.8751998,-0.598329394
1247,1247,1752489.125003123,5961373.921132692,-9999.0
1248,1248,1752558.136776838,5961394.874669212,-9999.0
1249,1249,1753696.5415361,5961352.211642492,-9999.0
1250,1250,1756104.344048387,5961321.065491313,-9999.0
1251,1251,1751048.532812765,5961389.084894666,-9999.0
1252,1252,1751169.251717109,5961386.971406315,0.294875006
1253,1253,1751202.037017046,5961393.567724431,0.131518518
1254,1254,1753680.950886619,5961341.134229039,-9999.0
1255,1255,1751158.477999199,5961378.097122063,0.268247422
1256,1256,1755005.303544746,5961315.57838113,-9999.0
1257,1257,1753218.478518757,5961351.372201541,-0.249599305
1258,1258,1756106.729904385,5961279.717801626,-9999.0
1259,1259,1753290.621531822,5961333.580607838,-0.692261107
1260,1260,1754730.098222539,5961303.925526371,-9999.0
1261,1261,1754771.554586215,5961405.763335603,-9999.0
1262,1262,1755051.297154706,5961300.583825642,-9999.0
1263,1263,1753716.140420411,5961302.691721282,-9999.0
1264,1264,1753292.855587851,5961299.869000604,-9999.0
1265,1265,1755164.583654382,5961266.801693854,-9999.0
1266,1266,1750919.003905435,5961330.944148141,0.572089554
1267,1267,1753345.325639634,5961298.735637063,-0.34218557
1268,1268,1754994.96522809,5961254.735033976,-9999.0
1269,1269,1756681.191929135,5961223.862277944,1.038333312
1270,1270,1751038.540962121,5961336.548694598,-0.043399627
1271,1271,1752574.613389372,5961307.750634158,-9999.0
1272,1272,1753313.037772434,5961269.986723389,-9999.0
1273,1273,1752543.691802238,5961272.865938079,-9999.0
1274,1274,1752575.89023018,5961272.699120985,-9999.0
1275,1275,1752599.890909347,5961278.719458004,-9999.0
1276,1276,1753667.920593482,5961288.69031827,-9999.0
1277,1277,1753312.50663663,5961240.089479415,-9999.0
1278,1278,1753663.015490426,5961233.276430919,-9999.0
1279,1279,1753719.778574666,5961233.000261844,-9999.0
1280,1280,1753742.47160874,5961232.057330703,-9999.0
1281,1281,1754709.494577733,5961253.566458839,-0.405482755
1282,1282,1753670.022551591,5961223.177618051,-9999.0
1283,1283,1755081.399521181,5961270.441342426,-9999.0
1284,1284,1752589.350875826,5961249.435351365,-9999.0
1285,1285,1752623.174794143,5961236.206180502,-9999.0
1286,1286,1754649.170392432,5961198.905491606,-9999.0
1287,1287,1755001.848242569,5961194.374552869,-9999.0
1288,1288,1754627.356392846,5961186.139351019,-9999.0
1289,1289,1752590.928610899,5961212.620119914,-9999.0
1290,1290,1754442.078406969,5961179.488229288,-9999.0
1291,1291,1754590.962717447,5961176.822402703,-9999.0
1292,1292,1754465.192860507,5961200.147458598,-9999.0
1293,1293,1754980.06602973,5961171.983700477,-9999.0
1294,1294,1753319.492120622,5961180.152010147,-9999.0
1295,1295,1756718.018909535,5961118.516402688,0.936956502
1296,1296,1752598.447712641,5961182.580605024,-9999.0
1297,1297,1754512.872516007,5961154.987515264,-0.906641552
1298,1298,1754530.279823352,5961148.059677912,-0.901816345
1299,1299,1754980.937733713,5961134.936156427,-9999.0
1300,1300,1756143.691215971,5961113.796529863,-9999.0
1301,1301,1753349.81286542,5961174.028315532,0.386670422
1302,1302,1753721.530148692,5961150.091854518,-1.0
1303,1303,1753756.417770996,5961102.011704537,-9999.0
1304,1304,1754502.649634647,5961093.859990113,-0.885258102
1305,1305,1753772.246805888,5961086.776265189,-0.995285698
1306,1306,1756105.687727629,5961067.865410615,-0.54240475
1307,1307,1754938.884961577,5961072.140729467,-9999.0
1308,1308,1754934.513291576,5961031.095381727,-9999.0
1309,1309,1752768.890825474,5961086.700118634,-9999.0
1310,1310,1752848.35419777,5961071.919514556,-9999.0
1311,1311,1753362.596605012,5961078.408325908,-0.399229762
1312,1312,1753790.335032637,5961055.279997191,-0.959590963
1313,1313,1754508.004912112,5961018.581591518,-9999.0
1314,1314,1755115.068948005,5961008.114891779,-9999.0
1315,1315,1751937.347579126,5961062.304341305,0.330903231
1316,1316,1753374.082418247,5961029.467806694,-9999.0
1317,1317,1753454.950176396,5961053.03628641,-0.033300562
1318,1318,1753680.794525288,5961027.859694056,-0.570497815
1319,1319,1753767.157466625,5961027.053422359,-0.541020517
1320,1320,1754508.31356862,5960999.132620955,-0.948000038
1321,1321,1756112.882005513,5960980.118207074,-0.821872432
1322,1322,1752930.347136595,5961031.676281819,-9999.0
1323,1323,1753392.340759269,5961009.003205024,-9999.0
1324,1324,1753633.927900733,5961004.504166557,-9999.0
1325,1325,1753740.579602159,5961007.958340259,-0.555478971
1326,1326,1754502.602415527,5960989.38432389,-0.984285755
1327,1327,1756120.64523689,5960959.872051814,-0.779800005
1328,1328,1756148.805659746,5960959.012039601,-0.540672282
1329,1329,1752954.132496159,5961020.621076513,-9999.0
1330,1330,1754910.753885524,5960995.322465569,-9999.0
1331,1331,1756204.965128156,5960948.376992866,-0.068079498
1332,1332,1756255.594164917,5960945.284378404,0.378787874
1333,1333,1753641.033827818,5960984.439815022,-9999.0
1334,1334,1755999.231273232,5960932.361895472,-9999.0
1335,1335,1753609.991729841,5960980.836834203,-0.878747475
1336,1336,1756254.0476655,5960917.629453997,0.296666672
1337,1337,1755878.156977666,5960914.611786738,-9999.0
1338,1338,1754461.22636711,5960941.407521673,-0.954044477
1339,1339,1753390.923534977,5960929.277178317,-9999.0
1340,1340,1753442.516165853,5960937.81388354,-0.038593108
1341,1341,1754436.446819836,5960907.930667975,-0.947000042
1342,1342,1753594.162928843,5960942.054178791,-9999.0
1343,1343,1754879.341420471,5960872.581964738,-9999.0
1344,1344,1753378.050825769,5960894.725169097,-9999.0
1345,1345,1754871.114586991,5960862.760632883,-9999.0
1346,1346,1754247.689450026,5960864.542619136,-9999.0
1347,1347,1756284.193627105,5960824.01270771,0.393309396
1348,1348,1753027.794674328,5960870.725705863,-9999.0
1349,1349,1753356.888496632,5960849.929719988,-9999.0
1350,1350,1754410.912503903,5960840.662862593,-0.888754115
1351,1351,1754866.375812067,5960822.969729304,-9999.0
1352,1352,1753442.27597735,5960843.224728909,-0.412377694
1353,1353,1754383.153860923,5960828.528203831,-0.930175589
1354,1354,1753606.533060942,5960815.689801494,-9999.0
1355,1355,1756145.637115107,5960760.03441443,-0.203626012
1356,1356,1754388.331524438,5960777.474463912,-0.930857156
1357,1357,1754841.847184534,5960784.505316054,-9999.0
1358,1358,1753608.386739711,5960793.19486085,-9999.0
1359,1359,1754438.78929569,5960770.819597631,-0.859964291
1360,1360,1756100.570405264,5960740.188938731,-0.269960775
1361,1361,1756233.480319613,5960744.806610957,0.132
1362,1362,1754398.808702267,5960762.150257643,-9999.0
1363,1363,1755532.879930666,5960731.229385634,-9999.0
1364,1364,1756081.479555021,5960725.240028838,-0.24833333
1365,1365,1753355.14909375,5960793.197784103,-9999.0
1366,1366,1753376.485354505,5960777.147241852,-0.942575785
1367,1367,1754820.326520252,5960724.10620129,-9999.0
1368,1368,1755465.86148334,5960721.023988698,-9999.0
1369,1369,1754808.076051765,5960714.357151126,-9999.0
1370,1370,1756042.460525682,5960704.182362525,-0.158894731
1371,1371,1753620.702623652,5960744.494348796,-9999.0
1372,1372,1756013.191735311,5960686.027590543,-0.186660438
1373,1373,1756332.64835875,5960674.5141512,0.689999998
1374,1374,1754803.695350045,5960694.497634013,-9999.0
1375,1375,1753461.97475419,5960766.00397925,0.48820247
1376,1376,1754459.727677235,5960702.349125449,-9999.0
1377,1377,1754775.122499777,5960688.888510492,-9999.0
1378,1378,1753412.751958485,5960696.015314398,-9999.0
1379,1379,1754786.477503981,5960664.89956242,-9999.0
1380,1380,1755477.81376811,5960653.084858957,-9999.0
1381,1381,1755826.526293656,5960673.907380673,-9999.0
1382,1382,1753426.7126876,5960669.248122126,-9999.0
1383,1383,1755445.999856475,5960633.104749208,-9999.0
1384,1384,1755470.322776979,5960640.553854623,-9999.0
1385,1385,1753410.104880651,5960649.806803512,-9999.0
1386,1386,1754592.857038154,5960608.556982152,-0.762029993
1387,1387,1753475.129786574,5960639.80766664,0.752505987
1388,1388,1754740.560669698,5960636.111546619,-0.292380774
1389,1389,1753630.824202178,5960636.421546882,-0.99344442
1390,1390,1753510.271919897,5960606.884849653,0.347028264
1391,1391,1754667.557086509,5960584.445853092,0.276095099
1392,1392,1753009.492306934,5960595.244474057,-9999.0
1393,1393,1753562.18639734,5960592.071171057,0.427400808
1394,1394,1754709.846858598,5960578.546881798,-0.75145
1395,1395,1755413.091468917,5960561.175499109,-9999.0
1396,1396,1753095.348284168,5960585.615254009,-9999.0
1397,1397,1753488.496335285,5960589.573395377,-0.632330431
1398,1398,1754656.50083597,5960557.370310524,-0.243535715
1399,1399,1753015.120301395,5960576.868371473,-9999.0
1400,1400,1753086.792296505,5960575.395786825,-9999.0
1401,1401,1753612.545500382,5960570.246357094,-0.498045966
1402,1402,1754691.135123554,5960556.649733925,-0.858596925
1403,1403,1754110.098501872,5960559.050628124,-9999.0
1404,1404,1754621.310755598,5960563.508717557,-0.161341478
1405,1405,1754776.534073191,5960535.682277882,-9999.0
1406,1406,1753050.82705602,5960556.88137753,-9999.0
1407,1407,1755427.14392284,5960579.048300868,-9999.0
1408,1408,1752976.145787624,5960546.676909569,-9999.0
1409,1409,1754511.007925363,5960500.364411436,-9999.0
1410,1410,1754557.900781654,5960454.664100275,-0.225299997
1411,1411,1754529.289593244,5960430.254154205,-0.132955541
1412,1412,1754501.105073101,5960420.588754374,-0.944999993
1413,1413,1755377.900651933,5960395.074752756,-9999.0
1414,1414,1754524.667398446,5960400.510484274,-0.737250021
1415,1415,1754713.57258543,5960467.496252542,-0.886534241
1416,1416,1754737.799351459,5960386.641026056,-9999.0
1417,1417,1754761.538263169,5960413.730914533,-9999.0
1418,1418,1754797.457136073,5960355.865041257,-9999.0
1419,1419,1753090.178646095,5960379.484663652,-9999.0
1420,1420,1754475.377466605,5960341.498842484,-0.404128185
1421,1421,1754495.511591257,5960361.788297493,-0.813774518
1422,1422,1754739.324090696,5960350.342643288,-0.8188
1423,1423,1755400.403688177,5960332.604924208,-9999.0
1424,1424,1753058.159425901,5960373.689752877,-9999.0
1425,1425,1754466.171474019,5960576.531074316,-0.580873411
1426,1426,1754467.152015508,5960331.677143516,-0.113900007
1427,1427,1754756.472139841,5960321.507653409,-9999.0
1428,1428,1755404.539613929,5960309.858199388,-9999.0
1429,1429,1755424.229065227,5960294.751154895,-9999.0
1430,1430,1754756.308122338,5960296.588115956,-0.866999984
1431,1431,1753106.590010432,5960321.038883324,-9999.0
1432,1432,1754763.589571137,5960286.488501952,-9999.0
1433,1433,1753122.407700144,5960296.037100831,-9999.0
1434,1434,1753319.826391656,5960292.913790371,-9999.0
1435,1435,1753121.887961407,5960275.907335749,-9999.0
1436,1436,1754455.925281807,5960286.026856065,-0.204540432
1437,1437,1755422.972274794,5960224.99057009,-9999.0
1438,1438,1753458.955190123,5960235.026935381,-9999.0
1439,1439,1753828.969703518,5960213.684865043,-9999.0
1440,1440,1753311.234134565,5960217.234382394,-9999.0
1441,1441,1754758.975196726,5960224.812034925,-0.822056134
1442,1442,1753321.802804834,5960192.404255978,-9999.0
1443,1443,1754520.287767443,5960161.454149765,-9999.0
1444,1444,1752999.258896198,5960169.488783399,-0.664673916
1445,1445,1754773.878683908,5960151.81656477,-9999.0
1446,1446,1752866.17667985,5960148.724413948,0.125348171
1447,1447,1753892.17022443,5960137.589405894,-9999.0
1448,1448,1755651.176257298,5960110.664914618,-9999.0
1449,1449,1752930.312133978,5960139.741047475,-0.212087496
1450,1450,1753872.043562857,5960113.610181734,-9999.0
1451,1451,1754663.881793661,5960096.588850067,-9999.0
1452,1452,1755460.342706991,5960270.409020043,-9999.0
1453,1453,1752823.566066662,5960129.321908377,0.153240581
1454,1454,1752768.803277305,5960108.153578076,0.110438597
1455,1455,1752729.452118839,5960092.609494659,0.115639345
1456,1456,1754750.020055339,5960070.307584293,-0.81014285
1457,1457,1755435.467600028,5960024.982344876,-9999.0
1458,1458,1753174.164620596,5960055.864652737,-9999.0
1459,1459,1752643.029456814,5960044.932204984,0.494233769
1460,1460,1752692.603514129,5960067.06415429,0.180017635
1461,1461,1753189.896954276,5960035.245088071,-9999.0
1462,1462,1754765.752009501,5960006.861414249,-9999.0
1463,1463,1752730.461919517,5960023.65504976,-0.103862746
1464,1464,1753427.174575757,5960016.276002572,-0.993518529
1465,1465,1755566.060475998,5959969.492472551,-9999.0
1466,1466,1753465.682738511,5959993.991685519,-0.9912735
1467,1467,1754687.692923067,5960010.188431515,-0.467453399
1468,1468,1752742.887076148,5959993.037285971,-0.04814121
1469,1469,1753486.372118955,5959950.424914856,-0.986974351
1470,1470,1754279.399877265,5959936.86212852,-9999.0
1471,1471,1753481.496715341,5959943.925547614,-0.990999967
1472,1472,1755444.876252221,5959917.486270125,-9999.0
1473,1473,1752713.04111944,5959952.696228369,0.009540213
1474,1474,1753501.950837261,5959936.608050955,-0.979740487
1475,1475,1752640.604445854,5959908.485023918,0.209666669
1476,1476,1753212.825862577,5959899.806585449,0.109062232
1477,1477,1753566.605713769,5959907.296472213,-9999.0
1478,1478,1753094.689801004,5959877.283575298,-0.418065427
1479,1479,1753653.477946838,5959875.099188828,-9999.0
1480,1480,1753080.209775202,5959868.55976654,-0.369500001
1481,1481,1753106.871379985,5959870.285299059,-0.369843745
1482,1482,1752689.730199409,5959874.034354497,0.245478419
1483,1483,1752764.741489104,5959866.420902712,0.131148935
1484,1484,1753665.184020159,5959848.428686874,-9999.0
1485,1485,1753685.762182377,5959847.185471945,-9999.0
1486,1486,1753038.124434221,5959858.570554678,-0.309484216
1487,1487,1753193.552823432,5959854.279360809,1.286800003
1488,1488,1752998.085419307,5959837.02322524,-0.194583689
1489,1489,1753862.093845998,5959814.336349927,-9999.0
1490,1490,1752977.111823704,5959829.873980721,-0.155475206
1491,1491,1752956.759115717,5959813.605149443,-0.084589283
1492,1492,1753781.992710117,5959809.368782361,-9999.0
1493,1493,1753966.706710543,5959781.35228135,-9999.0
1494,1494,1754002.354852123,5959771.756284907,-9999.0
1495,1495,1754015.195578447,5959745.494405846,-0.950064561
1496,1496,1752917.209653114,5959754.511099942,0.156466668
1497,1497,1755503.930074179,5959861.996999084,-9999.0
1498,1498,1755469.512678038,5959668.32912855,-9999.0
1499,1499,1754067.138877413,5959609.447482072,-9999.0
1500,1500,1753718.903302529,5959448.564130923,-0.85347272
1501,1501,1753967.095167091,5959383.797562762,-9999.0
1502,1502,1753982.47566686,5959343.647123653,-9999.0
1503,1503,1755314.516350695,5959310.175619459,-9999.0
1504,1504,1753977.36593476,5959273.754411216,-9999.0
1505,1505,1753877.229883026,5959257.698133542,-9999.0
1506,1506,1753879.132229388,5959412.631810089,-0.723362495
1507,1507,1754042.659949747,5959183.049380358,-9999.0
1508,1508,1755410.131441,5959117.431515596,-9999.0
1509,1509,1755290.614688509,5959049.918168294,-9999.0
1510,1510,1754070.043885275,5959102.797878554,-0.873623551
1511,1511,1755377.03028255,5959292.451904585,-9999.0
1512,1512,1755379.735621297,5959052.672856155,-9999.0
1513,1513,1755352.872342,5959005.379940304,-9999.0
1514,1514,1753940.889523325,5959005.177256715,-0.268597044
1515,1515,1754008.608829053,5959004.235612955,-9999.0
1516,1516,1755381.717131968,5959000.024608662,-9999.0
1517,1517,1755335.801189624,5958960.492767504,-9999.0
1518,1518,1755391.325778494,5958937.728839234,-9999.0
1519,1519,1755376.92121831,5958881.512569653,-9999.0
1520,1520,1755345.517925905,5958780.138673324,-9999.0
1521,1521,1753938.485994894,5958778.137508915,-9999.0
1522,1522,1755387.133713383,5958765.121593528,-9999.0
1523,1523,1755374.919884238,5958724.710343263,-9999.0
1524,1524,1753943.846105533,5958730.272600152,-9999.0
1525,1525,1754102.045416218,5958728.86521859,-0.883929527
1526,1526,1753981.503111459,5958899.881607619,-0.257331326
1527,1527,1754048.07784386,5958712.322182199,-0.887666722
1528,1528,1754159.122368035,5958710.12010303,-9999.0
1529,1529,1755424.431283645,5958686.879303294,-9999.0
1530,1530,1754201.798406798,5958671.366021098,-0.78365
1531,1531,1754247.850160401,5958626.480954191,-9999.0
1532,1532,1754267.324121895,5958610.619542662,-9999.0
1533,1533,1754321.342688909,5958490.226158795,-9999.0
1534,1534,1754326.657135149,5958407.57627277,-9999.0
1535,1535,1754296.912823108,5958488.916251956,-0.670465544
1536,1536,1754303.092253922,5958360.754644065,-9999.0
1537,1537,1754254.686228525,5958346.245041535,0.646759686
1538,1538,1754242.445171131,5958331.809004864,0.07909091
1539,1539,1754281.167179144,5958321.957438668,-0.850333333
1540,1540,1754257.490540854,5958201.715573941,-9999.0
1541,1541,1754268.258850591,5958060.248544702,-9999.0
1542,1542,1754285.999585991,5957979.486693001,-9999.0
1543,1543,1754305.836696428,5957909.174534411,-9999.0
1544,1544,1754360.151406229,5957812.709892928,-9999.0
1545,1545,1754971.205200789,5957786.615797409,-9999.0
1546,1546,1754413.431739456,5957705.565964158,-9999.0
1547,1547,1754928.029807681,5957699.662243719,-9999.0
1548,1548,1754906.930397493,5957662.441851155,-9999.0
1549,1549,1754873.654672568,5957642.722734923,-9999.0
1550,1550,1754890.964968637,5957635.765792956,-9999.0
1551,1551,1754792.851616482,5957624.236108154,-9999.0
1552,1552,1754856.388972852,5957618.856931147,-9999.0
1553,1553,1754563.965351892,5957667.09111072,-0.892121936
1554,1554,1754811.823909978,5957600.382749671,-9999.0
1555,1555,1754832.101326374,5957593.048592214,-9999.0
1556,1556,1754938.039844025,5957605.087987031,-9999.0
