OID,FID_,X,Y,BCE_Port_F
0,0,1809295.541316825,5998164.49991603,-0.097631785
1,1,1808935.415702889,5998051.890758128,-9999.0
2,2,1808656.602670276,5998001.264281594,-0.283250006
3,3,1808671.476968394,5998003.288794249,-0.891772766
4,4,1808647.85368177,5997992.303510658,-0.32515217
5,5,1808637.837727698,5997974.176448825,-0.6595
6,6,1808626.990714887,5997964.058896164,-0.495723877
7,7,1809711.918223191,5997878.654314077,-0.926333275
8,8,1808643.477908854,5997829.262438562,0.120233343
9,9,1808650.548030032,5997804.347957136,-0.089541633
10,10,1808639.105397988,5997880.808868278,0.050472766
11,11,1808658.155826542,5997784.222027491,-0.686285703
12,12,1808652.063996162,5997743.5558097,-0.928884586
13,13,1808755.630256496,5997632.312338538,0.886349685
14,14,1808806.74444786,5997571.258227894,2.426676943
15,15,1808806.267959163,5997551.325383476,0.083349977
16,16,1808720.531804597,5997643.689277854,0.335736232
17,17,1808814.113458831,5997541.165795526,-0.896533418
18,18,1808771.789911807,5997462.400919081,-9999.0
19,19,1808765.935065391,5997443.000172574,-9999.0
20,20,1810460.263574395,5997371.672327229,2.967095867
21,21,1810495.0777946,5997329.78941909,-0.145730534
22,22,1811072.274193716,5997204.96461503,-0.769727265
23,23,1808648.004973311,5997246.376856274,-0.996999979
24,24,1811078.208232645,5997192.566354435,-9999.0
25,25,1808410.171791798,5997221.735440513,-9999.0
26,26,1810963.400016006,5997115.56220967,-0.308284804
27,27,1810979.170572814,5997108.556482871,-0.704820199
28,28,1811702.106852049,5996893.255297574,-0.201200021
29,29,1811722.584844354,5996882.57381576,-0.501440936
30,30,1811745.637884002,5996871.010745373,-0.253978499
31,31,1811762.905423946,5996849.261954095,-0.351749991
32,32,1811779.480131987,5996811.817635661,-0.198912285
33,33,1811792.559732303,5996786.428357278,-9999.0
34,34,1811795.947303448,5996770.109010519,-0.537049994
35,35,1809991.549145448,5996725.13740663,-9999.0
36,36,1809975.024101253,5996710.576382686,-0.639526293
37,37,1809999.135501811,5996704.283339054,0.092547185
38,38,1810247.199990179,5996704.560343531,-9999.0
39,39,1810015.078774521,5996694.654864454,-0.650455716
40,40,1810273.728996656,5996688.430919202,-9999.0
41,41,1810043.934289869,5996700.640346879,-0.918781783
42,42,1810277.72099339,5996665.48639226,-9999.0
43,43,1811508.454025644,5996578.106475854,0.016470573
44,44,1811577.175190563,5996577.16886256,-9999.0
45,45,1810045.252457267,5996604.179796292,-9999.0
46,46,1811484.189515421,5996572.712458394,0.964076947
47,47,1811544.767528292,5996577.027521206,0.520352534
48,48,1811580.492149032,5996547.171823921,-0.460295778
49,49,1811588.333400941,5996537.009518561,-0.236849999
50,50,1811731.680181797,5996576.468383135,-0.651576236
51,51,1811631.20111943,5996547.985429041,-0.437572377
52,52,1811255.570343229,5996596.869093833,0.130202108
53,53,1810877.114053466,5996470.264763074,-9999.0
54,54,1810682.949627538,5996177.033344312,-9999.0
55,55,1810978.063221171,5995714.104996844,-0.570324996
56,56,1810976.751252437,5995684.219808968,-9999.0
57,57,1810969.017933003,5995674.434366126,-9999.0
58,58,1810959.519529626,5995630.301824652,-0.349452803
59,59,1810748.399987416,5995580.040825658,-9999.0
60,60,1812459.827435737,5995465.389891105,-0.426376055
61,61,1812263.906851958,5995383.762952658,-0.8609655
62,62,1810339.728845569,5995399.69771991,-9999.0
63,63,1812197.695030203,5995345.483241651,-0.943999968
64,64,1812459.168085485,5995344.570029297,-0.759181966
65,65,1810395.438852065,5995353.527459148,0.798365652
66,66,1810450.726724529,5995307.999507405,-9999.0
67,67,1811274.987659612,5995301.728630275,-9999.0
68,68,1810458.5678592,5995297.838326693,-0.877999984
69,69,1810474.490622136,5995287.48214929,0.083905701
70,70,1810483.280345357,5995306.444019439,-9999.0
71,71,1811249.273651273,5995282.161657825,-9999.0
72,72,1810488.116150188,5995274.428423352,-0.765305054
73,73,1810522.303446809,5995270.76404732,-9999.0
74,74,1810506.095879233,5995256.803014265,-0.689105236
75,75,1812156.211578757,5995247.335115865,-0.795228534
76,76,1812154.484427571,5995206.920402157,-9999.0
77,77,1810529.859570267,5995236.285490704,-9999.0
78,78,1810541.758341662,5995245.655579938,-9999.0
79,79,1810537.46035713,5995216.157570913,-0.754999961
80,80,1812322.984491638,5995152.961107926,-9999.0
81,81,1811999.090852871,5995130.79784171,-0.7404545
82,82,1811187.249697837,5995144.926824791,-9999.0
83,83,1811990.704490454,5995121.110789248,-0.96307694
84,84,1811986.614044934,5995101.618369197,-0.792133794
85,85,1812005.990628254,5995085.874059386,-0.235923037
86,86,1810239.225669428,5995149.656815686,-9999.0
87,87,1812015.95759689,5995097.719310558,-9999.0
88,88,1809265.803656557,5995127.073038234,-9999.0
89,89,1807325.461898981,5995163.406952451,-9999.0
90,90,1809281.138088174,5995116.73321025,-9999.0
91,91,1807269.671400558,5995155.351314984,-0.204599973
92,92,1807281.983299974,5995167.704767353,0.513437543
93,93,1812012.982859834,5995040.828344661,-9999.0
94,94,1809281.249501575,5995096.786176573,-9999.0
95,95,1807333.555938208,5995132.329883894,-0.573130032
96,96,1809272.451184188,5995067.080746809,-9999.0
97,97,1807395.661632276,5995122.132835529,-9999.0
98,98,1807421.904851583,5995104.654326038,-9999.0
99,99,1807477.937048983,5995089.979966632,-0.705799949
100,100,1809287.228439286,5995061.676065419,-9999.0
101,101,1807493.862570949,5995079.629164488,-0.436727246
102,102,1807655.469662636,5995075.058733384,-9999.0
103,103,1807663.331041665,5995065.626791573,-0.98299998
104,104,1809287.657913708,5995026.827501805,-9999.0
105,105,1809309.970155478,5995029.708047324,-9999.0
106,106,1807528.89502647,5995092.181035573,-0.671625351
107,107,1807646.931557086,5995056.044884343,-9999.0
108,108,1809295.500032352,5995016.667294504,-0.512599947
109,109,1809327.825114339,5995015.891730697,-9999.0
110,110,1807654.775600373,5995045.886115133,2.213123105
111,111,1807686.903349423,5995049.501215663,-0.754333278
112,112,1809303.34225176,5995006.506840154,-9999.0
113,113,1807670.698634764,5995036.216181556,-9999.0
114,114,1809319.265792214,5994996.152917891,-0.879285663
115,115,1810573.038541608,5995087.510310743,0.081173149
116,116,1807727.11121912,5995024.322843627,-9999.0
117,117,1809335.189173162,5994985.798691551,-0.715285669
118,118,1809353.605516582,5994995.416404841,-9999.0
119,119,1810587.778410301,5994955.665033087,-9999.0
120,120,1807705.980103075,5995032.322641683,-9999.0
121,121,1811897.610166948,5994912.725375864,-9999.0
122,122,1807763.870069995,5995019.718965512,1.044438183
123,123,1809350.873489742,5994965.478498513,-9999.0
124,124,1807809.47687565,5995002.487996818,3.221803286
125,125,1810579.095843524,5994930.944051218,-9999.0
126,126,1811756.037542718,5994892.550631863,-9999.0
127,127,1807847.300313463,5994981.471063931,-0.29827268
128,128,1809369.981376067,5994962.481323033,-0.745888847
129,129,1809455.450574039,5994943.024890378,-9999.0
130,130,1807855.14396169,5994971.312456595,-0.207914289
131,131,1809162.746465947,5994942.610788901,-9999.0
132,132,1809390.681572563,5994939.592608425,0.497518563
133,133,1809410.764892323,5994934.124831908,-9999.0
134,134,1810554.251184043,5994906.612684,-0.785666658
135,135,1811713.404393162,5994873.768191937,-9999.0
136,136,1807871.068924397,5994960.960905284,-0.214023778
137,137,1808703.425794558,5994941.096229253,-9999.0
138,138,1809446.891245846,5994923.28579003,1.036719342
139,139,1809467.213396193,5994927.784242216,-9999.0
140,140,1810553.770057442,5994886.680016301,-0.71086667
141,141,1808711.030154677,5994920.970103149,0.264666716
142,142,1809454.613366307,5994908.142272795,-9999.0
143,143,1808674.537555982,5994933.319616735,-9999.0
144,144,1809470.416750015,5994892.804921413,-9999.0
145,145,1809486.339775964,5994882.450558874,-0.330999961
146,146,1809494.181650494,5994872.289915721,-9999.0
147,147,1808007.00543149,5994897.162896554,-9999.0
148,148,1808014.747501191,5994882.74741755,-9999.0
149,149,1809520.719029791,5994875.048024489,-0.427866643
150,150,1808026.512975355,5994867.508609184,-9999.0
151,151,1809525.549146743,5994831.648418129,-0.363634099
152,152,1808010.113252231,5994857.927700213,-9999.0
153,153,1808046.47793473,5994857.060518915,-9999.0
154,154,1809541.471980528,5994821.294023708,-0.643243854
155,155,1810583.930710051,5994796.201856428,-0.759272712
156,156,1808053.731932324,5994846.915790753,-9999.0
157,157,1809557.394821433,5994810.939276148,-0.191759992
158,158,1807997.516498945,5994838.283848062,-0.708576898
159,159,1810599.371309647,5994765.912472212,0.099053586
160,160,1808045.527705066,5994817.19504561,-9999.0
161,161,1810589.466842645,5994829.933013835,-0.282315766
162,162,1807919.136483057,5994928.554879488,-0.46918916
163,163,1808029.127851607,5994807.614212919,-0.653823481
164,164,1808020.809302201,5994797.840441303,-0.600648679
165,165,1809588.522103532,5994760.331069114,-0.495666624
166,166,1809594.986682816,5994791.608956712,-0.37687426
167,167,1809596.363748518,5994750.170557766,-0.529185138
168,168,1808020.334177728,5994777.90764977,-0.610545507
169,169,1808508.492017795,5994767.027875623,-9999.0
170,170,1809612.286365633,5994739.815945132,-0.324741893
171,171,1808740.810279923,5994848.845134364,-0.359624957
172,172,1809628.209148312,5994729.46115353,0.264303064
173,173,1810597.338956008,5994706.128087357,-9999.0
174,174,1808714.543765308,5994733.412776048,0.152000039
175,175,1809126.471866299,5994711.58258763,-0.862999976
176,176,1809143.902204057,5994711.63446782,-0.30524995
177,177,1809699.979810042,5994687.848124533,0.231153892
178,178,1809659.953849253,5994714.667122551,0.759576606
179,179,1809715.902327077,5994677.493465509,0.064492548
180,180,1808936.461836343,5994692.936937945,-9999.0
181,181,1812212.677317353,5994607.162595659,-9999.0
182,182,1808756.54702352,5994699.190527722,-9999.0
183,183,1809729.456621984,5994689.194733727,-9999.0
184,184,1810579.842237538,5994626.772042261,-0.752999961
185,185,1808106.848078956,5994676.124381249,-0.799708329
186,186,1808943.210515123,5994655.788878352,-9999.0
187,187,1808712.675655738,5994651.68373338,-0.591782571
188,188,1808078.972196453,5994729.808133936,-0.250430361
189,189,1808898.13860356,5994637.475294169,-9999.0
190,190,1808926.579917263,5994636.593367212,-0.796571392
191,191,1810587.321703349,5994601.660823007,-0.53373806
192,192,1810598.879071612,5994640.204788761,0.070607891
193,193,1808130.377593877,5994645.647031965,-0.902599955
194,194,1808170.764632034,5994643.956525271,-9999.0
195,195,1810603.122771831,5994586.321122132,-0.578666625
196,196,1810643.527134298,5994585.346007687,-9999.0
197,197,1810756.642044948,5994581.887880879,-9999.0
198,198,1808720.187225332,5994628.871580313,-9999.0
199,199,1810619.044070848,5994575.964602933,-0.474499949
200,200,1810772.580837464,5994572.257647195,-9999.0
201,201,1808162.22548566,5994624.943021032,-0.926684213
202,202,1808243.033742321,5994623.015296538,-9999.0
203,203,1808386.781243206,5994616.148077482,-9999.0
204,204,1808727.883983479,5994611.431578313,-9999.0
205,205,1809010.466354682,5994605.14711454,0.660851892
206,206,1810634.965320059,5994565.608091176,-0.888499945
207,207,1810748.097470158,5994562.876553265,-0.556741893
208,208,1808178.149590826,5994614.591044532,-0.883764686
209,209,1808380.170160278,5994609.769377719,-9999.0
210,210,1808703.522056183,5994607.028197955,-0.055735842
211,211,1808735.726350864,5994601.272014172,-9999.0
212,212,1810678.271420792,5994568.529392052,-0.05977643
213,213,1810764.018351926,5994552.520044313,-0.872999966
214,214,1808743.568442727,5994591.11238584,-9999.0
215,215,1809018.875579049,5994692.257099969,-0.561852625
216,216,1811988.029310501,5994512.898908228,-9999.0
217,217,1808199.799165969,5994601.482322664,-0.89242856
218,218,1810771.738367885,5994537.375091312,-0.497699949
219,219,1811967.585031364,5994503.422851207,-9999.0
220,220,1808214.575865879,5994616.220156677,-0.897799969
221,221,1808299.589201049,5994588.461091057,-9999.0
222,222,1809870.132257825,5994535.458989483,-9999.0
223,223,1808282.135791079,5994562.441047774,-0.449457624
224,224,1808314.15034305,5994561.729384685,-9999.0
225,225,1808297.945912768,5994553.700120772,-0.980111122
226,226,1809838.037510118,5994519.749145965,-9999.0
227,227,1809766.311960149,5994551.347459409,-0.759796393
228,228,1808746.808177772,5994538.219497193,-0.677818371
229,229,1810791.644561362,5994490.781319408,-0.906285673
230,230,1812398.347305099,5994337.596277421,-0.498628213
231,231,1812349.617096032,5994288.637611022,-0.971333345
232,232,1811573.903624885,5994273.640563952,-9999.0
233,233,1811537.29922785,5994264.555864833,-0.603153817
234,234,1811565.339806464,5994253.903533486,-0.700263111
235,235,1811587.525976781,5994260.585252545,-9999.0
236,236,1811597.42046529,5994243.153557896,-9999.0
237,237,1811489.187121615,5994277.674217981,-9999.0
238,238,1811596.574547934,5994208.270852491,0.492086461
239,239,1811616.886456679,5994210.694915721,-9999.0
240,240,1810585.907114921,5994207.783417545,-9999.0
241,241,1811604.171727241,5994188.141914027,0.575878076
242,242,1811611.889723768,5994172.996208554,-0.579877999
243,243,1812104.803492904,5994161.027587661,-9999.0
244,244,1812108.359114158,5994140.996477232,-0.779999952
245,245,1812152.802239329,5994139.915896839,-0.764899966
246,246,1812025.874812079,5994151.250732677,-0.072517913
247,247,1812071.754603295,5994131.914060147,-0.579458336
248,248,1812211.400179959,5994138.703178397,-0.520017831
249,249,1811952.666590945,5994137.031987328,-0.796999956
250,250,1811918.646585597,5994117.609353802,-9999.0
251,251,1810575.591140899,5994165.777929085,-0.568846549
252,252,1810575.897286357,5994128.253881709,-0.634421045
253,253,1811876.496469581,5994093.946831329,-9999.0
254,254,1811836.978794389,5994068.888626895,-9999.0
255,255,1811818.086566903,5994058.646012999,-9999.0
256,256,1811674.243286278,5994093.508635802,-0.495833185
257,257,1811781.311781602,5994050.204935643,-0.970999986
258,258,1810600.133790233,5994061.960722086,-0.427391421
259,259,1810597.732701745,5994028.004391093,-0.328746826
260,260,1810630.054673292,5994027.223929515,-9999.0
261,261,1810605.572754803,5994017.842668172,-0.400168983
262,262,1810621.492865493,5994007.486123757,-0.516611084
263,263,1810645.85435251,5994011.883899696,-9999.0
264,264,1810637.412915361,5993997.12945488,-0.823214246
265,265,1810653.573664236,5993996.739216696,-9999.0
266,266,1810660.823890452,5993986.591979911,-9999.0
267,267,1810652.851646597,5993966.839879266,-0.655975621
268,268,1810668.892127651,5993961.466509262,-9999.0
269,269,1810660.450559512,5993946.712082769,-0.760621574
270,270,1810676.491174256,5993941.338388276,-9999.0
271,271,1810667.929465388,5993921.600682446,-0.710730725
272,272,1810685.828333877,5993883.923601769,-0.886090867
273,273,1810268.930441095,5993813.359816085,-9999.0
274,274,1810236.531996937,5993759.092882436,-0.676071876
275,275,1810234.511346094,5993717.652132517,-0.725399973
276,276,1810250.082079591,5993717.276907986,-9999.0
277,277,1811584.115696522,5993682.313352127,-9999.0
278,278,1810244.64412551,5993690.815152003,-9999.0
279,279,1810236.550804611,5993638.573583086,-9999.0
280,280,1810217.078596317,5993524.30537981,-0.652863233
281,281,1809873.234112923,5993487.017283231,0.268937544
282,282,1812857.267169655,5993195.118922886,-0.034107145
283,283,1809908.116640739,5993256.816884557,-0.74883868
284,284,1809903.157094148,5993397.17901254,0.436549013
285,285,1809915.836659587,5993241.672833058,-0.494727894
286,286,1809948.15507777,5993240.894813818,-9999.0
287,287,1809931.636148347,5993226.333946926,-0.72048483
288,288,1809967.994524745,5993225.458722092,-9999.0
289,289,1809979.873865666,5993215.200807651,-9999.0
290,290,1809950.251597256,5993213.853493335,-0.610267722
291,291,1809971.314449076,5993195.462192584,-0.568815756
292,292,1809996.647058544,5993196.163857251,-9999.0
293,293,1809986.993540152,5993175.140208011,-0.450849996
294,294,1810011.232273306,5993174.556683139,-9999.0
295,295,1810010.272290883,5993134.691056368,-0.290300002
296,296,1810018.11183674,5993124.530055029,-0.283974671
297,297,1810033.5510026,5993094.241558787,-0.540542165
298,298,1810055.012756262,5993071.027479387,-0.759055576
299,299,1811544.09716851,5993030.347599254,-9999.0
300,300,1811559.851505567,5993027.436886907,-0.290225363
301,301,1810129.544579378,5993052.040442513,-9999.0
302,302,1811313.185329196,5993023.444070761,-9999.0
303,303,1810056.698712191,5993098.345496504,-0.570881996
304,304,1810096.986544075,5993042.852368552,-0.309099993
305,305,1810136.794613595,5993041.893464976,-9999.0
306,306,1811172.271273707,5993020.160222497,0.497551725
307,307,1811308.644976353,5993002.882444438,1.202878034
308,308,1811462.154609537,5992999.162003246,-9999.0
309,309,1810128.823987678,5993022.140854683,-0.64225806
310,310,1811076.366082754,5993018.454048947,-9999.0
311,311,1811328.861204218,5993003.119524456,-0.339559993
312,312,1811340.738902027,5992992.859644966,-0.909500018
313,313,1811441.731975959,5992990.411773158,-0.84360002
314,314,1811655.837671497,5992985.218557667,-0.438349998
315,315,1811208.864414443,5993029.04695059,-0.357434925
316,316,1811356.656461603,5992982.50134699,-0.401769253
317,317,1811453.609672816,5992980.151462503,0.489853661
318,318,1812071.687324946,5992965.144699633,-9999.0
319,319,1812192.878890085,5992962.19726595,-9999.0
320,320,1811372.573691131,5992972.14327129,2.572406767
321,321,1812236.321092981,5992967.738910333,-0.079136429
322,322,1812310.387860637,5992959.811865912,-0.364241747
323,323,1812556.21138667,5992943.378069255,-0.792000031
324,324,1810144.622904596,5993006.801875044,-9999.0
325,325,1811391.049415097,5992985.536810507,-0.536820016
326,326,1811489.611465385,5992983.636559302,-0.177782065
327,327,1812169.385852693,5992946.518667224,-9999.0
328,328,1812325.82580278,5992944.00342062,-0.042536239
329,329,1812539.809812408,5992933.805256686,-0.449811614
330,330,1812896.350533963,5993080.691948575,-0.086109371
331,331,1810151.512782518,5992981.705404445,-9999.0
332,332,1812344.475628359,5992935.239027107,-0.094212963
333,333,1812567.844991782,5992923.14945065,-0.379975015
334,334,1812761.748674483,5992918.424694225,-0.396874992
335,335,1812575.681273937,5992912.98621098,0.106124991
336,336,1810143.662330893,5992966.936137067,-9999.0
337,337,1811996.108373914,5992923.265782616,-0.541987597
338,338,1811661.9818788,5992905.290731506,-0.536625009
339,339,1812092.516532094,5992932.419385229,-0.110196761
340,340,1812655.515138423,5992914.152526743,-0.518314979
341,341,1812688.064079981,5992880.329009483,1.31287499
342,342,1807597.837827769,5992993.000879631,-9999.0
343,343,1811693.815836462,5992884.57309722,-9999.0
344,344,1807562.111441364,5992975.154893139,-9999.0
345,345,1807589.26697993,5992972.533477486,0.001583308
346,346,1807621.601249645,5992972.490813152,-0.670000017
347,347,1811640.251827484,5992994.911259835,-0.053621941
348,348,1807637.522472299,5992962.140043701,-0.008610194
349,349,1811677.173073511,5992865.032540317,-0.422125012
350,350,1811947.287278748,5992891.354250371,-0.8044
351,351,1807652.497182396,5992953.365093619,-0.862000018
352,352,1810133.192845796,5992892.396447992,-9999.0
353,353,1812416.62697925,5992880.698519445,-0.342770836
354,354,1812444.468382419,5992836.403754021,0.330487801
355,355,1807661.723646091,5992974.489204898,-0.200500035
356,356,1807701.681986586,5992940.668099144,-0.176382378
357,357,1807720.73236036,5992950.581204081,-9999.0
358,358,1810125.462421618,5992882.610355306,-9999.0
359,359,1811765.562005359,5992842.941871801,-9999.0
360,360,1812460.174603144,5992835.852832985,0.373833327
361,361,1807709.52392414,5992930.509276195,-0.011100022
362,362,1807749.920096647,5992929.547123123,-9999.0
363,363,1811745.121626549,5992833.465922652,-9999.0
364,364,1811781.478479068,5992832.583220934,-0.751823492
365,365,1807717.571714912,5992921.648435333,-0.644039241
366,366,1810116.313857894,5992862.886284311,-9999.0
367,367,1807733.749153908,5992918.908358966,-0.629714308
368,368,1807760.011625742,5992904.040341934,0.297195122
369,369,1811836.59466985,5992831.325528748,-0.273135844
370,370,1810110.579625146,5992832.418100283,-9999.0
371,371,1811695.65490365,5992811.970485929,-0.326860065
372,372,1807885.010194175,5992831.593646932,0.306301886
373,373,1807901.049758664,5992826.225113332,0.016399997
374,374,1807849.950128841,5992868.21725333,0.251166824
375,375,1809928.0702126,5992717.835819576,-0.715568645
376,376,1807891.307552668,5992756.652922073,-0.579577485
377,377,1809065.143503101,5992658.787183054,-9999.0
378,378,1809962.675933049,5992678.825396793,0.263469861
379,379,1809045.113299773,5992652.620362592,-9999.0
380,380,1809101.260059845,5992647.948991179,0.41594998
381,381,1809117.179289766,5992637.595091892,0.634857116
382,382,1809125.019157459,5992627.435003785,-0.043661556
383,383,1809549.5500449,5992573.353067158,-9999.0
384,384,1807844.906470708,5992634.704613036,-0.041073382
385,385,1807860.061861807,5992595.073870288,-0.749481136
386,386,1809947.639913427,5992547.836445008,-9999.0
387,387,1807846.755490475,5992583.203292756,1.572084422
388,388,1809150.538436043,5992606.417145844,-0.485412296
389,389,1809163.263007906,5992536.768310358,1.046847443
390,390,1807902.713883839,5992556.93924623,-0.898000032
391,391,1807876.80503445,5992567.11933024,0.411562199
392,392,1807922.673376598,5992546.491356929,-9999.0
393,393,1809704.072173233,5992503.835706884,-0.748279041
394,394,1807894.385525905,5992543.178886413,0.23113889
395,395,1809680.184799226,5992494.438004511,0.953157889
396,396,1807912.074582471,5992534.634701962,-0.680717194
397,397,1808726.047011161,5992507.355284024,-9999.0
398,398,1808733.886795528,5992497.195359014,0.022086939
399,399,1808773.803977693,5992476.295734254,-0.662428593
400,400,1808781.644222407,5992466.135871927,-0.083333355
401,401,1808902.809577574,5992462.506976378,-9999.0
402,402,1808789.484650559,5992455.975759671,0.160736824
403,403,1808849.350454041,5992461.744331731,-9999.0
404,404,1808781.969293276,5992488.981907746,-0.437354347
405,405,1808837.756617383,5992444.942513556,-0.818250023
406,406,1808149.591252601,5992401.468558164,1.176868401
407,407,1808157.432109424,5992391.309284955,0.166864825
408,408,1809019.663591302,5992364.393960464,-9999.0
409,409,1808092.658740476,5992470.290351907,0.597500604
410,410,1808180.716630132,5992350.864985773,-0.089148963
411,411,1808204.953029134,5992350.286315951,-9999.0
412,412,1808941.003433427,5992383.445861907,-0.602772438
413,413,1808204.12030919,5992315.403454198,1.826553167
414,414,1808220.516141371,5992319.248604937,-9999.0
415,415,1808227.171908133,5992289.923097794,-9999.0
416,416,1809218.603043332,5992324.805426957,-0.239914694
417,417,1809417.690004492,5992191.60681141,-9999.0
418,418,1809339.959916905,5992195.697419256,-0.42054547
419,419,1809429.568909167,5992181.349556802,-9999.0
420,420,1808153.315002571,5992206.923343726,1.14403042
421,421,1809405.093687558,5992171.964829446,0.235656225
422,422,1809421.011454909,5992161.61060952,1.149944421
423,423,1811157.469889381,5992127.04637525,-0.752000023
424,424,1811182.130876873,5992118.407640692,-0.444306118
425,425,1811283.268386453,5992126.88415894,0.166279827
426,426,1809444.409112734,5992135.490100898,-0.096882965
427,427,1809448.698992753,5992077.038655164,-9999.0
428,428,1809410.539179344,5992062.140055834,0.48571085
429,429,1809402.221282887,5992052.367729072,0.627474349
430,430,1811033.115218309,5991973.157528407,-9999.0
431,431,1808205.416185417,5992031.167454946,0.966120479
432,432,1809428.001961664,5992003.958138066,-0.222434065
433,433,1809504.643379769,5991970.932252416,-0.768000007
434,434,1809521.243063398,5991959.758403778,0.262799978
435,435,1809546.329363312,5991967.951884406,0.996196062
436,436,1809597.748655316,5991947.947110432,-9999.0
437,437,1809570.90033163,5991951.916726459,1.503217366
438,438,1809577.312816096,5991938.466379805,0.0131818
439,439,1809653.817906128,5991926.654511264,-9999.0
440,440,1808202.561238025,5992076.37436713,0.09250872
441,441,1809608.258082434,5991927.473062707,0.068620672
442,442,1809673.774463938,5991916.202366852,-9999.0
443,443,1808235.706530611,5991945.681023765,-0.055448988
444,444,1808251.726816332,5991939.584990144,-0.546230765
445,445,1808312.33192141,5991938.864402077,-9999.0
446,446,1809641.221233666,5991907.013114792,-0.244000011
447,447,1809681.612890098,5991906.041968603,-9999.0
448,448,1808267.415327496,5991933.290591403,-0.457863642
449,449,1808283.802096624,5991928.847001142,-0.610599998
450,450,1808328.250534982,5991928.512007045,-9999.0
451,451,1809688.862514541,5991895.895377581,-9999.0
452,452,1808299.73812147,5991919.221236553,-0.459722228
453,453,1808348.208161251,5991918.063006724,-9999.0
454,454,1808315.775597795,5991913.852071608,-0.507513207
455,455,1808331.575290222,5991898.516033784,-0.550839528
456,456,1808379.449691082,5991872.441908417,-9999.0
457,457,1808386.813396034,5991842.349207885,-9999.0
458,458,1811101.541264771,5991760.239750392,-0.285090933
459,459,1808378.258646678,5991822.609436372,-0.803333362
460,460,1811113.78313493,5991754.005551595,-9999.0
461,461,1808361.268527129,5991788.113196377,-0.603000019
462,462,1809507.177296987,5991710.79058596,1.299506671
463,463,1808377.904710739,5991765.208629685,-0.723658932
464,464,1808391.562635823,5991727.556433183,-9999.0
465,465,1809514.676966373,5991738.005309901,-0.25996113
466,466,1808383.597080726,5991707.802553624,-9999.0
467,467,1811622.939986977,5991629.772922486,-0.885025014
468,468,1811642.902697047,5991629.395784025,-0.632141015
469,469,1811626.495217569,5991609.741827692,-0.638897603
470,470,1808374.804429888,5991678.096179384,-0.875230789
471,471,1811744.723002879,5991695.757414616,0.070982708
472,472,1808368.413952361,5991655.551940523,-0.745526334
473,473,1809354.833183868,5991619.733077344,-9999.0
474,474,1811593.214927652,5991570.660056772,-0.561616348
475,475,1811564.457713599,5991551.413198696,-0.811112477
476,476,1808405.449024616,5991607.558730436,-9999.0
477,477,1811192.14042296,5991530.523086506,-9999.0
478,478,1811199.976857497,5991520.361130998,-9999.0
479,479,1809325.107398863,5991583.297079642,-0.614513357
480,480,1808367.23031848,5991599.610785231,-0.6238236
481,481,1811207.408622892,5991505.222739716,-9999.0
482,482,1808371.946035621,5991558.498884402,0.031215184
483,483,1811585.6658522,5991507.269484695,-0.815407479
484,484,1811624.131669478,5991494.159938669,-0.613333364
485,485,1809308.87423597,5991531.06793626,-0.793000028
486,486,1808469.59412651,5991556.040096086,-0.488963152
487,487,1811159.51017221,5991378.925827927,-0.906333347
488,488,1809321.147314371,5991361.562993067,3.067123717
489,489,1809321.494079667,5991420.664184527,-0.211487121
490,490,1809349.013119702,5991322.219768915,-0.367490187
491,491,1809336.200525833,5991311.777516463,1.739137682
492,492,1809343.795078908,5991296.055696273,3.223621672
493,493,1809351.631059229,5991285.917316713,2.037999996
494,494,1809378.418339472,5991280.136138229,-0.001129517
495,495,1809431.537560321,5991253.885540537,0.205951807
496,496,1809511.476624341,5991217.062020497,1.29882993
497,497,1809543.308345422,5991196.352400638,0.063150005
498,498,1809551.026657406,5991181.20849436,1.415974031
499,499,1809558.864743325,5991171.047822333,2.025645165
500,500,1810899.762076612,5991138.70792743,-9999.0
501,501,1810915.087496805,5991128.364695699,-9999.0
502,502,1809574.540858587,5991150.726454258,0.831337354
503,503,1810891.202105023,5991118.970341009,0.329593231
504,504,1810907.116755735,5991108.612664335,0.766499988
505,505,1810570.688889573,5991066.884754656,-9999.0
506,506,1810594.680994827,5991056.33291982,-9999.0
507,507,1810550.013348453,5991047.439762148,0.265855256
508,508,1810566.150991086,5991046.322931901,-0.626529436
509,509,1810582.083164457,5991036.692622785,-0.632303052
510,510,1810597.997519278,5991026.335761758,-0.303636377
511,511,1810605.834152653,5991016.174367181,0.040600004
512,512,1809620.130642315,5991029.963262725,0.234075005
513,513,1810621.748635717,5991005.817295283,-0.25585001
514,514,1810629.585317264,5990995.65571733,-0.266722909
515,515,1811257.206238893,5990991.16344477,-9999.0
516,516,1810637.421925121,5990985.49409094,-0.09179014
517,517,1811306.771702163,5990986.61333487,-0.937333326
518,518,1811315.937086499,5990969.070499928,-0.968400025
519,519,1810644.776027791,5991011.448628502,-0.349858331
520,520,1810669.491384483,5990974.746585242,-0.633660367
521,521,1811349.122330904,5990969.244398041,-0.244193562
522,522,1811380.315963248,5990957.5368439,-9999.0
523,523,1810685.405586606,5990964.389534158,-0.341776141
524,524,1810709.657553575,5990972.252286082,-9999.0
525,525,1811355.841575465,5990948.158187052,-0.19848002
526,526,1811388.152052286,5990947.374372681,-9999.0
527,527,1811371.754980537,5990937.799903054,-0.620700017
528,528,1810699.023343497,5990951.335420024,-0.684312518
529,529,1810733.509286648,5990948.268259427,-9999.0
530,530,1811379.590942412,5990927.637482152,-0.509904782
531,531,1810717.113221366,5990938.692383897,-9999.0
532,532,1810934.537891051,5991006.6162172,-0.387626453
533,533,1810967.275119225,5990922.668545635,-9999.0
534,534,1811403.340071592,5990907.116711256,-0.844000012
535,535,1810974.990663636,5990907.523294043,-9999.0
536,536,1810752.436168168,5990918.767662339,-9999.0
537,537,1810958.715250864,5990902.931019703,0.32041771
538,538,1811443.244152181,5990886.203484921,-9999.0
539,539,1810746.283586238,5990900.331154398,-0.511303452
540,540,1810966.430941812,5990887.785507686,-0.521492078
541,541,1810756.175322118,5990882.900074944,-0.054925008
542,542,1810780.528517407,5990887.297181778,-9999.0
543,543,1811450.838375098,5990866.074662428,-9999.0
544,544,1809681.634240835,5990898.844511177,0.157540996
545,545,1810785.468442338,5990875.485422026,-9999.0
546,546,1810771.714038463,5990862.743886621,-0.297599999
547,547,1810238.496913311,5990865.48527657,0.583209885
548,548,1810254.411339819,5990855.129099309,0.047530878
549,549,1809736.198451848,5990868.186350016,0.739428556
550,550,1810262.24824561,5990844.967897115,1.076243217
551,551,1809753.131803972,5990847.263002834,0.464724998
552,552,1810278.16271203,5990834.611707249,0.096199971
553,553,1810972.856417804,5990803.777144235,-0.334384629
554,554,1810989.329623624,5990840.151910373,-0.828000009
555,555,1809630.294025847,5991043.158763306,0.110105194
556,556,1809817.031399929,5990815.807858992,-9999.0
557,557,1810980.173070977,5990787.72955883,-0.527671276
558,558,1809784.481799732,5990806.619424819,1.674915498
559,559,1810309.510095762,5990793.966235308,0.493325309
560,560,1810988.009186822,5990777.56750634,-0.444240545
561,561,1811020.318771257,5990776.784973939,-9999.0
562,562,1810317.357325625,5990783.81715156,0.482370374
563,563,1810298.561436324,5990839.58204224,-0.71996333
564,564,1811003.922651552,5990767.209896566,-0.645521144
565,565,1811032.193739855,5990766.525147513,-9999.0
566,566,1810330.986037002,5990770.779602376,0.158896217
567,567,1810357.012205732,5990752.930632247,-0.154450004
568,568,1811027.430878251,5990736.723412958,-0.31708433
569,569,1811460.319696271,5990769.523616266,-0.3669853
570,570,1811053.188542473,5990725.670445794,-0.644029399
571,571,1811472.028183006,5990704.506182156,-0.187297418
572,572,1811051.33997074,5990698.605746633,-0.281794889
573,573,1811487.2011726,5990692.974710708,-0.671892852
574,574,1809828.502397225,5990759.901325781,0.406986497
575,575,1811061.771319219,5990690.530590365,-0.48300001
576,576,1809838.143757551,5990685.660393649,-0.647578959
577,577,1810456.168880498,5990687.068962191,-0.370189721
578,578,1811533.261421938,5990676.363782695,-0.6968346
579,579,1811615.141270151,5990642.694104856,-9999.0
580,580,1811096.916966536,5990682.891699436,-0.728380765
581,581,1811571.833863973,5990645.213820605,-0.634481762
582,582,1811905.680897374,5990625.662435832,-0.773149978
583,583,1810125.469356416,5990662.800012343,-9999.0
584,584,1811913.516209884,5990615.499420955,-0.848902416
585,585,1809797.037897478,5990656.733138439,-0.710325028
586,586,1811921.509097446,5990605.13133062,-0.911309098
587,587,1810453.474187157,5990704.645087766,-0.516026658
588,588,1811606.338268758,5990612.990481507,-0.569821429
589,589,1809804.617653783,5990635.879051543,-0.610897988
590,590,1811718.102917988,5990550.929424046,-0.151405401
591,591,1811952.04730885,5990544.956688285,-0.969130433
592,592,1811735.302220683,5990544.318544731,0.126999992
593,593,1811972.353756782,5990524.900972299,-0.890745434
594,594,1809746.175965108,5990558.234769083,-0.101125
595,595,1811951.403771577,5990505.082579127,-0.934456109
596,596,1809738.207965106,5990538.482017945,1.125454542
597,597,1809745.456493073,5990528.335223451,1.295119039
598,598,1811771.204265515,5990543.429289986,-0.510444629
599,599,1811930.31583996,5990475.476841976,0.588726561
600,600,1811950.266285881,5990465.019215194,0.357924986
601,601,1811997.531544697,5990495.954644596,-0.705943352
602,602,1811971.513659984,5990454.884831058,-0.707257981
603,603,1812053.88526874,5990422.360316778,-0.400991453
604,604,1811981.362627889,5990414.400648586,0.101075002
605,605,1812069.856698131,5990411.656691028,-0.041374997
606,606,1809775.13334445,5990498.3091323,-0.219521772
607,607,1812078.203193816,5990401.870753965,-0.100807018
608,608,1809775.845350273,5990447.825714136,-0.190250005
609,609,1811989.076042523,5990399.254352415,-0.124237501
610,610,1809783.682450447,5990437.664788133,-0.435950005
611,611,1809791.399566463,5990422.520609478,0.328774995
612,612,1812085.151921903,5990362.013101712,-0.335162506
613,613,1812005.681576879,5990391.137814072,-0.457260217
614,614,1809823.706426523,5990406.189153485,-0.266538955
615,615,1812011.387971904,5990318.212246462,0.712666641
616,616,1812095.149462331,5990335.036510966,0.12507229
617,617,1809870.60965093,5990355.793224267,-0.33592895
618,618,1812031.224101179,5990334.933606522,-0.142641573
619,619,1810030.226682014,5990272.169447431,-9999.0
620,620,1809955.03497018,5990309.565342387,-0.038092298
621,621,1810029.50620259,5990242.27008516,-0.086000028
622,622,1809946.096316656,5990134.584805626,-0.496666689
623,623,1809953.692617117,5990114.457143037,-9999.0
624,624,1810041.57544388,5990072.450220817,1.416815393
625,625,1810065.565508461,5990061.899457503,-0.177571458
626,626,1810097.391454945,5990041.187121548,-9999.0
627,627,1810081.118103317,5990036.593749742,0.537282994
628,628,1810088.834096901,5990021.44917111,0.42154999
629,629,1809928.335663813,5990020.317453437,-0.587515364
630,630,1809964.447436659,5989990.252253736,-0.841652647
631,631,1809950.330485107,5989974.926316416,-0.191224995
632,632,1810105.492927075,5990000.119330443,-0.923428595
633,633,1809958.166917006,5989964.765198535,1.083074993
634,634,1810014.331566506,5989962.919287786,-9999.0
635,635,1810030.297575844,5989952.202023565,-9999.0
636,636,1810943.269697526,5989930.999412129,-0.167624999
637,637,1810926.875252153,5989921.424056937,-0.2046375
638,638,1809990.603556971,5989956.732926393,-0.594105508
639,639,1810040.507755977,5989935.61655981,-9999.0
640,640,1810902.404129878,5989912.044108427,-0.175843377
641,641,1811023.19150758,5989908.734649971,-0.263513516
642,642,1809973.479457916,5989929.49318315,0.206381252
643,643,1809989.272259108,5989914.154140711,1.00002703
644,644,1810922.113026768,5989891.622288973,-0.387314468
645,645,1810012.83181152,5989908.03532659,-0.69141669
646,646,1810081.150972312,5989922.974032132,-0.46496891
647,647,1810166.716086097,5989899.903048141,-9999.0
648,648,1810021.256082509,5989893.237397476,-9999.0
649,649,1810128.921442976,5989900.078357766,-0.138471282
650,650,1810158.158466558,5989880.165251662,0.257176459
651,651,1810182.388104552,5989879.580357365,-9999.0
652,652,1810901.198136361,5989862.211168092,-0.546958848
653,653,1810173.950900962,5989864.825950464,-0.304404256
654,654,1810189.74308737,5989849.486529464,-0.428205152
655,655,1810207.765031721,5989842.818789549,-0.013970385
656,656,1810205.265730124,5989819.309890346,1.730305546
657,657,1810009.042245956,5989830.707718938,-0.569859393
658,658,1810241.299562974,5989809.50321066,0.258627143
659,659,1810244.594983979,5989778.356894128,0.493146322
660,660,1810272.754663625,5989759.317134711,-0.238032885
661,661,1810267.862195051,5989737.905928023,1.027206834
662,662,1810299.909550315,5989726.433172915,-0.817034501
663,663,1811203.108630543,5989653.143116506,0.288409096
664,664,1810463.807600858,5989653.396104352,-9999.0
665,665,1811138.227650402,5989645.834619919,-0.310398008
666,666,1810499.910120138,5989642.551635871,-9999.0
667,667,1811154.108827548,5989627.448155734,-0.10051852
668,668,1810519.860018747,5989632.097407603,-0.804076947
669,669,1811193.446687715,5989633.690549101,0.198594816
670,670,1810297.280820522,5989617.52821422,0.048215195
671,671,1810507.660745046,5989621.494488883,0.062574463
672,672,1810599.699690888,5989610.885361169,-0.701037077
673,673,1810533.659295731,5989617.392156091,-0.788906739
674,674,1810571.834998648,5989607.904522331,-0.438500002
675,675,1810588.288680854,5989602.92404412,-0.151585366
676,676,1810627.836883089,5989595.313935615,-0.916627464
677,677,1810740.993939523,5989586.861555357,-0.600603191
678,678,1810797.527703915,5989585.494084856,-9999.0
679,679,1810614.707872455,5989584.311739981,-0.310249981
680,680,1810756.905521993,5989576.504318178,-0.469962029
681,681,1810332.608082743,5989631.713532655,-0.545905462
682,682,1810733.002283287,5989579.45533195,-0.026463413
683,683,1810782.054568895,5989575.532254606,-0.824616177
684,684,1810993.871953737,5989576.517203961,-0.397506341
685,685,1810847.192395889,5989589.250696696,-9999.0
686,686,1811071.263747254,5989549.747491646,-0.989000022
687,687,1810670.085071323,5989567.273587004,-0.542955901
