OID,FID_,X,Y,BCE_Rangau
0,0,1626543.25822285,6140283.371323116,0.304875
1,1,1626502.039044828,6140254.721705258,-0.349933354
2,2,1626489.697301516,6140245.144115253,-0.364666688
3,3,1625038.770006406,6139521.659807147,2.496699989
4,4,1625104.079961053,6139451.951899172,2.404122802
5,5,1625227.156500437,6139371.71398578,2.569487438
6,6,1625497.315114638,6139111.955740954,2.155637537
7,7,1625611.0417927,6138683.264552441,-9999.0
8,8,1628186.964195667,6138266.056019641,0.951079359
9,9,1628180.085661771,6138248.096017801,1.109579271
10,10,1628345.496491202,6138224.743356504,1.172075345
11,11,1628016.020681078,6138166.179388216,1.641722247
12,12,1625609.21919607,6138095.731625409,1.152818159
13,13,1627603.774960508,6138090.455123672,1.387964947
14,14,1628022.325235885,6138078.375210128,1.41071234
15,15,1628112.567207835,6138068.253910407,1.236077796
16,16,1627736.981153995,6138088.096539471,1.447239475
17,17,1628048.435443391,6138063.842045872,1.423863113
18,18,1628132.554158119,6138058.087027399,1.184451139
19,19,1628066.935301114,6138047.889798938,1.394541271
20,20,1628097.018218859,6138048.37684173,1.244354354
21,21,1625605.18568928,6138060.67187635,1.020406245
22,22,1625595.562560771,6138010.294555973,1.158660386
23,23,1625588.506374617,6137966.080199792,1.257870605
24,24,1625576.042365149,6137911.32443183,1.833975008
25,25,1625567.709901368,6137866.519023564,1.798552606
26,26,1625559.474929627,6137856.580102,3.018622209
27,27,1625559.391435449,6137826.694545629,1.498165362
28,28,1627925.460188813,6137812.233718069,-0.451781673
29,29,1625313.040486075,6137777.56982557,1.15229999
30,30,1625544.992118029,6137751.988192393,0.904590158
31,31,1628058.348142624,6137746.280522161,-0.421361519
32,32,1628106.856463725,6137692.964962201,-0.450219792
33,33,1625389.811498123,6137674.970555522,1.015209651
34,34,1625332.858102654,6137649.604838826,0.939345527
35,35,1625356.066732838,6137612.37509249,1.048112252
36,36,1625312.376589218,6137598.461178652,0.821228075
37,37,1625384.484580593,6137614.651095846,0.947802685
38,38,1625296.32430757,6137611.313034807,2.625771758
39,39,1625271.399756246,6137558.522440011,3.937726143
40,40,1625295.85260436,6137558.659151029,0.92522033
41,41,1625279.746829541,6137548.333144424,1.23701786
42,42,1625259.624216332,6137531.996677287,1.854439897
43,43,1625317.916576705,6137550.846612121,0.834072593
44,44,1625366.118063876,6137558.110177051,1.028174468
45,45,1625352.271343632,6137503.185898307,1.187412048
46,46,1625164.604239461,6137458.993213346,1.874259267
47,47,1625131.540983913,6137434.383576025,1.116040752
48,48,1625307.854541939,6137428.986108871,0.939924062
49,49,1625111.413450543,6137420.076408946,1.577948256
50,50,1625284.959953654,6137412.055438687,0.891417625
51,51,1625213.34763127,6137339.520061865,0.963740244
52,52,1628602.379145188,6137279.945044468,-9999.0
53,53,1628897.985527394,6137278.811611639,0.763999995
54,54,1624763.939061984,6137231.16651555,1.574205567
55,55,1626222.634881318,6137216.047556326,0.085694445
56,56,1628955.211200792,6137208.896815923,0.78924998
57,57,1626107.381427962,6137207.323579273,0.205903364
58,58,1628971.592785586,6137198.882967564,0.77663636
59,59,1624734.848909418,6137207.481261449,1.038107901
60,60,1626394.563655056,6137147.638833665,-0.318111109
61,61,1625056.389044362,6136901.830371542,-9999.0
62,62,1624990.007230926,6136896.257612025,-9999.0
63,63,1625045.73210567,6136891.693271397,-9999.0
64,64,1625061.009636721,6136869.835349277,-9999.0
65,65,1625186.938615491,6136890.748781599,-9999.0
66,66,1625096.575669154,6136851.289851949,-9999.0
67,67,1626787.466977371,6136802.080953242,-9999.0
68,68,1625088.07449882,6136804.846700779,-9999.0
69,69,1626614.844494344,6136787.208909609,0.436901398
70,70,1626631.379152912,6136777.591836874,0.371306111
71,71,1626582.210779477,6136767.813093694,0.704839992
72,72,1626656.066220651,6136767.598126464,0.36179167
73,73,1626688.890862433,6136767.502398722,1.021222218
74,74,1626752.271992321,6136771.191309898,-0.144066693
75,75,1628863.356540562,6136761.102439189,-9999.0
76,76,1626680.48675306,6136757.360662752,0.428245621
77,77,1626729.892548197,6136757.420684836,0.570516655
78,78,1626357.628089862,6136721.469664568,-0.279000044
79,79,1628863.167896814,6136701.331146387,-0.509000063
80,80,1626336.608495301,6136685.839439366,-9999.0
81,81,1628066.945224848,6136574.099488031,-9999.0
82,82,1628965.900780129,6136561.91472384,-9999.0
83,83,1628978.281244834,6136546.921175092,-9999.0
84,84,1626622.502194443,6136513.665881636,-9999.0
85,85,1628985.262110817,6136505.912873575,-9999.0
86,86,1626367.540202556,6136503.873553512,-9999.0
87,87,1626557.128039687,6136550.062291302,-9999.0
88,88,1626622.429583073,6136488.761192157,-9999.0
89,89,1628132.149704622,6136484.445637448,-9999.0
90,90,1626376.055831491,6136479.717509559,-9999.0
91,91,1626523.733148722,6136469.328399135,-9999.0
92,92,1628056.142300184,6136470.638711712,-9999.0
93,93,1628050.766279127,6136454.605364246,-9999.0
94,94,1626375.974156974,6136453.975455157,-9999.0
95,95,1624866.829573821,6136443.894051146,-9999.0
96,96,1624849.623432874,6136434.183110129,-9999.0
97,97,1628988.26483014,6136446.10165189,-9999.0
98,98,1625937.201949408,6136454.202947649,-9999.0
99,99,1626433.434455594,6136399.651840819,-9999.0
100,100,1626449.817298521,6136389.642505743,-9999.0
101,101,1628968.837508739,6136382.213501388,-9999.0
102,102,1626411.699140215,6136390.720187821,-9999.0
103,103,1626474.319390942,6136349.723749094,-9999.0
104,104,1626482.488397673,6136337.001184704,-9999.0
105,105,1626507.684494097,6136329.703109671,-9999.0
106,106,1626552.979546459,6136345.423701211,-9999.0
107,107,1626628.271819668,6136344.039222866,-9999.0
108,108,1626630.625946797,6136279.536043986,-9999.0
109,109,1626447.945878647,6136314.260126198,-9999.0
110,110,1626623.706917669,6136202.713775964,-9999.0
111,111,1628024.617735214,6136150.845241791,-9999.0
112,112,1628024.495561532,6136110.997684041,-9999.0
113,113,1628010.763659666,6136092.77600748,-9999.0
114,114,1628016.183225454,6136076.156152559,-9999.0
115,115,1628008.485709665,6136046.293806702,-9999.0
116,116,1628048.103783442,6135782.179729529,-9999.0
117,117,1628031.654992939,6135769.777757891,-9999.0
118,118,1628015.177993558,6135748.141811436,-9999.0
119,119,1628015.114708725,6135727.490014946,-9999.0
120,120,1629130.859190504,6135724.207159697,-9999.0
121,121,1629162.207528952,6135728.076755618,-9999.0
122,122,1624536.317675864,6135712.58360178,-9999.0
123,123,1629122.002472831,6135638.78496237,-9999.0
124,124,1624816.79298077,6136720.097961184,0.362256834
125,125,1624437.288547823,6135608.248264199,-9999.0
126,126,1624487.118810954,6135608.114962057,-9999.0
127,127,1628638.150925506,6135546.243512176,-9999.0
128,128,1624137.644246986,6135549.272579187,1.593185155
129,129,1628190.709223552,6135629.239308531,-9999.0
130,130,1624039.1050336,6135519.646436909,-9999.0
131,131,1624026.771291267,6135509.716957001,-9999.0
132,132,1624010.335090313,6135499.798183951,-9999.0
133,133,1626314.594252866,6135493.181436428,-9999.0
134,134,1623961.078995348,6135489.965399474,-9999.0
135,135,1623977.490834655,6135490.650456691,-9999.0
136,136,1623846.104982377,6135450.418283021,0.100874955
137,137,1623870.700375342,6135442.882621557,-9999.0
138,138,1623895.476457286,6135440.123133348,-9999.0
139,139,1626079.699581147,6135380.577606003,-9999.0
140,140,1628358.745232422,6135836.937904661,-9999.0
141,141,1629367.466945603,6135305.045964478,-9999.0
142,142,1628662.063410258,6135217.530574453,-9999.0
143,143,1622437.239648096,6134457.220504533,2.091777806
144,144,1622428.685472695,6134438.467685822,0.89765454
145,145,1622380.547251136,6134434.730487694,1.619001324
146,146,1622284.635989879,6134418.315732624,1.194762446
147,147,1622346.596263746,6134418.744885811,0.990825679
148,148,1622298.289758259,6134412.563317141,1.207324886
149,149,1622248.099388985,6134399.06131221,1.282738733
150,150,1622207.055117093,6134389.199194403,1.234454569
151,151,1622161.311152913,6134378.972126582,1.011381828
152,152,1622124.106779763,6134368.315558136,1.065008989
153,153,1622083.922840559,6134359.611736652,0.937272732
154,154,1622052.024776698,6134353.389199817,0.952625766
155,155,1622021.747224959,6134339.461714399,1.034345433
156,156,1619921.68063331,6134334.115181844,0.995024997
157,157,1619806.80382079,6134324.402968056,1.327475011
158,158,1619898.916015657,6134336.951123158,0.794685424
159,159,1619929.862850606,6134324.135402124,0.575599992
160,160,1621991.685505995,6134325.528045061,0.971516825
161,161,1619814.986154071,6134314.423291577,1.370296913
162,162,1619946.205486322,6134294.213929097,0.622024987
163,163,1621201.403713347,6134291.387830633,1.945697291
164,164,1619954.387640867,6134284.234126548,0.712074997
165,165,1621894.992690203,6134260.446844654,0.928146804
166,166,1621225.876604093,6134231.55932472,0.858300005
167,167,1620019.712888608,6134228.264543262,2.139682758
168,168,1621718.100285885,6134220.419685398,1.197224976
169,169,1621242.214843541,6134201.635509677,0.940324988
170,170,1625343.87369613,6134288.25820455,-9999.0
171,171,1620265.835987469,6134163.997092309,3.136229228
172,172,1620282.057495998,6134153.713966195,2.722686873
173,173,1621406.151439003,6134141.481222465,1.489157889
174,174,1620298.44427306,6134139.790016213,3.302268677
175,175,1621438.894823183,6134130.75247871,0.161684937
176,176,1621527.44413082,6133463.987437136,1.179163645
177,177,1624744.865210588,6133213.796834864,-9999.0
178,178,1621496.040705473,6133204.869708974,1.046149975
179,179,1624726.138072164,6133192.832297044,-9999.0
180,180,1621310.692801676,6132774.433528465,1.353003062
181,181,1621328.893142789,6132747.191585231,1.311821412
182,182,1621304.754475501,6132727.810076835,1.362288457
183,183,1621296.076562228,6132672.349090039,1.232512489
184,184,1624552.112104661,6132599.627447904,-9999.0
185,185,1624504.248996564,6132584.173599525,-9999.0
186,186,1624449.655949531,6132558.199393359,-9999.0
187,187,1621287.47934873,6132503.015567336,0.987211113
188,188,1624355.593071109,6132484.865818551,-9999.0
189,189,1628652.482997678,6132497.0794093,-9999.0
190,190,1624324.983870046,6132463.883565366,-9999.0
191,191,1621247.786324891,6132449.203876812,0.955831086
192,192,1621207.443741499,6132388.639057412,0.832104155
193,193,1621196.96494549,6132378.701414943,0.818700013
194,194,1624250.327287238,6132394.163747105,-9999.0
195,195,1630883.770250654,6132351.078639315,0.855199999
196,196,1621171.774394421,6132387.455193359,0.914272648
197,197,1624100.37187281,6132306.747474904,-9999.0
198,198,1630940.94951257,6132281.150594683,0.93979998
199,199,1630932.679864242,6132261.254471023,0.888349998
200,200,1628583.80244716,6132269.115272529,-0.186869432
201,201,1620367.732536683,6132194.502949495,1.326152659
202,202,1620353.92624912,6132171.417956951,1.27361538
203,203,1620376.289960931,6132176.349073659,1.391830014
204,204,1620384.436372334,6132151.425955597,1.293933348
205,205,1620950.406906771,6132150.096873938,0.972125004
206,206,1620995.914246763,6132150.620886609,1.125890901
207,207,1620964.024649864,6132144.39457126,0.99340491
208,208,1620392.593862682,6132131.483793891,1.248216892
209,209,1620987.666464506,6132130.71589116,0.965495481
210,210,1620400.6809401,6132116.328283868,1.141778535
211,211,1623687.118933858,6132226.493998217,0.06801092
212,212,1621979.992985165,6132077.989217438,-9999.0
213,213,1620966.426704376,6132070.616647951,1.251482129
214,214,1620872.377327132,6132064.087416037,1.01598479
215,215,1620798.273636599,6131991.10108395,0.989774985
216,216,1620076.037845191,6131972.213238439,1.19438801
217,217,1620781.877733456,6131971.988976999,0.998514574
218,218,1620757.603661451,6131951.926183246,0.946625005
219,219,1629836.692135824,6131528.054079249,-9999.0
220,220,1631110.052587917,6131359.078485479,2.219310823
221,221,1631089.727955324,6131353.583023879,1.634764802
222,222,1631085.332122996,6131324.300678199,1.631687513
223,223,1631072.941335863,6131314.413621293,1.532742109
224,224,1631048.3585135,6131304.502332739,0.962316446
225,225,1626848.660886708,6131377.879729055,-9999.0
226,226,1631031.922087195,6131294.596136723,0.984024991
227,227,1631031.323303833,6131254.220837221,1.699323527
228,228,1631052.255829625,6131244.716556272,1.657575988
229,229,1631076.825597702,6131234.670857463,1.667399966
230,230,1631093.194101287,6131224.653036152,1.524199972
231,231,1631101.344398467,6131209.682142211,1.663200027
232,232,1622883.490556833,6131617.983242981,0.14117848
233,233,1631085.200334852,6131188.155179889,1.454449167
234,234,1631072.496535575,6131174.928248339,1.62517751
235,235,1620226.312059973,6131195.631858173,1.530928614
236,236,1631056.079002037,6131165.010687437,1.536512519
237,237,1631032.808832374,6131149.185438334,1.515308523
238,238,1630987.46551399,6131130.405076135,1.044815932
239,239,1620283.721658045,6131120.585262138,1.541582126
240,240,1630936.898447511,6131085.714858157,1.029325005
241,241,1620310.933143045,6131082.171748222,1.443875658
242,242,1630918.502440348,6131070.659544491,1.098161791
243,243,1630936.594573393,6130996.057092516,1.462275853
244,244,1630920.158821197,6130986.150694489,1.161074983
245,245,1630903.723104835,6130976.244266969,1.036024997
246,246,1620497.952961992,6130986.354324831,1.385151483
247,247,1626548.691145742,6130940.344313218,-9999.0
248,248,1621100.167517766,6130749.873365921,-0.069725156
249,249,1629911.52555598,6134134.887392919,0.441468375
250,250,1630524.446010664,6130533.63847238,0.27060489
251,251,1630606.984304824,6130528.950114531,0.482250004
252,252,1630586.449464553,6130519.05686451,0.546964691
253,253,1619577.012799296,6130539.556354024,1.309684214
254,254,1630565.914668641,6130509.16356845,0.46176944
255,255,1619568.72682148,6130499.726157712,1.059758648
256,256,1619598.004601237,6130490.077506092,0.894002183
257,257,1619630.354692867,6130479.11691526,0.860148755
258,258,1619683.142381774,6130487.02167517,0.869878518
259,259,1628796.019767311,6130384.968292557,0.126717133
260,260,1619281.226654262,6130361.252331398,0.477974575
261,261,1619264.65731524,6130329.074757274,0.876427676
262,262,1623755.188763522,6130300.886779346,-9999.0
263,263,1630260.871443413,6130071.643787563,1.170982437
264,264,1630239.139699489,6130061.554853807,1.08071667
265,265,1630219.973462187,6130052.059437606,0.956799983
266,266,1630195.337636594,6130041.450874493,0.855622619
267,267,1619824.280919121,6130000.870427744,1.454882959
268,268,1619824.237632145,6129980.946518937,1.479191466
269,269,1619822.698927527,6129952.038529378,1.435456373
270,270,1628863.206500635,6130046.590348634,-0.129274724
271,271,1628673.700971347,6129883.743876068,-9999.0
272,272,1620642.132130709,6129831.844061197,-0.425988205
273,273,1620617.005551671,6129809.835425011,-0.511774993
274,274,1623792.122880357,6130222.802357045,0.231277753
275,275,1630036.459060578,6129474.515697833,1.428638583
276,276,1630003.232723038,6129426.023838799,1.447535266
277,277,1629980.363680181,6129378.996854763,1.59480946
278,278,1629969.958456784,6129350.598626421,1.681027902
279,279,1628540.850430839,6129172.502610113,0.111953112
280,280,1625816.091369675,6129080.612376554,0.961486416
281,281,1629870.531222537,6128991.749128565,1.514646451
282,282,1629855.81725888,6128942.48411581,1.033317061
283,283,1629863.426957819,6128923.014085821,1.184853153
284,284,1629852.61782567,6128898.833396402,1.266265457
285,285,1625337.455776312,6128891.605147746,1.146428515
286,286,1629845.181244339,6128853.126090268,1.256800015
287,287,1620007.752146302,6128765.38481408,1.154333334
288,288,1621058.425973805,6128752.520297323,0.230848843
289,289,1619982.735665276,6128746.311430574,1.501787544
290,290,1620110.638566329,6128675.876506039,1.422244233
291,291,1620237.269177957,6128665.053920302,0.819225007
292,292,1629821.574152299,6128638.956095961,1.794794589
293,293,1619997.596890699,6128671.136720123,1.534858133
294,294,1620216.749964306,6128655.137399724,0.850399981
295,295,1620188.03196027,6128645.238984662,0.875758332
296,296,1620015.94650249,6128640.296355437,1.634385302
297,297,1620073.058660639,6128635.735031446,1.256814813
298,298,1620163.413433422,6128635.33142007,0.921099994
299,299,1620048.607976148,6128625.622485172,1.466719965
300,300,1629828.284496547,6128610.960157465,1.922240666
301,301,1629819.569243778,6128575.652484369,1.915399981
302,302,1620458.392398604,6128554.9783057,0.884518529
303,303,1629811.175692227,6128528.536964332,1.784442097
304,304,1629802.888689221,6128485.458660921,1.490923361
305,305,1620589.717000027,6128475.350768298,0.718197173
306,306,1629795.197439069,6128449.769008525,1.479841335
307,307,1620606.104799369,6128459.606916741,0.641698545
308,308,1620630.295831374,6128435.046719112,0.530049998
309,309,1629786.214382718,6128415.949982942,1.372997653
310,310,1620693.046646317,6128388.415074175,0.607223991
311,311,1620703.94796423,6128375.107622501,0.648249995
312,312,1620736.651731998,6128335.185188434,0.600499983
313,313,1629719.033377969,6128276.168418798,1.050466375
314,314,1625179.610386783,6128144.887218067,1.226674102
315,315,1625196.343465368,6128144.840998888,0.894070171
316,316,1625245.365215698,6128144.501124727,1.003658113
317,317,1625212.193978017,6128127.99200809,0.971157013
318,318,1625101.857264481,6128166.696273105,1.569406089
319,319,1625019.799677821,6128105.274504201,1.375825002
320,320,1620514.483858453,6127977.054448461,0.815088896
321,321,1626493.736205386,6127961.239004075,1.101850881
322,322,1626515.737013108,6127951.82033526,1.06658179
323,323,1626532.104508744,6127941.810636641,1.063192975
324,324,1623949.454508288,6127933.812326913,1.393477779
325,325,1626364.808046847,6127941.259449291,1.353485063
326,326,1626310.497293183,6127912.362203804,1.437311109
327,327,1626302.869471924,6127902.422122389,1.165156866
328,328,1626284.211353025,6127894.506269885,1.510802737
329,329,1626276.961811336,6127862.64847248,1.533701771
330,330,1626560.338400163,6127841.55463506,1.107353992
331,331,1626179.097206428,6127833.043718993,1.368899994
332,332,1626548.005227556,6127829.240091885,1.07074487
333,333,1626564.380440545,6127821.967290036,1.135225065
334,334,1629400.63702957,6127773.618842627,0.424172412
335,335,1625039.392841025,6127776.472270956,1.511851845
336,336,1625025.122809415,6127754.566885013,0.99543772
337,337,1625104.86773118,6127736.443918447,1.046212508
338,338,1621335.675194659,6127683.780161564,-0.119731002
339,339,1621349.381729178,6127666.31449674,-0.119731002
340,340,1629449.639132954,6127663.673088701,0.534718415
341,341,1629432.979194245,6127634.044797226,0.444912278
342,342,1629440.713358049,6127623.853402128,0.517599985
343,343,1629388.895760584,6127576.693071711,0.002908709
344,344,1629456.242301658,6127587.198973368,0.490871161
345,345,1628854.892828781,6127461.780968326,0.918630145
346,346,1629169.704909411,6127459.780354782,0.816637165
347,347,1629428.482304723,6127525.59512298,0.501507808
348,348,1624032.19294897,6127442.962725408,0.726058482
349,349,1629096.362180011,6127425.71642087,0.752874997
350,350,1623879.80358736,6127424.971853113,0.906156375
351,351,1624005.50428657,6127425.59941689,0.734950133
352,352,1629407.829737403,6127409.773864498,0.425512496
353,353,1629415.87515453,6127394.912358939,0.977225315
354,354,1622390.485726905,6127404.803733934,0.860844451
355,355,1629366.760662785,6127385.000931969,0.433374996
356,356,1624021.807925412,6127390.689214076,0.723275018
357,357,1623819.33877252,6127393.695284402,1.157770918
358,358,1624034.676885413,6127377.365652407,0.759029574
359,359,1624062.717663158,6127360.695105886,0.718535086
360,360,1623768.334864604,6127368.62862091,1.470106943
361,361,1625948.783777737,6127437.771657697,-0.11635821
362,362,1621090.671390949,6130766.778854431,0.605439482
363,363,1625325.830588585,6128318.659426573,0.667803275
364,364,1624608.295128062,6127477.754025881,0.020132781
365,365,1624251.505019919,6127234.841369361,-0.107829672
366,366,1624271.387625451,6127220.672863408,-0.032664453
367,367,1624283.657446976,6127210.678110759,-0.758405983
368,368,1624295.927241654,6127200.683336694,-0.758405983
369,369,1624333.282351715,6127150.773306961,-0.758405983
370,370,1624168.53664042,6127101.376149775,0.928891567
371,371,1624188.841650566,6127091.251152822,0.835490443
372,372,1627412.156477274,6127093.061322973,0.914954447
373,373,1627209.628219761,6127052.934292698,0.9517085
374,374,1627343.154037925,6127052.583154597,0.823829777
375,375,1627230.206720073,6127042.959143066,1.352174986
376,376,1627431.043709164,6127042.356992959,0.880650009
377,377,1627414.618891828,6127032.444288169,0.860295982
378,378,1627394.095406072,6127022.5438814,0.853987488
379,379,1624242.179516647,6127026.490038116,0.903710523
380,380,1627373.571964693,6127012.643426706,0.878047621
381,381,1627334.206517051,6127006.784287303,1.223694514
382,382,1627348.919983325,6126992.793201419,0.902775002
383,383,1622532.52232856,6127016.671870222,1.337137129
384,384,1624258.468266725,6126986.598379764,0.99465556
385,385,1627192.652708054,6126987.376608947,0.922769377
386,386,1627172.557460861,6126953.472191439,0.869451227
387,387,1627197.149502125,6126953.398851265,0.885437494
388,388,1627242.914237945,6126965.902125114,1.625320622
389,389,1627107.03034005,6126948.828422199,0.801526512
390,390,1627217.52245667,6126943.078045259,0.92258737
391,391,1627258.402526664,6126933.495968608,1.190017571
392,392,1627274.767377462,6126923.484905765,1.077964304
393,393,1624282.821505351,6126896.874805815,1.062100016
394,394,1624290.952417032,6126871.947919698,1.286987494
395,395,1627217.226423551,6126813.869371309,1.154391975
396,396,1627241.788315388,6126803.833884209,1.17445342
397,397,1627422.037092114,6126773.407054132,1.238849986
398,398,1622954.573719136,6126785.752651925,0.060913999
399,399,1627403.812493339,6126762.054144598,1.249272709
400,400,1627380.983085715,6126750.869256826,1.282950521
401,401,1627430.129348813,6126738.515305644,1.254052604
402,402,1622950.876403377,6126743.012356419,0.060913999
403,403,1622967.123499308,6126716.566967955,0.060913999
404,404,1623007.528449552,6126656.112142277,0.060913999
405,405,1623019.798907696,6126646.119048517,0.060913999
406,406,1623077.052107382,6126596.163921292,0.060913999
407,407,1623105.691114831,6126576.167205212,0.060913999
408,408,1623117.961326962,6126566.174015214,0.060913999
409,409,1623138.428481451,6126556.159997519,0.060913999
410,410,1623150.698630865,6126546.166761909,0.060913999
411,411,1626621.914665958,6126630.990896299,0.253508393
412,412,1627330.409336904,6127154.378947377,0.555981605
413,413,1623171.165704864,6126536.152658004,0.176235211
414,414,1620822.603351883,6126482.048574706,0.995421685
415,415,1620831.330958493,6126452.14244567,1.064740706
416,416,1621658.446849654,6126450.010085491,1.360181826
417,417,1620838.860466426,6126422.239055879,0.905650006
418,418,1620847.000336209,6126397.315280346,0.903187506
419,419,1620855.140160893,6126372.391498187,1.039050022
420,420,1624424.818932925,6126353.56157583,1.117258461
421,421,1624444.685176793,6126343.546228447,1.039372277
422,422,1624473.94618555,6126333.50560156,1.113310781
423,423,1620608.945134797,6126244.172772859,0.868639997
424,424,1620584.474161449,6126219.227990622,0.974000009
425,425,1627121.029574262,6126186.580266737,0.806849978
426,426,1627096.471105414,6126176.653764558,0.753721289
427,427,1627059.527028258,6126156.839301643,0.82019998
428,428,1627079.129247459,6126163.975937217,0.839412243
429,429,1627026.681418578,6126137.012532878,0.822549996
430,430,1627046.283568962,6126144.1492389,0.946206607
431,431,1627007.382372601,6126121.218778979,0.98919101
432,432,1626973.314980622,6126107.284287139,0.897124243
433,433,1626952.794053271,6126097.382882186,0.789593471
434,434,1626928.174888275,6126087.493550817,0.811055527
435,435,1626911.752334586,6126077.579945075,1.046424982
436,436,1624075.639351934,6126045.66587924,1.128774982
437,437,1626927.882735306,6126027.450886776,1.055581081
438,438,1626989.872557713,6126018.156650046,0.895599991
439,439,1624050.517629409,6126014.645297237,0.375693268
440,440,1624033.895842253,6125984.005642923,0.185000002
441,441,1621456.572471604,6125932.664248003,0.914749857
442,442,1622000.663097831,6125941.374371284,1.33281192
443,443,1622042.470644931,6125911.221160451,1.005701158
444,444,1624267.885088915,6125905.337971036,0.201345457
445,445,1624292.448627984,6125895.659029245,0.185000002
446,446,1624345.727070746,6125896.244783831,0.185000002
447,447,1620772.082225564,6125894.402033793,0.949925007
448,448,1624308.814813199,6125885.653283969,0.185000002
449,449,1622050.691044707,6125881.435515834,1.788733309
450,450,1622066.611695298,6125884.390777362,1.121188989
451,451,1624333.27596365,6126004.805355068,0.907270464
452,452,1620760.979213489,6125881.648842037,1.015587907
453,453,1623697.675150225,6126425.943897285,0.5540129
454,454,1623997.808620687,6125918.795220959,0.185000002
455,455,1622083.354307587,6125861.344042081,1.124659091
456,456,1620776.519100434,6125855.12410878,1.027366979
457,457,1623965.832844326,6125848.37379911,0.185000002
458,458,1624616.212847302,6125835.221832835,0.185000002
459,459,1620784.669981269,6125835.181379979,1.035618184
460,460,1623656.451250517,6125827.600615718,0.185000002
461,461,1624648.802569222,6125824.967330218,0.185000002
462,462,1624673.364586024,6125814.93873698,0.185000002
463,463,1623969.054664601,6125806.856519867,0.185000002
464,464,1624697.926478131,6125804.910106099,0.185000002
465,465,1624714.319080277,6125804.865658779,0.185000002
466,466,1624730.684667843,6125794.859122648,0.185000002
467,467,1623952.178344971,6125786.772463214,0.185000002
468,468,1624763.442739037,6125784.808079462,0.185000002
469,469,1624779.835305674,6125784.763514073,0.185000002
470,470,1626828.90681481,6125778.960593377,0.820635201
471,471,1626853.328195391,6125779.092954303,0.76429089
472,472,1624796.200762365,6125774.756888665,0.185000002
473,473,1620796.885274345,6125797.219430101,1.076732947
474,474,1623673.845924324,6125768.143255898,0.185000002
475,475,1624820.762448747,6125764.727910222,0.185000002
476,476,1624845.351244956,6125764.660890566,0.201136003
477,477,1622156.928775806,6125751.67075194,0.381539002
478,478,1624451.570595989,6125684.918978541,0.185000002
479,479,1624467.730032608,6125682.91915642,0.185000002
480,480,1624341.514866797,6125674.51394398,0.185000002
481,481,1624417.550920516,6125677.066435101,0.185000002
482,482,1624484.357507334,6125675.759204138,0.185000002
483,483,1623702.228675963,6125672.203108205,0.185000002
484,484,1624316.126447752,6125665.791548296,0.185000002
485,485,1624459.691818705,6125666.2876058,0.185000002
486,486,1624500.840231159,6125665.972749766,0.202450002
487,487,1624386.673797261,6125664.762042524,0.239531336
488,488,1624480.322091113,6125655.717185936,0.185000002
489,489,1624292.400821193,6125649.934232084,0.185000002
490,490,1624348.266294763,6125653.652392223,0.357838986
491,491,1624495.323582591,6125645.660305277,0.185000002
492,492,1624323.194391441,6125643.203807503,0.186690479
493,493,1624308.123811644,6125626.640519843,0.185000002
494,494,1624521.660879146,6125626.066896013,0.185000002
495,495,1623730.812855428,6125633.164911321,0.185000002
496,496,1624533.490811126,6125616.074373133,0.185000002
497,497,1624279.424052839,6125621.736008002,0.185000002
498,498,1624312.767684218,6125606.703925882,0.392920002
499,499,1624541.660108248,6125606.090267895,0.185000002
500,500,1623760.184097375,6125604.067321296,0.185000002
501,501,1624549.829387407,6125596.106155084,0.185000002
502,502,1624918.954904004,6125600.085135827,0.185000002
503,503,1624557.998648602,6125586.122034701,0.185000002
504,504,1624607.175270251,6125585.989352955,0.439350003
505,505,1624574.363986449,6125576.115804155,0.185000002
506,506,1624901.608822244,6125575.227290355,0.185000002
507,507,1624631.709717262,6125565.99884647,0.219550002
508,508,1625861.016981437,6125562.54932172,1.04364838
509,509,1623791.351877624,6125582.556455857,0.185000002
510,510,1624598.898477898,6125556.125385982,0.185000002
511,511,1624910.948374721,6125555.277542687,0.185000002
512,512,1625881.585741502,6125552.920597363,1.043508193
513,513,1624106.276805018,6125816.896063482,0.811482281
514,514,1624279.392491918,6125546.816007465,0.185000002
515,515,1624676.734225198,6125545.952788427,0.521938842
516,516,1624893.930036013,6125545.36194992,0.185000002
517,517,1625919.471983526,6125537.076964908,0.722682091
518,518,1625960.33489845,6125522.244415496,0.736065326
519,519,1624885.665942158,6125520.479256666,0.185000002
520,520,1625992.020773645,6125512.367894535,0.710225
521,521,1624702.083484563,6125712.636729448,0.668296864
522,522,1626030.243063518,6125502.066180522,0.736247267
523,523,1624333.26420214,6127903.687471277,0.624975237
524,524,1624295.497544828,6125502.147914401,0.185000002
525,525,1624869.205869069,6125495.618925512,0.185000002
526,526,1626074.021582138,6125492.250591071,0.663774998
527,527,1626508.41103633,6125490.997074219,0.104999997
528,528,1624860.982661898,6125485.679258735,0.185000002
529,529,1626090.385108171,6125482.241618477,0.877860837
530,530,1626491.821337428,6125480.878905952,0.104999997
531,531,1624844.563466901,6125475.761938017,0.185000002
532,532,1626463.275011775,6125471.204040981,0.104999997
533,533,1624828.144307777,6125465.844587763,0.185000002
534,534,1624319.96596067,6125457.253160386,0.185000002
535,535,1624803.529196841,6125455.949524684,0.185000002
536,536,1624328.002338897,6125397.459079904,0.592620055
537,537,1624361.35838586,6125387.407833848,0.185000002
538,538,1626259.09204522,6125432.209698867,0.697508798
539,539,1624355.361086877,6125367.142645765,0.185000002
540,540,1624139.363914664,6125348.150317111,0.185000002
541,541,1624155.75568952,6125348.106870214,0.185000002
542,542,1624221.296303949,6125337.970746923,0.468336003
543,543,1624322.675483378,6125349.520393787,0.407029928
544,544,1624048.989019905,6125328.669420532,0.185000002
545,545,1624187.887390929,6125328.097406396,0.185000002
546,546,1624030.734147881,6125319.387706156,0.185000002
547,547,1624073.717843736,6125318.437704935,0.185000002
548,548,1624228.84024542,6125318.026479537,0.185000002
549,549,1624015.455533041,6125307.381577325,0.185000002
550,550,1624057.29981676,6125308.518969325,0.185000002
551,551,1624303.175366664,6125307.866370718,0.185000002
552,552,1625934.150325282,6125303.369518322,1.065075011
553,553,1624040.881825655,6125298.600204172,0.185000002
554,554,1624000.151572891,6125294.014824958,0.185000002
555,555,1625934.093607786,6125283.445435713,0.254249998
556,556,1623980.549911465,6125280.927672827,0.185000002
557,557,1624016.241775417,6125278.740983283,0.185000002
558,558,1623967.042536885,6125269.636468194,0.185000002
559,559,1623999.823882924,6125268.82214423,0.185000002
560,560,1621327.965791817,6125265.506949774,0.570348212
561,561,1623950.807618321,6125258.763687197,0.185000002
562,562,1623983.406026301,6125258.903275634,0.185000002
563,563,1621307.452992188,6125255.592870308,0.507650986
564,564,1623966.98820555,6125248.984377493,0.185000002
565,565,1623933.441911856,6125240.273315922,0.185000592
566,566,1623958.766209038,6125239.043899364,0.185000002
567,567,1623942.348451026,6125229.124956862,0.185000002
568,568,1621278.05359413,6125237.322745215,1.325109326
569,569,1623925.930728887,6125219.205984822,0.185000002
570,570,1623909.513042621,6125209.286983237,0.185000002
571,571,1623893.282775486,6125199.11984926,0.185000002
572,572,1623877.611918831,6125187.66868778,0.185000002
573,573,1627316.234544995,6125181.538733521,1.029229819
574,574,1627213.390282279,6125166.487278123,1.015999989
575,575,1627267.199075675,6125175.028653949,0.954735489
576,576,1623860.485920611,6125169.227521882,0.185000002
577,577,1627941.646891461,6125138.039361449,0.588942992
578,578,1623819.253374739,6125133.270653504,0.185000002
579,579,1623845.710642278,6125146.103521227,0.200983101
580,580,1627974.146780693,6125092.794221576,1.384019225
581,581,1623816.279889365,6125100.125206631,0.185000002
582,582,1623827.219744409,6125069.338084106,0.185000002
583,583,1625736.175385583,6125064.840013043,0.558938783
584,584,1623835.527750235,6125059.844976317,0.185000002
585,585,1622446.177214741,6125053.616513264,0.550675002
586,586,1623851.893989425,6125050.24863414,0.185000002
587,587,1623868.090514176,6125040.039804709,0.185000002
588,588,1623925.212673159,6125009.799333053,0.184988795
589,589,1623982.645448476,6124970.004176075,0.185000002
590,590,1624056.221207442,6124900.075399605,0.185000002
591,591,1624080.568711315,6124809.62403666,0.185000002
592,592,1624072.335741785,6124795.430658233,0.185000002
593,593,1624088.700176192,6124785.425283527,0.192875002
594,594,1621154.697229344,6124767.806689317,0.798375016
595,595,1621162.86943541,6124757.825616895,0.792975011
596,596,1621170.081713375,6124747.838882278,0.962276021
597,597,1624063.995600197,6124740.661072265,0.185000002
598,598,1624050.336062877,6124740.441738114,0.185000002
599,599,1624022.913802082,6124700.921060777,0.185000002
600,600,1621850.27234986,6126441.413326539,0.748858269
601,601,1628053.367299923,6124654.984291185,1.806999981
602,602,1628071.243354843,6124639.533489185,0.790062495
603,603,1628087.633896122,6124639.482959869,0.939157918
604,604,1628099.896068348,6124629.482982448,0.739298018
605,605,1627833.321746992,6124610.581489777,0.104999997
606,606,1625466.923289114,6124575.73824809,1.04150001
607,607,1628464.211641338,6124508.805858368,0.155000001
608,608,1628004.001907555,6128827.457540362,0.563544784
609,609,1628318.003481157,6124542.940948559,0.444583353
610,610,1625364.308053911,6123750.881870664,0.234999999
611,611,1625604.181569799,6124756.371872977,0.710151297
612,612,1625327.206071931,6123685.181942931,1.339388872
