OID,FID_,X,Y,BCE_Whitfo
0,0,1776981.565155035,5915973.413771322,0.412
1,1,1777051.516260181,5915817.208468203,0.458333338
2,2,1777022.050759959,5915769.98438791,0.903873869
3,3,1777156.75674046,5915311.639808398,0.469999999
4,4,1777175.917975142,5915309.211653207,0.542972976
5,5,1777139.27147749,5915296.290211833,0.334171123
6,6,1777144.815606721,5914908.363438074,0.534629623
7,7,1777118.468756222,5914798.655345419,0.290259737
8,8,1777108.990410637,5914769.339751256,0.318000013
9,9,1777083.093509632,5914700.16967098,0.315192309
10,10,1773834.351578145,5914761.65993913,-0.403374991
11,11,1773818.165579876,5914557.587221638,0.244686193
12,12,1774127.001266681,5914192.31104003,0.008249999
13,13,1774108.410920448,5914144.83161802,0.211725001
14,14,1774093.553892393,5914123.19988181,0.364320991
15,15,1777369.982826473,5913990.633012376,1.10625785
16,16,1777455.758764218,5913989.453712282,1.044776527
17,17,1777437.082977282,5913944.36187264,1.094624975
18,18,1774122.26503703,5913953.306312238,0.286111109
19,19,1777451.426429232,5913864.292891917,0.963750008
20,20,1777497.6527346,5913844.278819587,1.124666667
21,21,1774142.460199471,5913788.170660859,0.292264154
22,22,1777358.699584574,5913733.270263414,0.705243026
23,23,1777576.398757144,5913585.812447585,1.081350218
24,24,1777715.948119325,5913529.284087352,1.160000006
25,25,1774178.164798251,5913563.092082921,0.582124976
26,26,1775940.675124299,5913538.668689872,0.600646552
27,27,1775866.556566143,5913508.369730693,0.418641964
28,28,1777583.057455859,5913510.700595277,0.850587514
29,29,1777747.288612978,5913469.030898554,1.004999996
30,30,1775766.096477975,5913490.506546204,0.502893077
31,31,1776042.293177771,5913524.658942227,0.746066917
32,32,1775745.880848424,5913480.953657429,0.581749999
33,33,1776082.0395745,5913473.993536664,0.583875002
34,34,1775729.667263689,5913471.317796619,0.598624997
35,35,1776089.630218845,5913453.894022753,0.667124996
36,36,1775697.033751824,5913442.079411367,0.612249997
37,37,1774150.938619862,5913489.623009399,0.621036449
38,38,1775681.295821515,5913427.18972037,0.680918372
39,39,1776109.25068109,5913410.514080961,0.870796037
40,40,1774136.073576153,5913434.332276694,0.542692291
41,41,1774062.863965773,5913406.021569102,0.194318181
42,42,1776131.559969412,5913373.003000835,1.081940295
43,43,1773973.375528959,5913337.95579592,0.122125
44,44,1777599.010181871,5913262.937467362,0.535250002
45,45,1773957.16443391,5913328.316594346,0.153749998
46,46,1773944.954872462,5913318.595815918,0.136792453
47,47,1777568.324662203,5913341.528328796,0.817157319
48,48,1773907.772020224,5913292.882025235,0.354108786
49,49,1773868.943577727,5913252.601288552,0.615604708
50,50,1777333.010314704,5913168.113679121,0.962388035
51,51,1775457.48679795,5913200.712573675,2.011675691
52,52,1777354.127422912,5913165.588673536,1.003879993
53,53,1777302.896936599,5913154.640614058,0.920433926
54,54,1777384.416455073,5913147.766666724,1.096335397
55,55,1777455.524196843,5913126.551951402,1.124399999
56,56,1773738.214497722,5913193.203690354,0.297125003
57,57,1777250.503935944,5913138.937961342,0.928812775
58,58,1777310.585585149,5913122.281772577,1.165862059
59,59,1773714.720448541,5913170.003236373,0.291564946
60,60,1775377.940926699,5913119.828810206,0.919821415
61,61,1777542.421541937,5913025.395849319,0.407870365
62,62,1773967.660706333,5913058.88591046,1.258999988
63,63,1773999.090402392,5913058.242211429,0.4612766
64,64,1773911.418566765,5913049.339480814,0.760555542
65,65,1777640.728281287,5912952.756748024,0.725090886
66,66,1773818.294036305,5913007.372707051,1.044504795
67,67,1775367.67736865,5913023.539788414,1.160751312
68,68,1777864.622189754,5912918.359378435,0.949607822
69,69,1773806.750706621,5912992.382872725,1.75919996
70,70,1777594.871715266,5912971.175597603,0.70004341
71,71,1777763.571736728,5912898.46043969,0.972499985
72,72,1775390.195326518,5912929.924463598,0.988250012
73,73,1774124.896245712,5912945.983750609,0.586346148
74,74,1775396.675549401,5912915.340701859,1.232037032
75,75,1777646.683203601,5912862.365477688,0.654716979
76,76,1777808.009999356,5912866.274127277,0.666500006
77,77,1774197.099995028,5912924.561229571,0.630886065
78,78,1777798.551761789,5912849.943951238,1.022962982
79,79,1777854.365858887,5912838.804302614,0.400000001
80,80,1774213.648160492,5912912.150279624,0.751066667
81,81,1774524.821680832,5912897.892552837,0.125249996
82,82,1777805.155782187,5912830.001193435,0.947096754
83,83,1774340.324462724,5912881.012183872,0.258076916
84,84,1774549.370612146,5912883.629970486,0.3627704
85,85,1775016.607121041,5912867.832444874,1.185625003
86,86,1774332.131668237,5912871.936388217,0.35737501
87,87,1777860.950771052,5912798.781511379,1.966326524
88,88,1774319.922404569,5912862.215956402,0.541312499
89,89,1777749.115471079,5913124.014242379,0.93913459
90,90,1777989.37683196,5912786.120247314,0.91187502
91,91,1777700.895887633,5912782.390125487,0.978888871
92,92,1777876.966020038,5912778.704941785,1.966250051
93,93,1775283.101613772,5912812.482294836,0.756078451
94,94,1777892.554936622,5912758.436022807,1.030181802
95,95,1774891.311746259,5912809.859808913,0.221914888
96,96,1775019.336878887,5912798.180182158,1.202222261
97,97,1775160.43019809,5912794.144583191,1.765761609
98,98,1775319.287850994,5912791.79337249,1.238808759
99,99,1774625.726235666,5912828.342491027,0.544327932
100,100,1775114.988063624,5912785.309489553,1.717735828
101,101,1775374.973819888,5912834.169389816,0.955035836
102,102,1777904.674302489,5912734.786156441,1.497351329
103,103,1774871.601835655,5912790.262426872,0.82136519
104,104,1775094.78984873,5912776.481872619,1.401772126
105,105,1777915.662731192,5912707.167573815,1.559230745
106,106,1773001.376896749,5912789.462948601,-0.341772144
107,107,1773455.882435043,5912909.286440869,0.728218653
108,108,1773576.984379709,5912747.807111454,0.212874998
109,109,1777666.381502694,5912663.457483047,0.996909107
110,110,1773464.5354651,5912730.162005751,-0.949508164
111,111,1777655.034304735,5912643.55113436,0.962205871
112,112,1773584.3763731,5912717.743501863,0.237374998
113,113,1774665.021375993,5912734.19964629,0.069498526
114,114,1773440.119187926,5912710.719365724,-0.499736832
115,115,1773423.909881426,5912701.079284391,-0.055749998
116,116,1777907.697194602,5912635.465247544,1.806032296
117,117,1773703.809666218,5912685.389081042,0.684875005
118,118,1774912.242725669,5912659.863212915,0.953999972
119,119,1773327.467458906,5912683.10606885,-0.828480987
120,120,1774904.049271646,5912650.788102228,0.987749986
121,121,1777675.063558656,5912605.540312544,1.031479997
122,122,1773295.252593655,5912673.792312387,-0.516118138
123,123,1773261.818889243,5912664.503395858,0.147710843
124,124,1773559.720161597,5912712.153138234,0.562178423
125,125,1773226.820746171,5912655.246229627,0.116937501
126,126,1773709.977919755,5912750.453383534,0.488123963
127,127,1773176.390900067,5912641.091832506,0.426185712
128,128,1773133.473304969,5912627.54939965,0.672612616
129,129,1774883.299022095,5912619.441499126,0.815682697
130,130,1777992.850518529,5912639.766866418,0.913998687
131,131,1773054.853603614,5912632.992293998,0.951867053
132,132,1773109.96637922,5912617.744942331,0.31025
133,133,1773725.88384345,5912618.52611693,0.817218685
134,134,1777902.916141687,5912508.736912789,0.911730736
135,135,1777975.526115141,5912507.215753049,0.939624999
136,136,1773085.551360459,5912598.300806285,-0.050624994
137,137,1774666.954661785,5912613.756316693,0.388096166
138,138,1777919.462511348,5912498.620329743,0.90999998
139,139,1773045.130980975,5912579.182698663,0.045999994
140,140,1777941.642748977,5912484.427051869,0.988563975
141,141,1774861.287798647,5912527.810981236,0.652499999
142,142,1773673.568567201,5912550.327453014,0.335630126
143,143,1774664.540146425,5912514.641972581,0.504507157
144,144,1773523.570442786,5912484.668786957,1.243374984
145,145,1777940.973707399,5912392.994805421,1.083012815
146,146,1774683.633169024,5912416.019493016,-0.851071419
147,147,1777652.073166267,5912354.447695705,0.983291137
148,148,1774683.223188252,5912396.085881645,-0.567962962
149,149,1774665.814333153,5912356.559834874,0.811898734
150,150,1775025.935042158,5912349.146107035,0.832125
151,151,1775017.561312689,5912339.146384037,0.549090902
152,152,1777674.787685409,5912284.375214632,1.007962976
153,153,1774949.601578176,5912335.762283945,0.695249997
154,154,1774981.174305184,5912343.628384678,0.774033412
155,155,1775033.17394175,5912330.069940085,0.764009222
156,156,1774679.255382976,5912328.86291383,0.01371069
157,157,1777509.941363053,5912257.707340206,1.000624998
158,158,1775020.165895829,5912306.611076515,0.667682394
159,159,1777796.149062288,5912346.979043099,1.069435051
160,160,1777809.379347156,5912210.691383743,1.020129302
161,161,1777904.612949096,5912179.650461867,0.99549998
162,162,1774642.287524326,5912269.990628105,0.200328425
163,163,1777871.301509567,5912181.557208559,0.775283842
164,164,1777832.171921362,5912161.225150023,0.776306527
165,165,1777698.257826483,5912157.547748296,1.033862444
166,166,1773573.825590891,5912451.150734571,0.81653377
167,167,1777935.788157227,5912139.112368728,1.09774996
168,168,1773542.181786389,5912220.058439204,1.381624959
169,169,1777687.60370772,5912139.323058831,1.152608691
170,170,1777863.398828349,5912130.858753457,0.241851856
171,171,1777700.107994489,5912122.937524827,1.024876334
172,172,1777846.703878003,5912110.956708443,2.116250003
173,173,1777884.709922011,5912121.464911824,0.985879824
174,174,1777719.049746539,5912103.966995992,0.898421049
175,175,1777760.152590146,5912135.923947599,0.787499996
176,176,1777738.617425389,5912093.424476582,1.040645163
177,177,1777888.448721618,5912072.026746079,1.435036619
178,178,1777929.378053804,5912096.647256552,1.246297588
179,179,1777941.962764951,5912059.414267629,1.060000007
180,180,1777493.146256198,5912028.720411783,1.036000014
181,181,1777981.263835584,5912008.887574951,1.464090873
182,182,1774698.249820618,5912098.553034807,1.519550552
183,183,1774715.271630166,5912036.469696982,1.411153874
184,184,1777524.322727466,5911988.183879041,0.940541654
185,185,1777887.229148279,5912008.92127498,1.265480932
186,186,1775170.79079719,5911997.172512281,0.206000004
187,187,1774715.563623946,5912015.660941484,2.238211361
188,188,1777874.772759572,5911940.196251282,1.238349519
189,189,1777563.779872186,5911937.545092829,0.882677059
190,190,1774759.580606788,5912004.961235298,0.552222858
191,191,1777637.400732067,5911929.394352965,0.943795839
192,192,1774721.398078372,5911970.967184077,0.915454531
193,193,1774821.727339651,5911976.918347066,0.644192952
194,194,1777642.691258157,5911905.938784244,1.063375001
195,195,1777905.912707424,5911884.906728009,1.778918917
196,196,1777514.013306852,5911877.988889058,1.149411805
197,197,1777505.817832387,5911868.91605186,1.149499948
198,198,1777947.304441,5911928.763926035,1.4705689
199,199,1774705.731995055,5911944.502795092,2.103118455
200,200,1772745.924663799,5912370.398154446,0.861721058
201,201,1775044.639790164,5911710.814519856,0.683214293
202,202,1777429.423538801,5911661.117028545,0.963375001
203,203,1777551.442974663,5912327.755558136,0.999834152
204,204,1777492.542574645,5911643.767376783,1.220147776
205,205,1777466.645598414,5911634.112278015,1.281176507
206,206,1774998.558783104,5911673.864674439,0.800609312
207,207,1774979.44545766,5911647.14513532,0.880312479
208,208,1774971.51346493,5911622.380949531,0.924313744
209,209,1774978.726621626,5911612.261187822,0.948624974
210,210,1774914.505370937,5911603.61339571,0.880999987
211,211,1774957.599361584,5911602.725544577,0.94807409
212,212,1774886.234360743,5911568.446160172,0.464221747
213,213,1774875.862744773,5911541.259370867,0.706932767
214,214,1774776.673136376,5911526.884510156,0.738245617
215,215,1774856.849511718,5911525.032527139,0.793749987
216,216,1774848.64236521,5911515.230490827,0.898249999
217,217,1774685.313515102,5911687.384233542,0.855793244
218,218,1774759.975984263,5911511.505624277,1.089636361
219,219,1774832.433457648,5911505.593099311,0.78341773
220,220,1774728.545152998,5911504.732624161,1.168132304
221,221,1774650.04390714,5911492.820124454,1.124005515
222,222,1774772.442914524,5911487.470414138,0.906981121
223,223,1774808.017308055,5911486.153840096,0.745875011
224,224,1774615.56265578,5911470.171880537,0.986124989
225,225,1774794.407292334,5911473.139309191,0.770759488
226,226,1774767.407491093,5911457.803750596,0.816078435
227,227,1774783.396203089,5911456.747576036,0.833374991
228,228,1774606.963659873,5911457.052945149,1.168684224
229,229,1774630.998996991,5911450.113578039,0.93446428
230,230,1774871.497702401,5911450.585834871,1.02244093
231,231,1774718.971328362,5911438.131467459,1.029625008
232,232,1774741.731582353,5911445.387886794,1.243392841
233,233,1775159.654848221,5911429.051633751,0.852745078
234,234,1775158.660152317,5911409.13001589,0.796624994
235,235,1774855.032205351,5911410.967460187,0.871363629
236,236,1774838.343259343,5911395.991234996,0.821929813
237,237,1774688.673742098,5911406.374966102,0.801339624
238,238,1774829.970755131,5911385.991162426,0.79099999
239,239,1775139.896994894,5911383.481510212,0.90089744
240,240,1775125.845614556,5911370.649698887,1.286470583
241,241,1775141.595218922,5911329.71348992,0.955094346
242,242,1775156.431756859,5911329.407421597,0.872692304
243,243,1774789.087092608,5911346.938381434,0.718458986
244,244,1775124.81451876,5911321.474426084,1.360178581
245,245,1775172.978678928,5911319.296205611,0.858363629
246,246,1775099.301980314,5911312.982989863,1.199312018
247,247,1775192.573005174,5911303.96471202,0.954018976
248,248,1775081.373275562,5911284.423923242,1.051416619
249,249,1775244.005620242,5911277.744913966,0.937750003
250,250,1774531.817071504,5911282.645439229,0.817777778
251,251,1775055.76060524,5911271.657304049,1.037987392
252,252,1775251.816570494,5911268.339663984,0.927499982
253,253,1774508.40271411,5911267.806912543,1.091957549
254,254,1774470.371976888,5911249.136410521,0.724579702
255,255,1774859.675128944,5911239.827820844,0.643872667
256,256,1775250.821289775,5911227.950073974,0.860892872
257,257,1774450.610849449,5911234.258045341,0.907624997
258,258,1774803.367841508,5911220.971347033,0.66048738
259,259,1774418.194875076,5911214.982012642,0.834875004
260,260,1774479.987144389,5911338.946863853,0.925632067
261,261,1774766.264377048,5911207.82409687,0.580312503
262,262,1775033.734606301,5911202.313973467,0.944727265
263,263,1775587.026855394,5911129.844693174,0.698606492
264,264,1775619.062870708,5911104.474775862,0.83997487
265,265,1775608.344159002,5911075.187309119,0.84773381
266,266,1775583.749293577,5911061.332344838,0.780625011
267,267,1775567.540270828,5911051.696192363,0.768000006
268,268,1775559.332619851,5911041.894848246,0.668500004
269,269,1775550.965768283,5911012.137388572,0.771304344
270,270,1775289.109917958,5910748.346278886,1.021000001
271,271,1774661.349278944,5911198.025739933,0.897675925
272,272,1775360.81174275,5910731.908709874,0.417
273,273,1775663.68659516,5910640.891775827,0.199000009
274,274,1775173.179213482,5910578.020306034,1.265824734
275,275,1775733.049599923,5910539.744980278,1.029625025
276,276,1775585.258881551,5910533.416600725,0.961651372
277,277,1775234.775402027,5911002.724110264,0.80656199
278,278,1775764.640955807,5910519.148343594,1.101749978
279,279,1775069.485434416,5910539.733320809,3.222360398
280,280,1774991.976896126,5910510.256281649,1.429968448
281,281,1775815.91934826,5910488.43767359,1.485660392
282,282,1775176.172280958,5910516.629141444,0.745430843
283,283,1775751.374397129,5910480.200967246,1.073000004
284,284,1775843.824778729,5910477.624041668,2.111999957
285,285,1775139.330408653,5910472.247576634,-0.687250008
286,286,1775799.701090111,5910466.666012448,1.373397528
287,287,1775131.123842312,5910462.445823249,-0.866075957
288,288,1775104.6363184,5910430.442635307,-0.350926934
289,289,1775481.138177514,5910385.418961138,-0.073
290,290,1775081.576442617,5910388.684889712,-0.269000005
291,291,1775381.912813307,5910203.100684376,1.285760861
292,292,1775516.366797359,5910125.441602852,0.902911404
293,293,1775268.093730961,5910110.429004178,1.06839288
294,294,1775570.721524214,5910044.548375673,0.75076923
295,295,1775594.310678983,5910024.118093594,0.839875009
296,296,1775572.301003355,5910014.602333459,0.990322576
297,297,1775593.740930981,5910004.388876544,0.837454555
298,298,1775609.329439252,5909984.12407807,0.719259265
299,299,1775158.786205654,5909863.609478381,1.353374986
300,300,1775119.139339655,5909858.916446177,1.080849042
301,301,1775143.03969903,5909849.541732624,1.096402891
302,302,1775114.670710293,5909665.098139765,1.239625023
303,303,1775122.322274893,5909649.88794571,1.306496832
304,304,1775129.940005861,5909629.8578542,1.350500021
305,305,1775326.900773857,5910223.637630165,0.954408163
