OID,FID_,X,Y,BCE_Mouter
0,0,1600728.620776206,5445368.482428241,0.453249998
1,1,1601223.984450811,5446920.504524721,1.026508472
2,2,1604398.020845377,5440691.108090823,1.573365855
3,3,1602269.617424413,5442805.852380342,1.531166636
4,4,1602253.058789229,5443455.482937056,1.275597424
5,5,1602977.503324379,5443055.496842684,0.87335592
6,6,1601474.470106784,5446020.015064147,1.464333342
7,7,1603282.13079523,5443805.323146951,0.95469878
8,8,1604350.314106792,5440524.140416488,1.818736775
9,9,1601341.867381641,5447140.152374745,1.287670056
10,10,1601217.284779115,5445594.155443246,1.518563145
11,11,1600734.176995711,5445463.727102813,2.355160481
12,12,1599988.559547504,5445017.166275117,1.362812632
13,13,1602260.995707705,5442783.160806362,2.038241705
14,14,1600993.896749616,5446466.805842431,1.522450984
15,15,1601571.537372356,5447368.540972278,0.889846419
16,16,1601598.294542275,5447352.252196215,1.180014759
17,17,1601617.712408979,5447327.086542284,1.004203717
18,18,1601551.489471768,5447320.738450006,0.16975
19,19,1601487.387102926,5447285.860053098,0.618973327
20,20,1601468.53220776,5447265.91975729,0.635300003
21,21,1601453.447572813,5447245.978660946,0.682799985
22,22,1601618.835860335,5447271.707542408,1.015196722
23,23,1601427.05063782,5447216.067696839,0.471727656
24,24,1601413.653524811,5447188.906831014,0.452800948
25,25,1601353.913601653,5447175.535407395,0.807249991
26,26,1601556.230089686,5447179.630725862,0.996249996
27,27,1601374.252714612,5447131.315329544,0.518043333
28,28,1601347.855593046,5447096.418041239,0.610924997
29,29,1601337.699150477,5447070.629538061,0.719057688
30,30,1601317.685965493,5447046.563250783,0.735400015
31,31,1601306.32780348,5447085.205994554,0.961421366
32,32,1601251.224507444,5447021.836597369,0.988083182
33,33,1601523.213400826,5447011.612629185,1.184000075
34,34,1601257.356643656,5446997.442332218,0.852400014
35,35,1601279.97669148,5446996.70965587,0.610174998
36,36,1601507.470692471,5446950.113714789,1.097826847
37,37,1601495.106974335,5446913.171823782,1.216944443
38,38,1601542.946033844,5446880.708630946,1.164906592
39,39,1601589.088715643,5446857.04016497,1.104199996
40,40,1601623.01390033,5446837.08858675,1.235787473
41,41,1601636.524451617,5446754.285524178,1.175133791
42,42,1601730.748609136,5446719.170641194,1.138467399
43,43,1601701.260350709,5446678.269324983,1.041166643
44,44,1601694.43675117,5446667.744888213,1.033308843
45,45,1601521.63174727,5446700.522904842,1.193620497
46,46,1601661.255496027,5446630.183564274,1.126749992
47,47,1601667.885146547,5446542.744666456,1.106981125
48,48,1601470.601524387,5446527.986835225,1.019763279
49,49,1601744.338647723,5446513.788737438,1.145353629
50,50,1601553.209051583,5446490.630021604,1.138269346
51,51,1601767.589071214,5446459.040912668,1.029272713
52,52,1601143.686209139,5446640.891176144,1.035331962
53,53,1601122.292938544,5446409.053283906,0.52504763
54,54,1601177.341827641,5446393.212055816,-9999.0
55,55,1601777.472606266,5446388.309728335,1.039300007
56,56,1601311.252948802,5446344.425639907,0.392416666
57,57,1601590.120602718,5446345.168059872,0.550209909
58,58,1601368.570739334,5446342.004697467,0.28506666
59,59,1601604.052577897,5446328.517421974,0.548100011
60,60,1601611.589908845,5446319.272446746,0.305788461
61,61,1601020.124254939,5446316.263316102,1.026154196
62,62,1601434.000648675,5446322.903881572,-0.181999996
63,63,1601566.191200431,5446248.236758955,2.325409854
64,64,1601784.38616755,5446260.3317888,0.726759999
65,65,1601327.199871401,5446052.204083301,1.088149996
66,66,1601559.355611246,5445995.007590605,0.816906985
67,67,1601400.242503328,5446037.052514265,1.159084786
68,68,1600923.008554329,5446262.654456198,1.159999838
69,69,1600842.756942256,5445907.75906433,1.124566714
70,70,1601354.828311321,5445866.351789901,1.319909058
71,71,1601496.572622308,5445860.2880704,0.993130446
72,72,1602039.023842291,5445773.067479191,2.715723598
73,73,1602056.105780235,5445754.582166592,1.71147714
74,74,1602073.644470828,5445681.284187031,1.797118838
75,75,1601917.60379475,5445690.629461936,1.107754593
76,76,1602120.301799502,5445660.243031359,1.253375715
77,77,1600585.103099653,5445608.78538402,0.895647935
78,78,1600742.295778104,5445647.836704103,1.180775111
79,79,1600784.347238255,5445624.097673551,0.914309335
80,80,1601219.47741281,5445597.527465492,1.62989479
81,81,1602139.134704724,5445600.418892122,1.468950011
82,82,1600728.862477712,5445590.72351729,0.75591305
83,83,1601175.834646965,5445586.627107473,1.132375002
84,84,1601844.563422895,5445594.564733001,2.440433332
85,85,1602108.825268015,5445590.660123345,1.243923102
86,86,1602150.006264836,5445590.164282213,1.63685914
87,87,1600628.210930333,5445592.239557469,0.961771257
88,88,1601866.878395485,5445578.697567366,2.536891899
89,89,1602164.902961835,5445580.076948645,1.883253584
90,90,1601877.294800007,5445563.237806829,1.980670399
91,91,1600571.249674621,5445541.08163633,0.79223077
92,92,1601916.165181378,5445520.414147669,1.367014608
93,93,1602083.559828324,5445548.770480248,0.884431215
94,94,1600503.092198693,5445451.337905854,0.940076923
95,95,1600744.603730244,5445462.38837574,0.393668854
96,96,1602148.633232878,5445447.53974771,0.896109149
97,97,1602287.215995787,5445386.525230471,1.439387345
98,98,1602304.778106538,5445370.838404316,1.276473681
99,99,1600736.925636583,5445341.420641163,2.046774988
100,100,1600706.771270595,5445331.451534904,1.309324992
101,101,1602262.881604952,5445357.394283057,1.162321522
102,102,1600586.154049483,5445284.341504433,0.555581404
103,103,1600235.618583952,5445132.040184112,0.288586664
104,104,1600299.004911641,5445135.294769653,0.27321739
105,105,1600886.968572578,5445091.007877751,0.641999994
106,106,1602131.441932155,5445071.900599788,1.27228573
107,107,1600369.341475998,5445301.636893569,1.052492714
108,108,1600117.322393511,5445012.882498148,0.919748694
109,109,1601091.186596271,5444887.669141307,0.427150337
110,110,1600451.429094689,5445116.44746948,1.141908609
111,111,1601130.040893084,5444814.518919815,0.539874993
112,112,1601146.351748048,5444792.185366534,0.410022829
113,113,1601170.537870984,5444735.080253336,0.406116283
114,114,1601122.118558834,5444721.462365117,0.862290441
115,115,1602307.625228802,5444702.77468619,1.324234299
116,116,1601111.120564649,5444690.326090354,1.081840699
117,117,1602344.464883895,5444685.676444206,1.095906251
118,118,1601166.113263947,5444634.491175535,0.70526064
119,119,1602357.278813618,5444597.88010547,1.846014925
120,120,1602363.725162192,5444582.283464778,1.731979186
121,121,1602395.554046865,5444578.618784441,1.162374958
122,122,1602380.220552399,5444573.054918383,1.253730226
123,123,1601302.149077496,5444483.741902404,2.500000001
124,124,1602589.109771527,5444472.929534833,1.014189201
125,125,1602575.963210297,5444433.543323317,1.260775013
126,126,1601275.774120082,5444447.692177238,0.769867677
127,127,1601347.42175195,5444423.810368955,3.361328338
128,128,1602564.803314977,5444350.296510566,1.307999998
129,129,1601290.003847688,5444355.306006877,0.779999971
130,130,1601262.865915106,5444337.532375418,0.788000009
131,131,1601440.34055251,5444347.115222891,0.308461545
132,132,1601490.548949336,5444303.479340041,0.517760003
133,133,1601241.538077182,5444349.446138225,0.823143461
134,134,1602568.921531063,5444283.962384274,0.94059184
135,135,1602567.981120752,5444250.17835224,1.254358327
136,136,1602749.241180477,5444214.0939252,1.25684998
137,137,1602771.852744643,5444214.085380719,1.363974959
138,138,1602741.690893469,5444179.194401621,1.082128563
139,139,1602806.03502336,5444178.967057443,1.001699987
140,140,1602726.611006389,5444164.241885505,1.102328585
141,141,1602633.760553553,5444157.492901232,1.087230769
142,142,1602621.083938037,5444144.336301099,1.525587489
143,143,1602613.543254331,5444134.366897914,1.473928555
144,144,1602862.248207651,5444084.413157628,1.282075
145,145,1602884.752349082,5444084.223614759,1.468666671
146,146,1602824.559080276,5444074.455721642,0.886514285
147,147,1603054.056790619,5443970.20778191,1.366000056
148,148,1603058.144822926,5443924.780054587,1.070250013
149,149,1601496.033946459,5444101.656976892,0.718113761
150,150,1603382.977216818,5443780.064401274,0.326615885
151,151,1603269.028220938,5443590.622977152,-0.104513633
152,152,1601478.841900907,5443577.361477233,0.974965703
153,153,1603404.821961735,5443555.86304498,-0.089528305
154,154,1603291.619879534,5443550.724372241,0.26787826
155,155,1601683.166696475,5443531.044607464,0.829999983
156,156,1601850.191984198,5443501.255938877,1.317802969
157,157,1601433.997317878,5443532.677144255,0.784362663
158,158,1603367.100069462,5443538.280899155,0.107147104
159,159,1602182.002554537,5443476.906268616,1.130500012
160,160,1603569.236410348,5443475.067859811,0.259684208
161,161,1603147.511575485,5443444.197141511,0.890166663
162,162,1601851.28742396,5443478.440732268,1.333961982
163,163,1602221.711537482,5443416.170928087,1.409864414
164,164,1602215.360762611,5443405.635777757,1.482999968
165,165,1601926.844165315,5443398.329944869,1.163405708
166,166,1602281.22755717,5443390.299843353,1.622517027
167,167,1603226.385444446,5443370.459130948,1.818523102
168,168,1601527.303568289,5443380.369166147,0.849075063
169,169,1602012.639444645,5443308.325197336,1.064408814
170,170,1603412.289017809,5443156.257517747,1.881565205
171,171,1603433.708522862,5443162.774367281,1.641645844
172,172,1603401.046864677,5443146.586542887,1.880741017
173,173,1603376.922946947,5443121.947478801,1.655131059
174,174,1603340.694687805,5443096.342322958,2.351000024
175,175,1602649.486475055,5443070.959155011,1.391777642
176,176,1602688.004356184,5443021.879498962,1.439698111
177,177,1602729.51745527,5442999.671721633,1.389761191
178,178,1603577.763801095,5442986.949933398,1.35834246
179,179,1602300.016868223,5442977.106459474,1.007649988
180,180,1602767.358065835,5442960.924786762,1.369521969
181,181,1603636.111630243,5442921.907755933,0.892724554
182,182,1602298.666351542,5442897.930587086,0.938705868
183,183,1603544.976941444,5442885.399631713,0.204163563
184,184,1602287.940176381,5442826.224054456,1.128144083
185,185,1602522.619177853,5442748.274779662,2.909285713
186,186,1602597.083733471,5442788.086088827,0.645843409
187,187,1603273.41364888,5442626.158387913,1.460184208
188,188,1602672.915700499,5442608.980436211,0.995831771
189,189,1602740.915655898,5442519.041649111,1.045000019
190,190,1603258.6881114,5442452.05728647,1.424948244
191,191,1602267.409359237,5442703.94395359,1.128920129
192,192,1602758.402350131,5442458.643616832,1.083999952
193,193,1603829.541450856,5442430.255934736,3.08573741
194,194,1603111.19709392,5442375.136151915,1.363047481
195,195,1603117.990861229,5442339.423685068,1.207346687
196,196,1603125.325476121,5442329.253288217,1.293914243
197,197,1603861.339601748,5442340.783675176,2.197477964
198,198,1602823.562752322,5442349.700754616,0.944816668
199,199,1603046.230413706,5442297.888060327,1.36606543
200,200,1603133.438870355,5442310.938687818,1.367811095
201,201,1604153.855409959,5442298.171801286,1.357954921
202,202,1604179.313312083,5442297.966731603,1.393677583
203,203,1603125.593445737,5442288.757748697,1.846428555
204,204,1603914.441837235,5442298.758986108,3.159982531
205,205,1604025.118695768,5442292.134125317,2.841023605
206,206,1604129.605871794,5442295.480830004,1.536749992
207,207,1602902.049929589,5442213.155173624,0.766250022
208,208,1602909.123120587,5442202.439598071,0.83171429
209,209,1603218.459661141,5441874.74599801,0.900000036
210,210,1603241.872762163,5441855.479372508,-9999.0
211,211,1603256.221571273,5441844.948270117,1.015333295
212,212,1603284.439146318,5441830.529338787,1.097123277
213,213,1603341.335297938,5441731.998679142,2.080473115
214,214,1603366.223767554,5441709.527147202,2.847681853
215,215,1604063.500103515,5441647.057423751,1.222000003
216,216,1603337.34099723,5441666.742765067,0.898956293
217,217,1603524.13449757,5441531.577829663,3.042083323
218,218,1603434.162832569,5441485.852193946,0.907715546
219,219,1603705.518393585,5441332.373989895,0.685048771
220,220,1603747.713269793,5441287.830056179,1.019199008
221,221,1603783.655070817,5441181.612461062,3.42000006
222,222,1604426.731061387,5441171.067026749,-9999.0
223,223,1603765.116304381,5441166.08006974,1.132576211
224,224,1604554.60013634,5441158.168865766,1.093571437
225,225,1603780.240711727,5441132.973938341,1.117638266
226,226,1604676.410224066,5441088.5155296,1.399000049
227,227,1603801.272386058,5441098.977321114,1.63815259
228,228,1604578.748479446,5440997.634879222,1.07248935
229,229,1604088.902709587,5440714.930275158,1.34058823
230,230,1604261.650937315,5440531.360730869,1.113711799
231,231,1604376.654059721,5440626.490822258,1.446711429
232,232,1604232.036113374,5440487.737461018,1.163022758
