OID,FID_,X,Y,BCE_Firth_
0,0,1816170.291845408,5914897.421904258,-0.053949684
1,1,1816177.918320729,5914882.266857567,0.555925008
2,2,1816176.80573092,5914827.437722879,0.263437502
3,3,1816161.017929725,5914847.787394688,-0.574722312
4,4,1816269.401377355,5914361.287422761,-0.371090911
5,5,1816256.047526613,5914331.704908728,-0.100350001
6,6,1816242.51676349,5914272.204606535,0.445580244
7,7,1816264.836188752,5914181.869875794,0.861530614
8,8,1816246.972369738,5914132.453927389,-0.899999976
9,9,1816253.126460346,5914082.426861241,-0.500693879
10,10,1816243.929016695,5914012.842204282,-0.781324987
11,11,1816258.799341856,5913967.580389525,3.265065553
12,12,1816244.752899794,5913953.392243398,0.325107812
13,13,1816323.54400748,5913701.618807543,-0.417461545
14,14,1816960.353139978,5912578.97860656,-0.899549028
15,15,1817164.37500188,5912413.450929131,0.037810136
16,16,1817180.38375274,5912413.04164214,1.566913587
17,17,1817259.407744243,5912371.123998848,0.741762497
18,18,1817631.612026424,5911892.806441846,-0.654913562
19,19,1817669.843262832,5911822.00691753,-0.622099991
20,20,1818966.193412801,5910202.756768077,1.091563627
21,21,1818949.366808025,5910193.943723983,-0.318294104
22,22,1795295.904475274,5910461.203227775,-0.624705886
23,23,1795764.278679359,5909941.814119154,-0.366874983
24,24,1796256.894256006,5909780.847994777,-9999.0
25,25,1796263.051204933,5909700.924842398,-9999.0
26,26,1820007.69329021,5909008.811135387,-9999.0
27,27,1819895.158640658,5908991.779303418,1.888412473
28,28,1819919.181277992,5908991.884011364,1.59005882
29,29,1819946.47140916,5908979.890401352,-9999.0
30,30,1820010.918557597,5908978.804010293,-0.06494804
31,31,1819933.264696337,5908911.197040643,1.841537012
32,32,1819913.828621397,5908791.604293897,2.155736796
33,33,1819914.098798335,5908848.373724499,2.052729936
34,34,1819937.610966158,5908776.227400066,1.996137528
35,35,1797628.296272206,5908881.397030068,2.640196083
36,36,1797636.41549007,5908861.262470224,-0.371142857
37,37,1797681.397608349,5908730.569143169,0.132025328
38,38,1797689.165451405,5908720.415417115,-0.329493661
39,39,1820434.009332281,5908159.885103206,-0.116325009
40,40,1798718.73154247,5907908.509828418,-0.536075955
41,41,1821235.804977963,5906972.181537168,-0.674377314
42,42,1800020.051135422,5907429.138832472,-0.22675
43,43,1800230.610074005,5907194.79219759,-0.12175
44,44,1800289.420304933,5906973.998458764,0.091749999
45,45,1821763.538624236,5906349.940203996,-0.83501816
46,46,1800254.954225183,5906870.096634896,0.164343749
47,47,1821780.972782012,5906069.991338618,0.27248002
48,48,1821956.419833433,5906045.449912717,5.573333263
49,49,1800353.502331554,5906402.640751934,0.099142259
50,50,1822073.012894738,5905808.135047479,2.141440809
51,51,1822113.09736264,5905632.382117201,0.0626125
52,52,1822102.792747483,5905576.540653169,1.827756067
53,53,1822538.04451515,5904464.160878154,-0.045187502
54,54,1822530.106915612,5904444.419782862,0.566493669
55,55,1822538.163489611,5904424.258589116,3.762080029
56,56,1822521.324429777,5904414.726081003,-0.108524997
57,57,1822516.80230845,5904394.895268236,1.172887507
58,58,1822477.151015935,5904256.28954377,-0.813149978
59,59,1822460.110223293,5904216.837872619,-0.768374977
60,60,1822448.575282998,5904183.891467034,-0.036100006
61,61,1822426.552487628,5904157.870273503,0.454875001
62,62,1822553.454083191,5904114.638295362,0.847574988
63,63,1822409.250395633,5904108.450599676,1.647759469
64,64,1822380.962372025,5904077.74404349,1.926957783
65,65,1822352.286347024,5904050.097231797,2.050679202
66,66,1822327.189919724,5904030.806352708,0.922774993
67,67,1822318.670039155,5904011.080390235,0.6329
68,68,1822364.818484777,5903940.045662568,2.139912546
69,69,1822492.483923747,5903986.699319063,1.403686825
70,70,1822503.260172388,5903889.370749047,0.275133176
71,71,1822493.243509106,5903781.722263517,1.392145375
72,72,1803267.757391906,5903686.76082579,-0.061875004
73,73,1803495.289871544,5903167.674520022,0.004375
74,74,1803478.461449319,5903133.172485207,-0.15025
75,75,1803461.752895671,5903103.654182096,-0.060375003
76,76,1803444.924717602,5903069.152071295,-0.049249998
77,77,1803427.976940661,5903029.666193028,-0.250124996
78,78,1803393.602982087,5902930.759336974,-0.469677417
79,79,1803377.238624295,5902891.259366958,-0.374000002
80,80,1823024.546288691,5902251.913797589,2.479018193
81,81,1803256.360636773,5902656.466035987,-0.182750001
82,82,1803242.278646478,5902625.222112829,0.084166666
83,83,1803240.738653697,5902585.366069939,-0.290000006
84,84,1803256.114208001,5902535.130714695,-0.680000007
85,85,1823250.703460777,5901732.447526063,-0.2920185
86,86,1823267.431558724,5901731.805016486,1.975759274
87,87,1823250.200625965,5901522.883828997,-0.180496452
88,88,1823260.801594491,5901502.557146633,1.407369746
89,89,1823334.360247552,5901258.478195741,-0.375836952
90,90,1823350.570267116,5901255.803486397,0.665971968
91,91,1823348.842455961,5901200.987052086,1.479458343
92,92,1803810.360078659,5901626.335675647,-0.138411767
93,93,1803793.835183433,5901590.265818664,-0.512222224
94,94,1803776.446139367,5901554.485790025,-9999.0
95,95,1803760.236534294,5901545.629946878,-9999.0
96,96,1803743.649567658,5901521.095988537,-0.422887319
97,97,1803726.942711987,5901491.578213943,-0.502571426
98,98,1803693.649291473,5901437.526358063,-9999.0
99,99,1803685.415953973,5901427.751200949,-9999.0
100,100,1803668.561112179,5901406.4970328,-0.513333331
101,101,1803673.824397738,5901278.430586888,0.119533899
102,102,1823329.274067245,5900762.606993577,3.474850012
103,103,1803670.12049951,5901235.302056109,-0.167605043
104,104,1823311.630246931,5900730.848281695,2.018704291
105,105,1803645.101383038,5901192.686492847,-0.280422533
106,106,1803622.626927438,5901145.022941889,-0.694
107,107,1823429.50680108,5900620.312101739,-0.546349982
108,108,1803704.387698234,5900554.629657454,-0.499906251
109,109,1823663.89859718,5899826.09805307,-0.106867912
110,110,1823655.961564337,5899806.357960555,-0.024275004
111,111,1823647.178236278,5899776.66526776,-0.010550007
112,112,1823638.658476529,5899756.940567806,0.044425002
113,113,1823646.124133582,5899736.793265768,1.856375004
114,114,1823632.451636235,5899723.854764652,0.820466666
115,115,1823637.077368822,5899697.132571471,2.663450002
116,116,1823620.565061356,5899677.619143378,0.510612502
117,117,1823625.866796995,5899597.679248828,0.607444445
118,118,1823641.775866114,5899572.321251346,2.790862493
119,119,1823715.901226846,5899350.911648596,0.325199999
120,120,1803909.321279725,5899766.785858047,-0.5
121,121,1823777.070796697,5899244.556200517,0.137493675
122,122,1823756.826519086,5899235.116791313,1.684362501
123,123,1823728.590077226,5899225.888748645,0.837481031
124,124,1803863.374573607,5899707.361309889,-0.499950339
125,125,1803843.27264828,5899677.864463423,-0.498897559
126,126,1803826.640304501,5899654.085062806,-0.312099999
127,127,1823740.7965602,5899158.234717211,1.977065609
128,128,1823858.389492129,5898993.029444132,0.404024996
129,129,1804005.219616843,5899101.244938761,-0.070687503
130,130,1823959.982087129,5898601.314395708,1.898342374
131,131,1804000.382460761,5899066.454830302,-0.155296219
132,132,1803980.541179808,5899018.085591421,-0.304932148
133,133,1803952.424832003,5898976.101157105,-0.237586099
134,134,1803937.323442111,5898938.321958634,0.106294998
135,135,1803944.593401627,5898908.226511134,-0.5
136,136,1824063.851452836,5898000.262443492,-0.724571404
137,137,1804321.463891945,5898290.751725168,-0.265774991
138,138,1804304.639869608,5898256.251355182,0.145723269
139,139,1824111.699149884,5897709.516772592,-0.190792459
140,140,1804295.565565157,5898211.590297385,0.32382773
141,141,1824103.234044708,5897669.841007733,0.396599997
142,142,1824102.705555019,5897649.90493138,1.074849998
143,143,1824102.177063119,5897629.968854539,1.94310004
144,144,1824086.514053427,5897620.40901296,1.12905882
145,145,1824093.657868986,5897610.244602799,2.225874989
146,146,1804265.873838695,5898113.657052447,0.395047553
147,147,1824074.175522723,5897581.323559578,2.094085878
148,148,1824063.125678909,5897564.503722012,2.042433317
149,149,1804267.861439571,5898057.67187563,-0.262512504
150,150,1824050.581906062,5897541.713690937,2.314205957
151,151,1824008.059608968,5897487.518949038,2.326758559
152,152,1824014.605708221,5897426.693252504,2.183867235
153,153,1823992.486871867,5897413.425168932,1.433417743
154,154,1823980.23698609,5897403.774722208,0.474650004
155,155,1823951.477967483,5897374.611596198,-0.226692306
156,156,1823918.147595071,5897332.162005966,1.886579614
157,157,1823891.727726604,5897295.526303285,2.574858068
158,158,1823844.488878083,5897237.795083143,0.195339615
159,159,1823835.36873077,5897217.359200446,0.035111112
160,160,1823843.114318916,5897207.906400703,0.651562499
161,161,1823831.967522353,5897198.226558239,0.137684211
162,162,1823834.332103451,5897178.213885818,0.279549998
163,163,1823817.955616612,5897163.685008108,-0.235725006
164,164,1804528.940437703,5897637.462367857,0.191686277
165,165,1823825.285977103,5897138.553332797,0.055864979
166,166,1823808.777605038,5897119.0404113,-0.080074997
167,167,1804551.804314626,5897567.095067857,0.205974997
168,168,1804580.868707256,5897446.710391345,0.136775
169,169,1804603.233822949,5897386.529668621,-0.158890905
170,170,1804602.907642361,5897366.389386971,0.180750004
171,171,1804575.187805633,5897245.461129234,1.277436187
172,172,1824059.223718638,5896715.463756634,2.312759317
173,173,1824077.599750516,5896702.940742193,2.055799985
174,174,1804582.269121345,5897167.62131597,-0.5
175,175,1804573.872285477,5897157.649829573,-0.382600001
176,176,1804581.037897708,5897147.502935643,-0.5
177,177,1804589.144927422,5897128.087029806,-0.5
178,178,1804666.849122091,5897035.717372767,-0.066775011
179,179,1804793.872584486,5896693.54236811,1.296870346
180,180,1804809.125884394,5896663.252278208,-0.191936174
181,181,1804807.292585107,5896563.561964671,1.912468346
182,182,1804803.91033833,5896424.015275984,0.393558334
183,183,1804795.076030556,5896389.322219605,0.157331248
184,184,1804786.362571342,5896359.612971369,0.407805032
185,185,1804777.769948614,5896334.887531591,0.73896667
186,186,1804768.815028721,5896295.21064523,0.983149997
187,187,1804762.579478802,5896262.262392998,0.547183098
188,188,1804751.267710883,5896230.808278346,0.407660379
189,189,1804767.223454772,5896205.48790695,-0.429945467
190,190,1804722.988788165,5896163.341466832,0.295799374
191,191,1804700.679828013,5896122.325812766,0.876312501
192,192,1804694.761083902,5896097.939158639,0.35368333
193,193,1804715.811476423,5896087.052021172,-0.503699996
194,194,1804683.495494139,5896072.87476666,0.34184375
195,195,1804668.949983764,5896040.411293215,1.041196831
196,196,1804657.236415911,5895978.76288904,1.271050011
197,197,1804664.400806014,5895968.615860598,0.174803913
198,198,1804599.628327853,5895910.343896604,-0.281975006
199,199,1804564.355086752,5895901.224580268,-0.555746278
200,200,1804535.239538945,5895891.956060453,-0.599575025
201,201,1804511.154145973,5895887.552412194,-0.598784833
202,202,1804586.437212011,5895803.494728943,-0.635956797
203,203,1804561.25678461,5895774.414924175,-0.530826261
204,204,1804535.420734199,5895734.370922935,-0.459453405
205,205,1804515.284657772,5895686.736425635,-0.439503133
206,206,1804494.45624778,5895656.350592405,-0.404578048
207,207,1804481.157718993,5895638.941901371,-0.204374994
208,208,1804472.80781343,5895624.183812341,-0.025349988
209,209,1804454.182665006,5895583.340263841,-0.047394173
210,210,1804428.311227024,5895531.225245799,-0.051351349
211,211,1804413.876828334,5895500.941755339,-0.195912501
212,212,1804405.527158697,5895486.183607625,-0.176325009
213,213,1804394.314598955,5895455.347233818,-0.419204335
214,214,1804376.873203642,5895425.041476306,-0.351514999
215,215,1804319.536827905,5895316.409422331,-0.245266018
216,216,1804264.920960307,5895207.834765128,-0.032190624
217,217,1804252.85050383,5895166.355501038,0.830874066
218,218,1804260.714538223,5895140.61565229,0.528290904
219,219,1804259.609571223,5895070.828180728,0.690533333
220,220,1823963.790870222,5894521.417918778,-0.716225022
221,221,1823930.890958203,5894492.566426945,-0.891722256
222,222,1804241.105974626,5895019.15011852,0.865280871
223,223,1804223.200771618,5894887.199658015,0.570887491
224,224,1804214.369912748,5894852.506095779,0.629970337
225,225,1804238.673027506,5894841.944931936,0.026999997
226,226,1804221.477735564,5894822.615123853,0.22652727
227,227,1804204.93657807,5894792.893444058,0.509558335
228,228,1804186.674726531,5894743.698895257,0.833143049
229,229,1804170.577993908,5894693.989589426,0.765945836
230,230,1804167.995089661,5894534.324123328,0.608390414
231,231,1804160.511655016,5894494.01362987,0.561959458
232,232,1804164.026450934,5894453.135695158,0.277804877
233,233,1804155.020094466,5894405.135395252,0.533708327
234,234,1804162.866302387,5894375.025309302,0.42210001
235,235,1804170.13007638,5894344.929292202,0.478250002
236,236,1804184.65744126,5894284.737228778,0.416100001
237,237,1804220.633516004,5894144.238623519,0.890763648
238,238,1804265.373857435,5894103.262496624,-0.463016925
239,239,1804220.483161417,5894066.98149999,0.766201507
240,240,1804266.482780693,5894033.421348806,-0.289631306
241,241,1804321.540535641,5893843.401812367,-0.647749014
242,242,1804300.867570742,5893803.199318414,0.045474998
243,243,1804308.612618855,5893793.038409185,-0.083139242
244,244,1804438.344391381,5893540.560506905,-0.211265824
245,245,1823602.333183226,5892795.333847363,-0.896282265
246,246,1804654.944863553,5893246.080231617,-0.247699996
247,247,1804701.650741146,5893195.080083913,0.124699999
248,248,1804709.394708644,5893184.918754344,0.331000005
249,249,1804717.138656889,5893174.757416737,0.357550005
250,250,1804724.882585882,5893164.596071091,0.303797465
251,251,1804797.844319431,5893043.143718266,0.489337503
252,252,1804758.579154987,5893040.059448051,0.887984072
253,253,1804884.682705472,5892841.7666615,1.461534469
254,254,1804936.395247533,5892571.023959152,0.449231569
255,255,1804933.112179648,5892526.222698403,0.712350001
256,256,1804923.165899076,5892432.517228924,0.349702721
257,257,1804913.718227039,5892392.251942033,0.085490912
258,258,1804895.035415191,5892368.282834251,0.366391696
259,259,1804914.880240494,5892365.491127435,-0.267183678
260,260,1804869.721969391,5892326.349755002,0.373694417
261,261,1804807.500465777,5892310.381617588,0.426007077
262,262,1804757.596365315,5892289.092273209,0.233789473
263,263,1804724.603679954,5892249.143142828,-0.018213566
264,264,1804532.788433704,5892039.501228871,-0.414073687
265,265,1804367.406100882,5891749.990092698,-0.298836301
266,266,1804344.59891427,5891639.850568705,-0.028324335
267,267,1804333.399840427,5891546.750650695,-0.408767858
268,268,1804386.451605079,5891398.239099278,0.039942309
269,269,1804418.369959595,5891396.738482034,-0.131850008
270,270,1804417.869275179,5891376.076310119,0.05001923
271,271,1804401.695035616,5891367.949169556,0.26975
272,272,1804479.663287287,5891345.914714749,-0.046972065
273,273,1804518.413422864,5891339.449464854,-0.458053247
274,274,1804424.180024689,5891306.83588023,0.3765
275,275,1804471.501305081,5891305.688996155,0.042925928
276,276,1804423.862932652,5891287.097781241,0.606254544
277,277,1804441.39226199,5891198.239805005,-0.022185151
278,278,1804383.180687362,5891098.385123281,0.444650523
279,279,1804402.316269831,5891087.947900554,-0.128627449
280,280,1804385.964922723,5891048.449973235,-0.001291139
281,281,1804385.49948304,5891029.241413851,0.148981132
282,282,1804384.449406491,5890985.905346164,0.574793814
283,283,1804399.36052808,5890948.591277779,0.234
284,284,1804439.43342606,5890981.721791188,-0.186916046
285,285,1804368.854845188,5890948.976619428,0.732787167
286,286,1804382.427273041,5890909.107453257,0.485890905
287,287,1804430.851984691,5890901.228414632,-0.186301465
288,288,1804381.944208478,5890889.172080666,0.494054553
289,289,1804381.5997805,5890868.304822343,0.314039216
290,290,1804381.134323447,5890849.096259884,0.313050003
291,291,1804359.175077854,5890850.48728071,0.680790122
292,292,1823772.191279494,5890317.203486037,-0.856690503
293,293,1804357.3562207,5890770.567475444,-0.006466437
294,294,1804324.274740594,5890699.75820973,0.426494736
295,295,1823789.198870966,5890152.377098465,-9999.0
296,296,1804313.648300202,5890618.846581405,0.252239748
297,297,1804310.406333235,5890591.497881723,0.03772549
298,298,1823807.0281549,5890096.624491121,2.298062501
299,299,1804325.889799902,5890571.175693415,-0.610923099
300,300,1823764.544708409,5890059.192314303,2.101539473
301,301,1804305.144791975,5890548.768807185,-0.093072499
302,302,1804276.158293774,5890472.645052398,0.442120834
303,303,1804296.252970185,5890476.443411998,0.022229869
304,304,1804298.801116657,5890442.1759307,0.145499999
305,305,1804291.158672539,5890432.387529121,0.203124999
306,306,1804107.186163269,5890421.881865306,-0.644170221
307,307,1804268.286989723,5890425.761239472,0.49688809
308,308,1823665.946855901,5889920.087706616,-0.110346152
309,309,1804137.55003756,5890356.318984006,0.078673488
310,310,1804153.274722062,5890345.964794104,-0.562108115
311,311,1804169.240693535,5890345.578262307,-0.831112499
312,312,1804226.58511558,5890354.069727845,0.122439682
313,313,1804112.774876635,5890349.391526623,1.368632046
314,314,1823702.60557049,5889815.417276073,0.333593165
315,315,1823710.428582726,5889789.958195091,0.214797468
316,316,1823701.760608383,5889770.43918767,0.083127273
317,317,1823718.031341957,5889764.81861279,0.378598296
318,318,1804102.964297001,5890247.447324059,0.932025322
319,319,1804085.33835186,5890234.243426586,0.943967585
320,320,1823717.407127406,5889729.922156316,0.477807692
321,321,1823700.594107877,5889720.393081706,0.256466662
322,322,1823716.29606368,5889710.001339668,0.402499998
323,323,1823695.981167677,5889681.199351903,0.059064814
324,324,1823721.242680896,5889681.36968334,0.758028626
325,325,1823714.444708827,5889640.224416269,0.299265825
326,326,1804046.769683869,5890174.331282839,0.592007924
327,327,1803986.512980067,5890017.864174593,0.468719039
328,328,1803954.584229179,5889891.990647624,0.602608151
329,329,1823970.738803325,5889364.090644835,-0.038025002
330,330,1824002.405518276,5889353.274160032,0.176109704
331,331,1824074.251454715,5889351.364964045,0.509674996
332,332,1824034.072159521,5889342.457558134,0.455343091
333,333,1824061.652138971,5889335.077851713,0.217351746
334,334,1824089.520858257,5889330.807425186,0.037074074
335,335,1824116.829452996,5889341.893241039,0.31656827
336,336,1824161.533099187,5889329.094369287,0.0371
337,337,1824308.964035473,5889165.569808264,-0.232772156
338,338,1803961.917567414,5889677.947370851,0.305467893
339,339,1824332.646932962,5889154.964426945,-0.123824989
340,340,1803923.34398177,5889622.171439077,0.750060813
341,341,1824408.868689539,5889023.459282831,-0.547833348
342,342,1803884.832231111,5889484.763232045,0.748816659
343,343,1803879.046733529,5889245.538519302,-0.160177216
344,344,1803879.577304385,5889209.436821934,-0.169108106
345,345,1803859.708126252,5889106.376816063,1.846649998
346,346,1803874.381488544,5889045.979474286,1.548648126
347,347,1824823.59955373,5888393.741254844,2.557587472
348,348,1824831.182696254,5888378.576072517,2.518930407
349,349,1824809.538826615,5888160.284648494,2.59590638
350,350,1824693.289079211,5887978.255376066,0.114690909
351,351,1824640.560911411,5887969.685849675,-0.070544301
352,352,1824592.405658541,5887960.994129492,-0.238559752
353,353,1824560.213679827,5887951.8767736,-0.000637509
354,354,1824564.255191466,5887931.818572393,-0.179381833
355,355,1803975.79910787,5888658.181498365,1.551854205
356,356,1804065.58078747,5888373.326291864,1.099749988
357,357,1804072.738578055,5888363.179410907,1.510290959
358,358,1804113.8080127,5888362.1848185,1.929469393
359,359,1804112.58702147,5888342.468557519,1.453745467
360,360,1824641.004761962,5887669.753756301,-0.337559632
361,361,1824697.107437961,5887544.229458142,0.146868751
362,362,1824688.040169321,5887509.759114799,-0.206418182
363,363,1824689.924134427,5887476.087792897,-0.210755683
364,364,1824694.42636339,5887449.737183006,-0.239436361
365,365,1824693.894702036,5887429.800816152,-0.280500002
366,366,1824710.160251781,5887424.178069575,0.450500006
367,367,1825103.90285942,5887402.055501925,0.861620564
368,368,1824732.460018602,5887378.493238594,0.519482147
369,369,1824748.607934248,5887378.991198273,1.079750013
370,370,1825131.507128074,5887367.839998062,0.433418189
371,371,1824792.833514047,5887371.472849257,0.080752165
372,372,1824844.114453209,5887366.46774263,0.06571698
373,373,1825147.241315382,5887352.657918385,0.455446542
374,374,1824950.320334951,5887378.08549802,0.26444038
375,375,1825162.586561178,5887307.358920768,0.43539215
376,376,1825161.300174704,5887287.241343628,0.208666667
377,377,1804258.010747349,5887770.249941733,1.832042517
378,378,1825223.54913524,5887225.725602808,0.302185187
379,379,1804259.669641916,5887746.437094186,1.640439744
380,380,1804193.661174229,5888019.627251927,1.385156279
381,381,1804244.358879122,5887666.497564109,1.293412091
382,382,1804293.338019644,5887544.987762108,1.433899982
383,383,1804299.980791093,5887505.529409167,1.486413116
384,384,1804338.642851433,5887449.139971157,1.889950043
385,385,1804327.25585318,5887432.240287032,1.407309719
386,386,1825432.756671204,5885982.728092548,0.186386546
387,387,1825499.903975341,5886519.169092407,0.928909826
388,388,1825676.904104719,5885956.898433963,0.474824993
389,389,1825738.306304048,5885935.476941022,0.61250866
390,390,1825799.76387956,5885921.607303966,0.830474185
391,391,1825827.449916337,5885912.961259338,0.137974995
392,392,1825874.526042967,5885881.77254461,-0.754449997
393,393,1826120.911469933,5885712.457274802,2.403766858
394,394,1826477.45251946,5885437.362203027,-0.946981809
395,395,1826125.720028843,5885538.407200915,1.095213631
396,396,1826157.297868792,5885415.514931366,-0.987388885
397,397,1826181.235604113,5885414.87194987,-0.967226424
398,398,1826443.611591204,5885404.122319007,-0.926528443
399,399,1826164.882922414,5885394.43163056,-0.435207536
400,400,1826324.486995342,5885390.870484774,-0.999000066
401,401,1805172.134249244,5885444.121670921,2.267212512
402,402,1805175.394725756,5885414.12113456,1.420962042
403,403,1805190.95239074,5885403.96958857,1.669309063
404,404,1805202.692126486,5885223.955596832,1.973049971
405,405,1805202.206219384,5885204.020038766,1.895375024
406,406,1805225.087671728,5885225.30054385,1.638550003
407,407,1805636.523871741,5884356.355669225,0.032781818
408,408,1825760.981923994,5884939.842655603,1.352666303
409,409,1806359.793226713,5882602.481145912,1.255410291
410,410,1806256.499949768,5882611.940796509,1.299645221
411,411,1806279.791436407,5882594.46955056,1.381670879
412,412,1806348.771147906,5882587.053391337,1.280142012
413,413,1806313.63456376,5882565.230325356,1.267857519
414,414,1806292.809362201,5882474.464310392,1.130025325
415,415,1806416.18675083,5882461.463700313,1.261748448
416,416,1806515.899661637,5882459.743417883,0.219115389
417,417,1806419.68532116,5882441.430158714,1.325175013
418,418,1806299.225526074,5882434.411609437,1.233240016
419,419,1806435.391857007,5882431.070850942,1.310924059
420,420,1805393.606703878,5882416.679237278,1.398248397
421,421,1805405.482618849,5882406.214176271,1.436999972
422,422,1805021.571258149,5882435.01386532,1.648393375
423,423,1806290.120233474,5882364.818087576,1.287374989
424,424,1805127.480069557,5882376.057986096,1.736894931
425,425,1805362.893178013,5882382.017455985,1.302988134
426,426,1805113.005129578,5882363.684068828,1.411999941
427,427,1806472.736238121,5882315.454966648,1.134138862
428,428,1805945.709154045,5882313.415120683,1.402329099
429,429,1806240.800707658,5882306.18454166,1.325349942
430,430,1806280.311264951,5882290.254883509,1.267762494
431,431,1805947.798140253,5882290.091748264,1.388974791
432,432,1806463.397160749,5882271.52914915,1.200113213
433,433,1805952.708293297,5882273.34850031,1.441800016
434,434,1805967.405763002,5882286.951963879,1.288343351
435,435,1805960.439614289,5882263.18537323,1.632759518
436,436,1806028.491321461,5882251.332102006,1.425394949
437,437,1806538.067514485,5882246.693671093,1.918889716
438,438,1805210.422477013,5882261.369088796,1.433482162
439,439,1806110.839098175,5882219.807131131,1.42220368
440,440,1806270.746867269,5882225.65951823,1.236945604
441,441,1806162.217088723,5882281.317377142,1.563773911
442,442,1806206.455108931,5882207.288330518,1.578202571
443,443,1806262.282596146,5882205.919417107,1.320249978
444,444,1806518.382393009,5882206.667847374,1.565417469
445,445,1806213.941678867,5882187.157113306,1.645899987
446,446,1805958.853040665,5882198.394463023,1.328255527
447,447,1806277.622137073,5882180.608629125,1.221525311
448,448,1806500.227597031,5882170.159178763,1.540163223
449,449,1806085.203319077,5882150.618556007,1.388357143
450,450,1806212.964102838,5882147.285750036,1.555949982
451,451,1805500.536373788,5882296.955432327,1.428444821
452,452,1806053.453724589,5881662.47775405,1.518242049
453,453,1806934.74413073,5881476.961125554,0.593120162
454,454,1806910.511597688,5881451.26690378,0.657579447
455,455,1820800.830436156,5880440.294580666,1.693050009
456,456,1820772.710696379,5880424.458862828,1.371004091
457,457,1820744.225126207,5880411.856021923,1.578837496
458,458,1823157.526113541,5882572.179472147,1.436093081
459,459,1807645.305166506,5879631.279932934,1.543356467
460,460,1807698.325994126,5879635.541094655,1.603590326
461,461,1807658.735931296,5879618.220835599,1.587487514
462,462,1807678.421989224,5879607.760364804,1.590348087
463,463,1807694.121530469,5879597.398372681,1.56177848
464,464,1807705.834568894,5879587.134885049,1.574849983
465,465,1807725.520499508,5879576.674297916,1.575719753
466,466,1807745.372267742,5879566.410862499,1.60992855
467,467,1807776.60511558,5879545.4893885,1.51223374
468,468,1807893.644362129,5879462.802663254,1.384259264
469,469,1807909.906746619,5879451.699035366,1.518166657
470,470,1807917.650906972,5879442.260685211,1.543049973
471,471,1807933.331871388,5879431.171391406,1.528153892
472,472,1807940.494637191,5879421.747401889,1.543407418
473,473,1807969.614003822,5879413.24459364,1.507044157
474,474,1807988.154531542,5879389.918557252,1.543937564
475,475,1808003.871291277,5879380.28277872,1.544849974
476,476,1808019.570023008,5879369.920141235,1.550620269
477,477,1808027.295989808,5879359.754852557,1.550537527
478,478,1808042.976659904,5879348.665340194,1.540181845
479,479,1808074.282321966,5879328.027903478,1.547487272
480,480,1808105.78893757,5879307.941119349,1.540725033
481,481,1808121.487414501,5879297.578273647,1.52704239
482,482,1808148.00928215,5879280.341851646,1.558121224
483,483,1808172.568936908,5879266.390812751,1.509980757
484,484,1808200.226210584,5879255.73152853,1.551054412
485,485,1808384.650018865,5879181.701436311,1.53787741
486,486,1808409.523204568,5879170.750516246,1.647933112
487,487,1808433.193627284,5879160.189325714,1.751824997
488,488,1808492.987787561,5879158.705843769,1.547874983
489,489,1808670.309775251,5879124.785425123,1.519715619
490,490,1808826.510688547,5879120.501090831,1.711942304
491,491,1808691.311406946,5879113.886081817,1.587212491
492,492,1808723.480700094,5879115.541911428,1.579332205
493,493,1808590.725064171,5879095.851206871,1.513666713
494,494,1808845.059977511,5879097.004807953,1.751322944
495,495,1808842.046053634,5879080.218589077,1.852450016
496,496,1809088.69736107,5879054.136074006,1.677362475
497,497,1808841.302774954,5879050.314775397,1.60690002
498,498,1809136.128240098,5879043.182796445,1.696499972
499,499,1808833.082557273,5879040.544995079,1.701924057
500,500,1809199.56754004,5879021.453948091,1.602987015
501,501,1809079.484654426,5879004.494748903,1.649688317
502,502,1809202.658248578,5878831.667267942,1.415854549
503,503,1809239.365971658,5878828.455346222,1.643180662
504,504,1809214.277398233,5878811.280323167,1.737796303
505,505,1809749.5831419,5878673.606524181,1.540190499
506,506,1809906.628605382,5878480.418533816,1.604897251
507,507,1810035.357143123,5878447.849201147,1.494411789
508,508,1809958.696324149,5878433.989447311,1.590337509
509,509,1810013.752211392,5878402.690614266,1.449050032
510,510,1809961.685241302,5878234.430762687,1.058875007
511,511,1810888.094470348,5878158.965611938,1.528973008
512,512,1810968.090988732,5878129.098636071,1.630135206
513,513,1812127.48586039,5878080.271950561,1.577506375
514,514,1812207.20268358,5878078.258360198,1.544262497
515,515,1811011.183142536,5878097.687828592,1.586290886
516,516,1811678.146666577,5878090.86678315,1.720996611
517,517,1812182.707921107,5878074.415960879,1.642706415
518,518,1812198.979177289,5878068.491729795,1.55148099
519,519,1811021.5705636,5878087.776200019,1.648991234
520,520,1811042.568849914,5878076.950729115,1.446897962
521,521,1811310.072004824,5878071.537038286,1.612065414
522,522,1812151.925298851,5878060.952745961,1.623725281
523,523,1811142.55572383,5878074.312586737,1.68652574
524,524,1812182.028608331,5878029.022392122,1.60312502
525,525,1812816.365155764,5877564.124324156,1.504550017
526,526,1812804.155741795,5877554.459264451,1.526704401
527,527,1812839.773563833,5877543.582211125,1.535449998
528,528,1812794.573510149,5877538.013056024,1.518966662
529,529,1812852.293232728,5877530.519776586,1.624181834
530,530,1812848.418924992,5877483.516407363,1.596052608
531,531,1812813.6833742,5877464.649134902,1.563872706
532,532,1812816.366722637,5877371.839121995,1.589466119
533,533,1812656.727161159,5877306.569949059,1.546989235
534,534,1812733.674355624,5877273.707206285,1.513364117
535,535,1812720.272975987,5877257.351198141,1.525666665
536,536,1812737.070871685,5877217.768168294,1.606506258
537,537,1812767.513697493,5877216.45789207,1.506962957
538,538,1812731.286545461,5877196.874870274,1.611278275
539,539,1812704.874266884,5877187.384005575,1.612502821
540,540,1812758.940903306,5877186.550451105,1.616694558
541,541,1812663.019745578,5877178.278526573,1.590018871
542,542,1812367.864769334,5877176.501226615,1.591886086
543,543,1812407.718938597,5877175.493196577,1.545468348
544,544,1812646.844029147,5877169.441032463,1.404456065
545,545,1812808.534589768,5877225.555922033,1.204997648
546,546,1812626.664526938,5877159.977598514,1.483424982
547,547,1817554.283960318,5879386.505076008,1.435632202
548,548,1812606.138032956,5877145.14139233,1.470184829
549,549,1812586.053307257,5877131.082538941,1.447450006
550,550,1812573.844761742,5877121.417182421,1.506050006
551,551,1812471.546360072,5877132.917009903,0.72749604
552,552,1812544.393808286,5877105.77611288,1.461596758
553,553,1812501.313193883,5877102.078451941,1.497725945
554,554,1812341.683626047,5877087.39360268,0.272849998
555,555,1812252.366609345,5876951.158191052,0.579070884
556,556,1809608.120831917,5879242.225508052,1.460307075
