OID,FID_,X,Y,BCE_New_Ri
0,0,1242630.550370835,4841913.646357494,0.750259548
1,1,1242949.389864296,4844397.80702482,0.826129433
2,2,1243229.255282832,4840219.98575982,0.889162345
3,3,1239181.459182633,4838582.538049233,1.13014588
4,4,1242481.412133583,4846542.82889383,1.18970988
5,5,1242743.296716458,4846758.262281182,1.515156853
6,6,1244110.411644138,4841099.847324464,0.881772867
7,7,1243514.901175782,4843177.224291143,0.643212494
8,8,1245595.572473183,4841934.161152081,0.289893721
9,9,1238879.474527205,4838258.238764478,1.62452173
10,10,1244925.250733691,4842488.406683829,0.824803034
11,11,1241094.692887956,4845459.536436955,1.344507788
12,12,1245292.438978862,4842063.808868548,0.474565216
13,13,1244541.51707424,4841562.473104902,0.898921563
14,14,1241294.618442921,4845302.192710281,1.170564778
15,15,1241083.441628779,4845173.91615688,0.877377556
16,16,1241377.882016666,4845301.951240724,0.80877551
17,17,1241242.55127205,4845063.607224944,0.687793105
18,18,1240984.352932074,4844856.196114934,1.200641975
19,19,1240828.171587951,4844668.341306546,0.204279071
20,20,1243191.415404695,4844378.038144098,1.147871891
21,21,1240426.804165226,4844963.156008616,1.211360716
22,22,1244295.832123678,4841121.237176554,1.06795717
23,23,1238247.804695292,4835365.069504127,1.503532801
24,24,1242775.727043787,4845997.303287009,0.761053389
25,25,1239324.096226182,4836105.914519038,0.882419734
26,26,1243524.037020346,4840275.096562789,1.030733331
27,27,1242064.61888378,4839441.737884423,0.783048826
28,28,1241275.470785797,4845269.668455213,1.296621983
29,29,1242747.865670816,4846740.6604919,1.535985974
30,30,1240846.85036085,4847174.402825587,2.119694728
31,31,1242935.48327191,4844589.651684576,1.403072275
32,32,1245361.745584605,4842026.827429092,0.811635578
33,33,1242927.332390968,4842811.157920022,1.450106832
34,34,1245704.963753858,4841944.889631775,-0.151780956
35,35,1245602.8298616,4841951.885675243,1.14076781
36,36,1241624.900346159,4848834.118466864,0.180150002
37,37,1241654.660182024,4848828.360589393,-0.845666687
38,38,1241507.406180865,4848746.245326868,0.314999998
39,39,1241440.752887732,4848697.007057982,0.654697776
40,40,1241391.273297466,4848666.027325966,0.280714286
41,41,1241164.650373954,4848502.954592243,0.360374998
42,42,1242274.858302841,4847861.045505966,0.766692763
43,43,1241945.23815098,4847830.936802485,-0.618252386
44,44,1242417.504153487,4847849.431478424,0.520280762
45,45,1242213.845336939,4847831.888225322,0.682435857
46,46,1241966.080577411,4847802.031437668,-0.112075467
47,47,1242155.811007672,4847806.014764714,0.744754937
48,48,1242127.451565492,4847744.947563505,0.907961744
49,49,1241997.463210274,4847742.455108308,-0.553226332
50,50,1242609.194234476,4847631.464392679,0.514778796
51,51,1242126.64069598,4847686.342771433,0.686626919
52,52,1242183.505002112,4847590.262897785,0.538548733
53,53,1240777.436782849,4847827.502737343,0.827930932
54,54,1242190.767734076,4847556.567711803,0.547709659
55,55,1242619.290707854,4847530.845591623,0.524021749
56,56,1242620.97064896,4847510.915246838,0.617173925
57,57,1242644.591214825,4847495.042886498,0.513027333
58,58,1240823.987700502,4847394.688073133,0.680613275
59,59,1242667.75423498,4847445.573426595,0.513468034
60,60,1242282.002038304,4847400.263317582,0.507260877
61,61,1240834.531544882,4847323.369038098,0.644580056
62,62,1242299.401696111,4847386.824509597,0.541086652
63,63,1242208.16773875,4847365.884331901,-0.270595238
64,64,1242311.204446006,4847362.452620172,0.785701477
65,65,1242351.532442546,4847324.421186016,0.499618566
66,66,1242241.433952071,4847307.092662991,-0.299851854
67,67,1242327.862070658,4847331.39653994,0.586423157
68,68,1242264.198404085,4847259.223352564,-0.434749997
69,69,1242352.220981946,4847283.498950975,0.578262902
70,70,1242275.191502726,4847246.168977305,-0.46993332
71,71,1240854.238318391,4847194.438204888,0.54315091
72,72,1242377.298155591,4847248.825161511,0.544897537
73,73,1242342.533826024,4847129.463351363,-0.493999988
74,74,1242358.820801718,4847101.631742899,-0.486625008
75,75,1242214.809691816,4847086.364521767,0.395825002
76,76,1242116.136924145,4847032.020705721,0.320228171
77,77,1242210.659501624,4847016.175839548,0.629150624
78,78,1242635.576270216,4846910.894286154,0.70962857
79,79,1240901.44948498,4846903.411060895,0.617865878
80,80,1242628.913741186,4846856.226404223,1.175869204
81,81,1240922.849777124,4846719.523904372,0.716470592
82,82,1242594.389057099,4846733.622372359,0.127000004
83,83,1242466.645071466,4846573.208704345,1.014510994
84,84,1242734.802386612,4846717.286678032,1.327385542
85,85,1242585.573997266,4846467.291710395,0.742685728
86,86,1242462.766173901,4846633.529691802,1.01776371
87,87,1242547.108565071,4846432.835653258,1.006768003
88,88,1242521.528248835,4846403.0349186,0.733798852
89,89,1242428.094431086,4846383.232333166,0.55865934
90,90,1242472.235689235,4846341.021584864,0.710311833
91,91,1242482.995066904,4846330.852739912,1.185458348
92,92,1240968.072299401,4846440.318496581,0.607293279
93,93,1240966.215443686,4846221.341806335,0.706911764
94,94,1242279.99311809,4846262.027291194,-0.550707103
95,95,1242564.313071551,4846346.228341875,0.866342266
96,96,1240937.727808133,4846177.337522387,0.704856109
97,97,1240901.956032835,4846137.413495648,0.805391309
98,98,1241824.155793485,4846171.967853618,-0.88430765
99,99,1242827.898996524,4846232.225024653,0.354904751
100,100,1242754.426104456,4846186.828330038,0.142342857
101,101,1240940.591051276,4846069.597795689,0.554685716
102,102,1240892.62845468,4846109.505389246,0.984313696
103,103,1242711.936795404,4846144.264171596,-0.237107135
104,104,1242692.15788975,4846133.669911036,0.324129033
105,105,1242702.686954662,4846123.799961146,0.437808821
106,106,1240955.895557674,4846018.672148906,0.536888503
107,107,1240945.261490861,4845999.769446414,0.678209281
108,108,1240957.97041574,4845977.727734661,0.618396744
109,109,1242667.361891106,4846093.953448568,0.786011305
110,110,1240980.236146904,4845937.598712281,0.584346868
111,111,1241006.130952677,4845898.218271433,0.554208637
112,112,1241015.099360316,4845863.697041357,0.685691186
113,113,1241030.908867216,4845845.920782248,0.496650344
114,114,1241039.290164547,4845810.047668747,0.601459179
115,115,1242674.064906729,4846013.368999683,0.675334602
116,116,1242681.342148786,4845842.783065433,0.557133339
117,117,1242061.108356132,4845735.302377127,-0.211823532
118,118,1242673.674251874,4845786.777698275,0.58954094
119,119,1242686.59626222,4845702.121925945,0.530872342
120,120,1242430.605227773,4845641.259875203,0.005628945
121,121,1242383.078335707,4845623.459135708,-0.055104168
122,122,1242746.377133934,4845615.214400455,0.483126985
123,123,1242494.656566817,4845613.685871218,0.12037275
124,124,1242750.589067296,4845573.607841383,0.511437607
125,125,1241341.335814889,4845437.204743311,-9999.0
126,126,1242761.969948934,4845524.145738205,0.032832382
127,127,1242770.967368436,4845436.700151497,0.568818751
128,128,1241401.087861515,4845381.453182491,0.68179014
129,129,1241387.02116412,4845287.146236093,0.666792455
130,130,1241420.199484422,4845283.521717678,0.566475001
131,131,1241298.601803736,4845294.413569966,1.07002985
132,132,1241141.555955302,4845503.952237975,0.990199623
133,133,1242767.827647266,4845345.783409434,0.472308689
134,134,1241356.457431396,4845242.954771152,0.596381818
135,135,1242784.927739823,4845317.346656073,0.455602944
136,136,1241038.266073762,4845206.841602992,0.784236253
137,137,1241068.463440425,4845200.858940936,0.638571435
138,138,1241337.536264749,4845211.789484814,0.549057143
139,139,1241419.228455332,4845234.986788934,0.43275261
140,140,1241326.970187395,4845204.886020141,0.781666656
141,141,1241370.020489257,4845183.081036505,0.3991099
142,142,1241028.215172807,4845171.722596452,0.761681707
143,143,1241077.431020283,4845164.36337264,0.528204402
144,144,1241017.596137755,4845133.732614775,0.624729168
145,145,1241095.09067257,4845130.088467608,0.742684777
146,146,1241116.966871128,4845111.35457263,0.619853264
147,147,1241278.881874529,4845122.242274133,0.484511879
148,148,1242767.481641363,4845216.929953692,0.640366354
149,149,1241063.509110139,4845110.079691329,0.803251339
150,150,1242711.570805151,4845152.784478815,0.57211428
151,151,1241180.853797731,4845052.284762435,0.502884062
152,152,1242698.363926906,4845141.990703348,0.618657143
153,153,1241248.896035552,4845057.566227317,0.57965258
154,154,1242707.027780828,4845112.457531637,0.749791015
155,155,1242777.85365109,4845026.50234674,0.657338132
156,156,1242782.982599284,4845006.77537196,0.444804346
157,157,1241075.304720752,4844925.467127664,0.596752084
158,158,1242800.394868913,4844937.699154875,0.500971421
159,159,1242794.085913497,4844927.312348362,0.600057968
160,160,1241025.463049652,4844812.731102956,0.400514498
161,161,1240985.227778988,4844843.214857331,0.733979999
162,162,1240950.024135941,4844788.326899929,0.372882111
163,163,1240913.067921599,4844780.67668331,0.640261873
164,164,1240977.063354545,4844761.866065482,0.398899147
165,165,1240897.960857082,4844745.082213773,0.523678712
166,166,1240895.695630435,4844724.917725305,0.339342854
167,167,1240889.389972368,4844714.528752501,0.351214286
168,168,1240866.886292013,4844683.479657703,0.159147524
169,169,1240825.543563221,4844653.155862432,0.138430655
170,170,1240633.525015762,4844629.613556352,0.038586246
171,171,1240683.735301745,4844622.562207596,0.132239586
172,172,1240745.831893091,4844625.893962611,-0.0376
173,173,1240784.241032635,4844628.695251481,-0.0289418
174,174,1240532.607711168,4844603.226713311,0.094109488
175,175,1240576.87262086,4844607.892413816,-0.009857524
176,176,1240515.956863001,4844592.22322206,0.035144928
177,177,1240464.819709881,4844579.172427115,-0.042568345
178,178,1239298.211886115,4844497.776288904,-0.203291669
179,179,1240341.261497614,4844561.820744308,0.003362319
180,180,1240427.477253061,4844566.940231944,-0.091939826
181,181,1239038.275003164,4844474.283758278,-0.182550718
182,182,1239090.004304251,4844477.366800701,-0.124000003
183,183,1239117.42450171,4844475.860885452,-0.108639995
184,184,1239241.650484411,4844483.836654193,-0.253452179
185,185,1238981.672047807,4844463.880162085,-0.078103187
186,186,1239412.302190584,4844488.61922149,-0.085031496
187,187,1239449.25502466,4844488.750258317,0.008603864
188,188,1240235.613471999,4844534.326394371,-0.021560971
189,189,1240316.23899747,4844543.068903599,-0.106930108
190,190,1240338.847085602,4844541.849110257,-0.233291659
191,191,1242825.854631325,4844706.214047922,0.776309054
192,192,1238926.020671516,4844446.116623355,0.033829785
193,193,1240198.763888754,4844522.605202689,-0.111754238
194,194,1242829.492524859,4844679.032163307,0.528228573
195,195,1242850.184253121,4844680.252423168,0.848434772
196,196,1238912.538062449,4844436.615526752,0.020647057
197,197,1242843.832645088,4844670.593364966,1.001363632
198,198,1239552.414597809,4844467.627041436,-0.128290167
199,199,1240150.995113956,4844501.768867153,-0.231586121
200,200,1238823.98799075,4844411.430299636,0.199205888
201,201,1239968.920741892,4844479.605390224,-0.188455881
202,202,1242792.150979183,4844647.190917057,0.392417474
203,203,1243014.034285084,4844659.868596246,0.578057132
204,204,1238560.413204285,4844386.313238117,-0.085325929
205,205,1238614.198598894,4844389.251388679,-0.199010202
206,206,1238645.15181154,4844397.243754174,0.216460783
207,207,1238725.990645709,4844397.174979974,0.170472145
208,208,1240079.868903144,4844476.184994527,-0.36792195
209,209,1242769.764705179,4844635.45996033,0.357855066
210,210,1242918.088096043,4844650.761970376,0.835588369
211,211,1238528.600631839,4844373.775071144,0.0877177
212,212,1238801.059277748,4844389.679706626,-0.320020831
213,213,1239662.054693644,4844457.095481856,-0.280834909
214,214,1239735.603739541,4844445.699536916,-0.033657146
215,215,1239885.506716845,4844464.385659395,-0.174341737
216,216,1242875.289023449,4844651.936879266,0.905001355
217,217,1242957.178919552,4844641.009221234,0.825212864
218,218,1238439.533449329,4844358.442500224,0.015577465
219,219,1238498.138234966,4844362.293283092,0.009360824
220,220,1239725.830838797,4844435.454932693,-0.420793814
221,221,1238347.018005896,4844342.902639829,0.1307
222,222,1238367.380607638,4844343.531807244,-0.096189473
223,223,1238408.501850395,4844347.884297743,-0.102373666
224,224,1238736.203147498,4844366.132177568,-0.590042548
225,225,1238709.561711683,4844354.729447644,-0.689645814
226,226,1238730.907214055,4844355.800745232,-0.782299995
227,227,1236520.929399045,4844217.479772639,0.169219269
228,228,1243057.437805489,4844620.45679342,0.73499542
229,229,1236538.410341577,4844197.915412158,0.308366972
230,230,1236553.910483318,4844175.456260936,0.324611937
231,231,1243100.096049513,4844576.566060492,0.607247386
232,232,1236564.855026612,4844166.097214769,0.339056734
233,233,1238192.592863676,4844263.544472468,0.270551473
234,234,1238250.039224067,4844284.405303013,0.024714167
235,235,1236575.799536836,4844156.738156524,0.278144928
236,236,1238175.91152831,4844252.556915578,0.622104489
237,237,1236583.295504918,4844147.172118738,0.13036232
238,238,1236553.838834153,4844137.457504219,-0.979333321
239,239,1236597.688457367,4844138.019980082,0.176214285
240,240,1243108.189239671,4844530.219602845,0.399302158
241,241,1243139.52003766,4844527.058545144,0.457366299
242,242,1236607.521807367,4844121.343095432,-0.07575691
243,243,1243088.67442471,4844509.040148448,0.620697834
244,244,1243166.713097174,4844516.577277228,0.54870356
245,245,1243017.138025117,4844489.801619205,0.966600724
246,246,1243061.968627897,4844492.444124538,0.924208953
247,247,1243179.217904825,4844499.353677987,0.628735286
248,248,1236627.671977766,4844099.75568404,0.049342864
249,249,1243173.411837163,4844488.996901333,0.605613622
250,250,1238127.58910303,4844205.081254752,0.526139367
251,251,1243001.915367885,4844511.519615536,0.74413237
252,252,1243195.95198731,4844450.26628601,0.703086967
253,253,1242948.2498912,4844425.652148937,0.776794122
254,254,1242999.682823217,4844433.691778359,1.074213007
255,255,1238060.179145104,4844131.871541527,0.187750825
256,256,1243199.902101005,4844444.97957456,-9999.0
257,257,1238028.048570963,4844105.473422006,0.455520498
258,258,1243106.319082015,4844452.669144489,0.780190387
259,259,1243184.533474909,4844412.452155649,0.778061694
260,260,1238009.258636835,4844092.158756388,0.41662222
261,261,1236333.647993479,4843981.945220782,-0.799333341
262,262,1238033.570384951,4844084.002366137,-0.076959187
263,263,1237982.922910813,4844063.107489228,0.845351647
264,264,1238034.763521147,4844064.042414111,-0.287918372
265,265,1237952.285664385,4844041.651395769,0.584583985
266,266,1237994.727031953,4844041.41560943,-0.151441177
267,267,1238015.460965606,4844041.924815113,-0.324318185
268,268,1236951.057554984,4843958.89922266,0.378042551
269,269,1237916.607259235,4844016.713497634,0.749713238
270,270,1236989.459293464,4843949.927568288,0.329574077
271,271,1242917.142409222,4844379.054592409,1.001484205
272,272,1237017.644609773,4843941.343247872,0.40513333
273,273,1237892.721146219,4843997.987241211,0.935125334
274,274,1236380.123251254,4843899.6007087,-9999.0
275,275,1242896.795520338,4844295.033018973,0.97085716
276,276,1236323.74499961,4843979.196762396,0.188774221
277,277,1237060.655974802,4843924.757079373,-0.036445541
278,278,1243128.494480884,4844351.77102916,0.830366584
279,279,1236376.213637604,4843874.790157808,-0.172009454
280,280,1242959.407811161,4844294.010700544,1.161871983
281,281,1237054.650119543,4843905.014511039,-0.768507958
282,282,1243103.34394196,4844264.236712858,1.310828131
283,283,1237101.323275173,4843894.594250761,-0.441458236
284,284,1237126.103337226,4843891.591923112,-0.278772277
285,285,1243097.56210512,4844253.369296576,0.902510209
286,286,1243114.606532724,4844245.179158257,1.011761904
287,287,1237173.711478723,4843880.961242788,0.972709082
288,288,1242913.691883085,4844232.462147886,0.653824353
289,289,1243135.884875567,4844236.418506845,1.163735707
290,290,1236410.597990929,4843850.420182884,-0.17811449
291,291,1237201.872980343,4843873.774219707,1.026107304
292,292,1242985.056063997,4844218.99365205,1.413799989
293,293,1236450.7356899,4843818.705261761,-9999.0
294,294,1237167.987674272,4843861.728005906,-0.362724649
295,295,1237788.686919739,4843898.890352596,-0.173542863
296,296,1242978.059837946,4844197.251557013,0.923983059
297,297,1243130.75264521,4844206.071980122,0.808797094
298,298,1243154.973628217,4844217.846336798,0.741578946
299,299,1237207.115224021,4843844.040931342,-0.694666695
300,300,1237605.444919833,4843899.49124158,0.559170504
301,301,1236428.227261872,4843805.916799252,-0.077885721
302,302,1243141.036844384,4844197.620665908,0.756315783
303,303,1237708.315571347,4843854.01916293,-0.423869563
304,304,1236475.020770574,4843760.067729368,-9999.0
305,305,1242950.932847962,4844145.398155687,0.960500002
306,306,1242961.960654187,4844149.998057805,0.786999971
307,307,1242896.054115768,4844137.154639752,1.16532844
308,308,1242922.457172021,4844126.454045835,0.923131147
309,309,1242911.318710319,4844113.017985042,0.906771427
310,310,1243103.135419877,4844151.945297432,0.766347008
311,311,1243105.599763484,4844104.442609197,0.876704231
312,312,1242918.000652758,4844091.881649532,0.927103581
313,313,1242899.376920302,4844072.254798331,1.152613636
314,314,1242861.93251567,4844092.41231695,0.684081339
315,315,1238627.603726805,4843758.721067877,-0.710942852
316,316,1238546.98216508,4843743.354732621,-0.576777069
317,317,1243159.1690981,4844017.467561616,0.783823544
318,318,1236500.454897892,4843706.545376323,-0.01124107
319,319,1243166.653708173,4844007.89395883,0.745100006
320,320,1238525.944466867,4843722.606045436,0.131282923
321,321,1238465.750982831,4843715.960453746,-0.816415238
322,322,1243181.622862613,4843988.746729029,0.71511431
323,323,1242894.799907712,4844037.281330456,1.145260872
324,324,1236676.654526852,4843571.852290682,-9999.0
325,325,1243197.180029743,4843959.619438274,0.809176477
326,326,1243137.567099585,4843976.14405815,1.023232685
327,327,1236737.069949537,4843545.429816051,-9999.0
328,328,1238640.305416411,4843659.525948303,0.06077551
329,329,1243185.099991926,4843933.8708577,0.799428572
330,330,1238278.995345807,4843627.732804391,-0.596676263
331,331,1236780.542910531,4843522.110394434,-9999.0
332,332,1238294.611947547,4843616.581055791,0.31911508
333,333,1238175.128006027,4843570.717982645,-0.692574455
334,334,1236900.473695896,4843475.104950218,-9999.0
335,335,1238007.648206532,4843541.992454795,-0.70784782
336,336,1237049.012588118,4843450.533452693,-9999.0
337,337,1238041.335893989,4843493.34147433,0.031728571
338,338,1237883.169410093,4843474.069678228,0.421170212
339,339,1238051.948177531,4843483.37362586,0.240031248
340,340,1237563.246245647,4843444.707847082,-0.816457135
341,341,1237963.628954519,4843484.299194559,0.90414507
342,342,1238948.664176381,4843521.612971027,-0.445631948
343,343,1237217.287367976,4843393.939341664,-0.355261916
344,344,1238832.350702323,4843487.99995575,0.073892472
345,345,1238858.701088329,4843481.329935838,0.063695653
346,346,1238887.647679235,4843484.515357717,-0.074679423
347,347,1237216.605982752,4843376.973256655,0.366230764
348,348,1237239.088972953,4843369.703190185,0.6105
349,349,1237513.744418388,4843383.180559321,0.172843284
350,350,1237727.256393483,4843434.957780913,0.432137918
351,351,1238390.52831188,4843573.005396727,0.890479673
352,352,1238946.049543607,4843467.239090427,-0.05752518
353,353,1238863.461149667,4843457.242340898,-9999.0
354,354,1238977.677110079,4843459.109743739,-0.090971158
355,355,1238999.387526529,4843466.413642058,-0.276455074
356,356,1239023.09672911,4843451.802595396,-0.175100001
357,357,1237333.399034505,4843349.312636485,0.325285724
358,358,1239082.28783029,4843375.561108653,0.80975287
359,359,1242758.531586577,4843654.408061435,0.746123702
360,360,1239262.925015693,4843285.819944447,-0.063506332
361,361,1242730.538696002,4843502.624803481,0.633584864
362,362,1243265.902882481,4843497.986226088,0.857410068
363,363,1242753.410180504,4843462.130102057,0.809349964
364,364,1239229.990440356,4843264.871478166,0.300784803
365,365,1239328.254717337,4843200.823858717,0.225775999
366,366,1239378.415673483,4843166.580473233,0.777666628
367,367,1239402.235704823,4843121.105297296,0.242428584
368,368,1242934.295797265,4843335.538773481,0.846146911
369,369,1242871.536817548,4843298.087457185,0.990411779
370,370,1242322.934201295,4843236.691292441,-0.17821429
371,371,1239223.968044884,4843043.010107874,0.696761201
372,372,1242890.730936501,4843266.503062219,1.41720849
373,373,1239125.131475446,4843017.205500786,0.771571417
374,374,1239076.13601263,4843003.336844411,0.861241605
375,375,1239101.591981635,4843005.786642797,0.603655507
376,376,1242858.229005916,4843247.977485911,0.964312021
377,377,1239123.359104813,4842957.007056377,0.307120475
378,378,1242883.44675056,4843190.685847003,0.885879999
379,379,1243232.123111672,4843190.547481242,0.819978419
380,380,1243432.422432342,4843202.935835848,0.695648933
381,381,1238900.629546668,4842920.86090091,0.624434774
382,382,1242896.654499918,4843164.155490715,0.879383399
383,383,1242860.876717313,4843088.740158008,0.972666675
384,384,1243469.890540726,4843114.156792487,0.320562496
385,385,1242883.329346339,4843060.020509857,1.655812502
386,386,1242894.083124935,4843049.851241658,1.579223392
387,387,1243254.147817363,4843101.973316905,0.784926829
388,388,1243292.17557542,4843049.054938258,0.892442126
389,389,1238856.48034579,4842754.462501571,0.603800023
390,390,1242845.889489221,4843015.835602032,0.909334058
391,391,1238869.852092832,4842732.419433715,0.591285698
392,392,1242720.587126034,4842974.00446703,0.751600005
393,393,1238876.568184081,4842722.26957312,0.67578125
394,394,1238893.175982144,4842710.853767691,0.575335967
395,395,1242876.705564443,4842983.038393526,0.830333322
396,396,1243616.018493198,4842986.381762523,0.409468657
397,397,1238914.544746424,4842676.930085367,0.613163589
398,398,1242902.293397579,4842893.1510467,0.865400028
399,399,1242909.362103639,4842876.639119633,0.873500004
400,400,1243634.162921123,4842888.753372888,0.409752576
401,401,1242930.410261542,4842832.605493654,0.880989121
402,402,1243649.13687297,4842865.328613469,0.247913041
403,403,1242939.034121735,4842817.742908967,0.987845352
404,404,1238989.677802251,4842559.974951544,0.492926831
405,405,1243964.704811357,4842819.715614518,0.478266674
406,406,1243991.779697842,4842803.91445383,0.577454546
407,407,1244000.392922598,4842775.10758818,0.849771426
408,408,1244902.707169001,4842800.829230378,0.019200998
409,409,1239001.820207826,4842508.48207604,0.526540536
410,410,1244912.875443792,4842788.650616,-0.030420292
411,411,1243924.365272701,4842721.149243901,0.28644681
412,412,1244013.670343133,4842725.815681122,0.650676469
413,413,1244927.333557813,4842769.470008162,0.412874993
414,414,1244922.405091806,4842744.144886552,0.513277372
415,415,1243282.709737828,4842633.630764655,1.135629336
416,416,1239036.689879078,4842386.128693352,0.401253516
417,417,1244965.823527401,4842711.641554661,0.498576254
418,418,1239060.132255879,4842302.544798182,0.508044003
419,419,1244951.50021336,4842629.013800124,0.684224283
420,420,1244945.855203749,4842580.282990503,0.834205877
421,421,1244998.640341397,4842599.010815295,0.844796135
422,422,1243513.797789548,4842511.319924129,0.874600598
423,423,1244927.737955525,4842544.039319254,0.889193794
424,424,1244912.033050598,4842508.197866119,0.725978569
425,425,1244899.592670602,4842497.03289461,0.714443551
426,426,1244887.595599189,4842479.482588334,0.741209953
427,427,1244991.61136561,4842523.756755358,-0.165478363
428,428,1244913.546971829,4842467.655309849,0.492639999
429,429,1244873.836588265,4842455.171615054,0.610780961
430,430,1244909.453512856,4842438.27070641,1.0604046
431,431,1244943.710157952,4842439.955502775,0.890003629
432,432,1244204.183424716,4842387.252366256,0.689321424
433,433,1244403.713030333,4842387.295412139,0.592363636
434,434,1244961.871853762,4842426.171533623,0.697676469
435,435,1239166.227221673,4842143.916226557,0.559006822
436,436,1244419.753844933,4842364.103612781,0.563225044
437,437,1244334.599669147,4842352.635864682,0.281924128
438,438,1244523.122028596,4842352.940531241,0.628179505
439,439,1244647.515675477,4842362.450964659,0.502041096
440,440,1244979.534427092,4842382.93952263,0.765684213
441,441,1242904.692074416,4842254.309183872,1.152244355
442,442,1244471.896087148,4842350.880391308,0.511975048
443,443,1244427.861850647,4842329.553691907,0.277117646
444,444,1244986.610088538,4842370.745987924,0.700887491
445,445,1244504.287244987,4842324.029085656,0.25744444
446,446,1244855.532314312,4842343.473644275,0.464061221
447,447,1242832.755802809,4842213.522371256,1.120260244
448,448,1245147.227459971,4842331.719593588,0.412782608
449,449,1239303.680563573,4842044.298152184,0.60282153
450,450,1242769.536842226,4842176.809111802,1.20488379
451,451,1243354.514605759,4842296.796812972,0.879311365
452,452,1245016.985209398,4842351.64219936,-0.191649193
453,453,1242948.152929456,4842132.934166597,0.97992391
454,454,1239332.484986676,4841908.557972433,0.973697469
455,455,1244848.958528619,4842249.004220275,-0.290385044
456,456,1244989.599443975,4842247.366804669,-0.236768956
457,457,1245034.705350301,4842245.005524939,0.774115935
458,458,1245062.282687691,4842246.623051582,0.777014484
459,459,1244898.736961453,4842233.598323118,-0.217836533
460,460,1244917.621126778,4842217.364542572,-0.31551799
461,461,1242741.713690754,4842080.76913448,0.774702893
462,462,1244815.363137641,4842210.648843537,-0.315171336
463,463,1239425.111595709,4841873.29291219,-0.427176476
464,464,1244802.641152436,4842191.331239997,-0.324422533
465,465,1244967.571547626,4842214.253275035,-0.29979536
466,466,1244796.332664005,4842180.946517288,-0.299685708
467,467,1244786.577067217,4842170.359442342,-0.282088239
468,468,1239353.716451188,4841838.991799477,0.079
469,469,1244776.821505832,4842159.772355727,-0.318695647
470,470,1245274.018667259,4842219.326955112,0.341391373
471,471,1244767.065979508,4842149.185245584,-0.308687945
472,472,1244757.310488589,4842138.598123773,-0.333144924
473,473,1243309.960564349,4842043.646149672,0.69697999
474,474,1244751.002141869,4842128.213346391,-0.329202893
475,475,1244741.67611549,4842116.986375015,-0.317904249
476,476,1245295.917111901,4842158.483399676,0.426679348
477,477,1245290.506279563,4842129.817963214,0.41914285
478,478,1242811.183065199,4842041.033785325,1.046827023
479,479,1244732.790480022,4842087.288501873,-0.324478265
480,480,1245284.197099291,4842119.433787966,0.52813235
481,481,1242706.454391936,4841947.751382081,0.698976189
482,482,1245075.122285485,4842094.348798368,-0.246068597
483,483,1243100.008831761,4841960.961561653,0.667222224
484,484,1245096.36324432,4842078.37731973,-0.215724637
485,485,1245285.449428434,4842089.464142662,0.368239128
486,486,1244990.979210346,4842052.519485069,-0.293950819
487,487,1243149.559129793,4842101.991927981,0.80035022
488,488,1245002.65309413,4842033.066742368,0.241539683
489,489,1245019.422460789,4842033.806698776,0.187314289
490,490,1245040.14743131,4842034.29223246,0.253113636
491,491,1245131.0444892,4842052.305379036,-0.208769395
492,492,1245061.329733828,4842026.980776733,0.452181819
493,493,1245075.160584887,4842027.061809866,0.322249997
494,494,1245267.609886355,4842048.360991205,0.331024153
495,495,1239274.245049188,4841805.468607146,0.589827586
496,496,1245082.64002578,4842017.486113175,0.523671436
497,497,1245158.540365153,4842020.479432395,-0.243253874
498,498,1245093.599452286,4841978.63603818,0.636493315
499,499,1245180.912627932,4841993.206149839,-0.220912409
500,500,1245258.793338265,4842002.089661484,0.48786624
501,501,1245561.273007976,4841995.18464891,0.164385718
502,502,1245592.811443567,4842020.719050665,0.483611767
503,503,1245266.433468759,4841969.967781556,0.641708024
504,504,1245279.417072834,4841957.971608201,0.753240743
505,505,1245659.759207043,4841980.579961486,0.14256471
506,506,1245203.554394751,4841960.964909373,-0.185834319
507,507,1245225.329865691,4841945.940771376,-0.017916665
508,508,1245300.676292829,4841949.012255187,0.276235291
509,509,1245614.677426764,4841982.002853306,-0.211276622
510,510,1245684.011286891,4841967.640013265,-9999.0
511,511,1245218.851038671,4841936.074645245,-0.216272722
512,512,1245122.127765288,4841920.166321853,0.438724995
513,513,1245244.522085001,4841917.40756679,-0.13446808
514,514,1245673.547487547,4841950.788426517,-0.004797156
515,515,1245255.11883595,4841907.427686858,-0.129544119
516,516,1245271.643152074,4841895.819581343,-0.072285018
517,517,1245158.896364743,4841896.778603652,0.546664253
518,518,1239311.358200695,4841611.057704009,0.420258334
519,519,1239345.00726511,4841510.216360331,0.507666672
520,520,1245153.872935367,4841851.407335031,0.540805548
521,521,1244600.265285809,4841808.91351358,-0.36556522
522,522,1245162.115278366,4841841.888233023,0.653602945
523,523,1245299.628598747,4841862.384514073,-0.259485722
524,524,1245352.025904041,4841853.608923412,-0.235757895
525,525,1245387.073221922,4841838.465559978,-0.324697166
526,526,1245415.49598187,4841826.698879232,-0.294404412
527,527,1245367.218863876,4841821.990529501,0.213908772
528,528,1245400.02424205,4841806.118692395,0.289744791
529,529,1245433.829200285,4841813.360762097,-0.216893008
530,530,1245551.679632193,4841804.634965589,0.175507243
531,531,1245561.541191744,4841866.326400571,-0.09588756
532,532,1245547.188623142,4841775.145624825,-0.269696964
533,533,1245523.554088518,4841754.297538852,-0.163990559
534,534,1245508.368916199,4841737.641939515,-0.275990296
535,535,1245135.94265204,4841699.973656902,0.671805969
536,536,1245183.593746638,4841702.946459708,0.534295451
537,537,1245129.53209826,4841689.761550128,0.611014284
538,538,1245445.655859557,4841782.474119927,-0.170843441
539,539,1245006.031137657,4841672.502406488,0.458164177
540,540,1245061.766060185,4841665.757811888,0.850420302
541,541,1244442.508741853,4841609.369639091,0.515000002
542,542,1239485.921887223,4841428.772338097,0.509437247
543,543,1245046.85638281,4841635.072204016,0.42772682
544,544,1244443.681716686,4841589.409533584,1.07062317
545,545,1244817.874607194,4841625.407982627,0.277444767
546,546,1245071.097779557,4841626.407850169,0.488545458
547,547,1245152.7269289,4841623.938423164,0.712647059
548,548,1244826.732874506,4841595.690303959,0.58100001
549,549,1244744.048053124,4841577.67591428,0.310196257
550,550,1244666.664885153,4841561.721111998,0.519500006
551,551,1244704.536825844,4841564.675423755,0.49493431
552,552,1244721.77077155,4841565.687439358,0.449785717
553,553,1244571.400024604,4841561.423645379,0.807191175
554,554,1244618.953309018,4841549.63456937,0.678432842
555,555,1245004.944556978,4841572.215776499,0.755544115
556,556,1245085.195334003,4841561.89120145,-9999.0
557,557,1244331.318290947,4841492.163237145,0.435350882
558,558,1244871.591362759,4841530.751020322,0.429337512
559,559,1244243.41245824,4841457.462484428,0.263826087
560,560,1239556.190859506,4841195.497686421,0.780952659
561,561,1244917.735525732,4841494.311559021,0.495107528
562,562,1244982.495734809,4841481.805908495,0.479637935
563,563,1244924.137357726,4841482.107245657,-9999.0
564,564,1239598.869280685,4841151.475277781,0.681809109
565,565,1239640.885000478,4841095.747782768,0.503616251
566,566,1244164.490889223,4841343.275680076,0.818892482
567,567,1244161.930765571,4841322.481199127,0.672780487
568,568,1239657.585598462,4841037.690089503,0.478181823
569,569,1239675.353736578,4840986.242831183,0.460519662
570,570,1239699.210369349,4840935.403519525,0.502038244
571,571,1244107.928433666,4841129.61426948,1.206431588
572,572,1244118.455899163,4841074.569509181,1.214146182
573,573,1244142.44878974,4841011.689102383,0.978999996
574,574,1244021.640997327,4840998.76795333,1.01440625
575,575,1239735.569225731,4840817.982438631,0.408353403
576,576,1243786.966400869,4840985.735772597,1.160915488
577,577,1244016.458614291,4840973.426455683,0.835257131
578,578,1244038.311993618,4840954.683222805,0.97305712
579,579,1243991.661655371,4840929.065557276,0.699404769
580,580,1239689.007784824,4840637.086727793,1.671308255
581,581,1239674.720574834,4840565.018453953,0.223865167
582,582,1243721.147880391,4840781.919276372,0.838214274
583,583,1239680.62326879,4840520.538384184,0.027641892
584,584,1243780.067115604,4840759.217480746,0.973347838
585,585,1239685.098046053,4840496.637906266,-0.0525375
586,586,1239666.853338953,4840490.543305366,0.001649485
587,587,1243742.613217959,4840763.604067188,1.041503058
588,588,1243816.274116215,4840730.229821349,1.146526305
589,589,1239677.841812304,4840476.174785708,-0.066064747
590,590,1243776.700887249,4840698.931257691,0.9768261
591,591,1243818.099619534,4840700.638955065,0.921613626
592,592,1243791.073908524,4840689.763042201,0.902088244
593,593,1243845.523385397,4840697.411875502,1.120145735
594,594,1239689.667080224,4840451.840698807,-0.136740074
595,595,1243722.820659255,4840665.713847237,0.810377793
596,596,1239721.326204026,4840429.695030739,-0.13802774
597,597,1243477.081252708,4840621.392238437,0.664729172
598,598,1239752.238451811,4840330.375117882,2.768558821
599,599,1239781.024865826,4840327.797028504,1.188075642
600,600,1243781.81226739,4840559.613754908,0.425212773
601,601,1239639.934080855,4840584.083222168,0.737072606
602,602,1239730.290901367,4840313.336783731,0.924500003
603,603,1243874.472621535,4840590.874241713,0.78495503
604,604,1243190.206050703,4840477.723527648,0.896776314
605,605,1243937.192349347,4840484.700046523,0.946806842
606,606,1243738.692801139,4840396.252478183,0.386886363
607,607,1243729.444795136,4840385.693040333,0.378705889
608,608,1243383.895028118,4840504.040878911,0.875387473
609,609,1243256.570463123,4840377.976556642,0.997679618
610,610,1243263.258904015,4840308.353586458,1.120194436
611,611,1243594.560222663,4840327.320386789,0.863708319
612,612,1243941.960974291,4840388.089205037,0.910489365
613,613,1243387.268777048,4840265.379586919,0.941309163
614,614,1243751.834992305,4840357.43649164,0.817110424
615,615,1243147.798742659,4840211.852089196,0.644016666
616,616,1242752.297912733,4840000.764530225,0.808461529
617,617,1242770.058109709,4840012.584244728,0.651162543
618,618,1242706.092000368,4839967.105300441,0.542789473
619,619,1242680.949636606,4839942.16405271,0.444086962
620,620,1242649.000088772,4839898.742210138,0.590040816
621,621,1237904.798128397,4839589.058150009,-9999.0
622,622,1242618.452062353,4839870.447064718,0.683670633
623,623,1237888.764090413,4839568.066409142,-9999.0
624,624,1242584.839020751,4839838.635801662,0.880387752
625,625,1242565.255908668,4839805.704167502,0.737076919
626,626,1242533.294533323,4839794.338301915,0.732182471
627,627,1242564.897051581,4839786.191476191,0.811289857
628,628,1242547.27984027,4839760.89075366,0.858220208
629,629,1242482.734133122,4839735.370267464,0.755831937
630,630,1242408.25928369,4839716.773072087,0.79981418
631,631,1242440.094722211,4839680.453883595,0.87577611
632,632,1242381.225715701,4839635.199452861,0.834907834
633,633,1238916.502580437,4839276.309360293,-0.8224746
634,634,1238973.627208943,4839237.320085765,-0.815993295
635,635,1239072.692696679,4839208.180271861,-0.879023782
636,636,1239093.45964426,4839199.404381994,-0.756886396
637,637,1238984.391974649,4839172.861605339,-0.574000001
638,638,1238985.583824225,4839152.901589145,-0.977000058
639,639,1239070.488703786,4839164.238511866,-0.614291907
640,640,1241584.818915131,4839188.107676391,0.530688402
641,641,1241639.337126217,4839180.783121014,0.500040816
642,642,1241420.59949988,4839137.768400311,0.061559999
643,643,1241635.392339906,4839132.417013259,0.503937495
644,644,1241533.83260795,4839114.979041862,0.540366908
645,645,1241573.219825669,4839108.833146508,0.683166693
646,646,1239091.311015952,4838926.470931164,-0.666344709
647,647,1239118.767226852,4838914.469722798,-0.639121502
648,648,1239147.573742765,4838872.120741791,-0.831642853
649,649,1239075.815722041,4838857.821457915,-0.819458323
650,650,1239128.092706352,4838850.926731325,-0.395797098
651,651,1239105.887196032,4838842.103622103,-0.838433694
652,652,1239026.518167035,4838814.815687783,-0.949999988
653,653,1239061.69872136,4838804.118020406,-0.889245771
654,654,1239090.322697763,4838788.57846971,-0.72120385
655,655,1239375.477598813,4838778.860210176,-0.644554488
656,656,1239397.51336158,4838762.842065114,-0.63541525
657,657,1239011.058353062,4838723.954304397,0.212459999
658,658,1239421.502781347,4838743.240421821,-0.837208802
659,659,1238991.578304004,4838702.759800949,0.503653066
660,660,1238968.196876282,4838681.994895427,0.627999991
661,661,1237481.62487109,4838572.131135548,-9999.0
662,662,1239466.120561301,4838690.816270342,-0.835865672
663,663,1238936.892995623,4838652.477007685,0.351208236
664,664,1237848.620621674,4838564.081625415,-9999.0
665,665,1237491.237781789,4838533.230943442,-0.824551701
666,666,1238920.701185096,4838618.199568599,0.945884066
667,667,1237860.001129419,4838544.933936001,-0.946068192
668,668,1239092.947835139,4838661.421704625,0.7963834
669,669,1237535.915052096,4838530.001330818,-0.549164618
670,670,1238915.002907818,4838597.827952806,1.002191166
671,671,1239150.67714825,4838615.69365748,0.474967949
672,672,1237967.85234683,4838536.168409336,-0.908325831
673,673,1239255.405504681,4838621.206678567,0.817698423
674,674,1237930.552201164,4838523.918519778,-0.881239688
675,675,1238905.561336682,4838582.240530523,0.885369566
676,676,1238785.369229959,4838560.036080926,-0.547777775
677,677,1239307.418598928,4838598.22142856,0.831857373
678,678,1238545.897397442,4838525.690029596,-0.15444118
679,679,1238906.853891058,4838552.056212701,0.914141169
680,680,1239597.620423673,4838579.058594825,-0.549010766
681,681,1238578.426413691,4838508.190538552,-0.26015218
682,682,1238770.075226082,4838509.043903702,-0.915600002
683,683,1238924.929200712,4838507.849214936,0.56308333
684,684,1239299.514794842,4838534.660901857,0.731982823
685,685,1239631.555379671,4838531.263076418,-0.202677742
686,686,1240245.610807243,4838548.632749809,-0.709845111
687,687,1239903.902540414,4838511.63225044,-0.677022061
688,688,1240123.957808429,4838542.992090414,-0.706149984
689,689,1239669.78803122,4838494.325988975,-0.268384244
690,690,1239285.594159173,4838449.875257961,0.670888901
691,691,1240540.280167857,4838535.177694527,-0.249015037
692,692,1239290.94176546,4838440.024655633,0.752942022
693,693,1240483.871634771,4838514.255668718,-0.211925538
694,694,1238425.735946312,4838372.564991934,-0.388080245
695,695,1239307.363127421,4838428.251741854,0.690221832
696,696,1239331.108238288,4838410.414029325,0.679154595
697,697,1239901.848610723,4838436.557343324,-0.390179166
698,698,1239352.494928568,4838393.608401379,0.828845589
699,699,1240196.123724584,4838444.453836453,-0.31090698
700,700,1239371.327498703,4838385.789058872,0.77163226
701,701,1240166.095665632,4838432.075429099,-0.304510794
702,702,1238462.001549721,4838348.824700815,-0.132761527
703,703,1239394.824612479,4838379.478521951,0.63060001
704,704,1239720.768757382,4838396.654662894,0.925813957
705,705,1239736.663427915,4838388.171988254,1.064288897
706,706,1239432.163461855,4838373.594918509,0.557876917
707,707,1238643.79758138,4838276.143613559,-9999.0
708,708,1238720.267162319,4838252.81402,-0.667276543
709,709,1238873.260982113,4838254.802888797,1.813882339
710,710,1238863.854670469,4838226.154955701,1.184212866
711,711,1238619.136476425,4838217.160907357,0.264435987
712,712,1238594.383746315,4838149.916645865,-0.528630569
713,713,1238576.723672079,4838126.30006667,-0.475234368
714,714,1238885.107040585,4838162.864906017,1.191504272
715,715,1238565.190874197,4838104.087059938,-0.70031429
716,716,1238868.807207967,4838122.613619514,1.031953333
717,717,1238544.999511505,4838082.166361112,-0.732032245
718,718,1238860.281669119,4838106.603722508,1.026652168
719,719,1238847.638248669,4838094.796387439,0.870476196
720,720,1238522.003633394,4838062.473040175,-0.552784492
721,721,1238823.735814544,4838073.680299184,0.829198974
722,722,1238482.151806986,4838031.090359461,0.08034286
723,723,1238431.625200913,4837967.323877895,-0.084266055
724,724,1238412.53472009,4837948.441796631,0.030493674
725,725,1238774.367665382,4837981.143269431,0.749038877
726,726,1238393.75010689,4837929.136732298,0.166333335
727,727,1238743.615340639,4837936.56986817,1.326925255
728,728,1238369.750772984,4837899.847006029,0.351603043
729,729,1238343.793613724,4837862.228896552,0.395060603
730,730,1238637.800460284,4837914.804655534,0.685662209
731,731,1238324.750967664,4837824.9153079,0.315869766
732,732,1238572.895934859,4837855.067877167,0.225863246
733,733,1238310.616510059,4837803.263394126,0.442885868
734,734,1238299.82496635,4837789.401514175,0.679838717
735,735,1238546.094862558,4837806.426605845,0.2635
736,736,1238528.01300443,4837783.514164744,0.37519403
737,737,1238292.841551787,4837766.256678221,0.616262292
738,738,1238521.59687478,4837773.288928846,0.491707702
739,739,1238502.055548372,4837743.209305404,0.2652
740,740,1238488.726022635,4837723.549114249,0.465952384
741,741,1238430.219911392,4837691.946446438,-0.175105256
742,742,1238469.842485946,4837681.273767378,0.374913039
743,743,1238267.659488248,4837647.414020048,0.230955703
744,744,1238226.707725847,4837587.909745626,0.57862841
745,745,1238204.307640351,4837557.749527441,0.712509572
746,746,1238433.498622198,4837624.01422905,-0.336483002
747,747,1238170.354973863,4837521.676327354,0.699507174
748,748,1238467.848093056,4837514.442690413,-0.850857156
749,749,1238489.125210124,4837510.827438486,0.277124996
750,750,1238482.011430533,4837473.146035602,-0.261029724
751,751,1238511.404962803,4837470.135300217,0.251189189
752,752,1238170.02603465,4837404.868651163,-0.036000002
753,753,1238469.977347971,4837335.40120203,-0.330468896
754,754,1238506.528991099,4837334.21752594,0.420753089
755,755,1238490.809965665,4837315.197306796,1.267736084
756,756,1238189.82109149,4837204.235368317,0.400555568
757,757,1238170.112736307,4837180.150012054,0.637763638
758,758,1238482.185366615,4837221.950061587,0.556662589
759,759,1238490.958820147,4837152.507347957,0.389048947
760,760,1238507.274005086,4837106.170899223,0.597755102
761,761,1238521.574023932,4836999.081945615,0.642120226
762,762,1238493.416415474,4836960.851807527,0.487146097
763,763,1238514.958707907,4836897.746928249,0.61795192
764,764,1238534.803411313,4836871.406364362,0.292057968
765,765,1238524.422769147,4836861.796810068,-0.558206601
766,766,1238555.564466985,4836852.593572634,0.594156867
767,767,1238546.261703542,4836843.424061733,-0.517445774
768,768,1238143.239101103,4837135.872836955,0.732473241
769,769,1238577.333282229,4836833.420089209,0.780866672
770,770,1238569.694202563,4836824.442350119,-0.501599986
771,771,1238579.223408708,4836814.794553548,-0.784363676
772,772,1238671.010223656,4836729.704116507,0.483998953
773,773,1238767.413105194,4836735.353381867,0.87891802
774,774,1238776.208459655,4836696.543568959,1.102540144
775,775,1238797.376306236,4836677.200409263,0.69894017
776,776,1239271.531390373,4836714.469275749,0.855977725
777,777,1238777.939139643,4836623.89119645,0.721215055
778,778,1238874.748691439,4836603.161179235,0.613228478
779,779,1238962.481029354,4836587.546345966,0.631148424
780,780,1239025.110190042,4836581.247503642,0.941778574
781,781,1239262.502892875,4836575.421637308,0.731024371
782,782,1239087.726018412,4836551.198819493,0.90052128
783,783,1239169.884409887,4836542.445213136,0.775316826
784,784,1239224.405041782,4836543.07471654,0.808771426
785,785,1239256.706366788,4836556.888454176,0.868076921
786,786,1238788.913885485,4836495.247344438,0.703363652
787,787,1238773.641713982,4836483.325715018,0.589994506
788,788,1238782.640739958,4836416.518092065,0.857414286
789,789,1238805.201496031,4836381.835379783,0.634796743
790,790,1238813.176998347,4836368.266056932,0.553617647
791,791,1238834.360478881,4836321.523303136,0.572355728
792,792,1238856.761220483,4836304.192742732,0.649722931
793,793,1238880.433527178,4836290.082051597,0.708344588
794,794,1239024.197634615,4836256.121371111,0.865999997
795,795,1239246.457046147,4835815.44447431,0.528406233
796,796,1239193.944818025,4835780.06734289,0.713602936
797,797,1239211.944708604,4835789.448706864,0.50808572
798,798,1238989.104774726,4835758.116624361,0.343649263
799,799,1238721.108467458,4835711.738178211,0.338166664
800,800,1238674.091808627,4835688.89396906,0.322115943
801,801,1238637.406299397,4835666.667516991,0.344357662
802,802,1238627.672646653,4835656.069347122,0.6665
803,803,1238585.294808938,4835613.470398662,0.361691175
804,804,1238538.884985084,4835597.621205557,0.388391303
805,805,1238475.241345573,4835546.788597492,0.602294124
806,806,1238455.775035699,4835525.591659226,0.560223882
807,807,1238449.485460967,4835515.199324532,0.689999996
808,808,1238443.649428401,4835495.03292111,0.948476934
809,809,1238372.077215483,4835480.517002589,0.468185773
810,810,1238433.86193523,4835485.782087075,0.907512823
811,811,1238294.072003083,4835455.813775279,0.435456138
812,812,1237756.448200872,4835442.888779659,0.776862507
813,813,1238199.447822392,4835420.097966042,0.499357143
814,814,1238179.941777571,4835398.95546817,0.587852942
815,815,1238160.416248414,4835377.835251633,0.756144923
816,816,1238141.585930577,4835346.600497103,0.628128574
817,817,1238129.803767858,4835311.181058705,0.847832076
818,818,1238113.446577027,4835271.989556897,0.803912577
819,819,1237813.103261041,4835231.402072567,0.649000049
820,820,1238092.722664575,4835233.978438179,0.605684198
821,821,1237833.9312016,4835211.342182928,0.673909111
822,822,1237862.798156891,4835182.435698066,0.671684199
823,823,1238081.723367586,4835206.330974548,0.799872142
824,824,1237876.247136703,4835171.981253058,0.720609757
825,825,1238071.328768513,4835172.298063254,0.8590648
826,826,1237902.272581339,4835152.632847917,0.8018785
827,827,1237915.945071043,4835143.048426414,0.930918704
828,828,1238035.940840611,4835149.887012928,0.718058842
829,829,1237926.442687903,4835133.466111047,0.741910459
830,830,1237995.219176022,4835137.42997027,0.922735291
831,831,1237950.313537363,4835124.533811633,0.720740854
