OID,FID_,X,Y,BCE_Houhor
0,0,1609721.101668522,6152400.53931695,-9999.0
1,1,1609042.318740522,6152387.361994522,0.311910699
2,2,1609081.620753137,6152382.079684094,0.132499964
3,3,1609563.607495551,6152423.899215614,0.089093174
4,4,1609024.050837452,6152352.251533869,-9999.0
5,5,1609727.034465879,6152351.738899745,-9999.0
6,6,1609780.296011963,6152351.478143766,-9999.0
7,7,1609648.654482123,6152344.704771991,-9999.0
8,8,1609703.057528865,6152325.646840384,-9999.0
9,9,1609777.440951306,6152302.407521659,-9999.0
10,10,1609627.993605257,6152291.664878926,-9999.0
11,11,1609656.128863027,6152303.527791279,-9999.0
12,12,1609506.223352554,6152284.047612153,-9999.0
13,13,1609652.811943749,6152281.881527863,-9999.0
14,14,1609514.760269377,6152274.431075021,-9999.0
15,15,1609640.47150549,6152271.93285758,-9999.0
16,16,1609627.962306298,6152261.780061008,-9999.0
17,17,1609800.582249567,6152262.006233423,-9999.0
18,18,1609834.220567636,6152251.804400775,-9999.0
19,19,1609841.829160223,6152241.834641451,-9999.0
20,20,1609517.268293453,6152241.241585778,0.077757553
21,21,1609389.462657784,6152223.287418061,-9999.0
22,22,1609431.772017615,6152219.075474934,0.116999955
23,23,1609407.50300059,6152204.860544623,-9999.0
24,24,1609463.501669293,6152202.589713377,-9999.0
25,25,1609529.261055392,6152202.521781927,-9999.0
26,26,1609416.07063218,6152192.697345134,-9999.0
27,27,1609608.299820933,6152131.913267639,-9999.0
28,28,1609841.786544618,6152156.577489344,-9999.0
29,29,1609701.377772651,6152087.009745882,-9999.0
30,30,1609701.73225747,6152062.878709078,-9999.0
31,31,1609825.007945273,6152042.824533245,-9999.0
32,32,1609893.942340097,6152060.533675987,-9999.0
33,33,1609656.706149282,6152046.28728165,-9999.0
34,34,1609783.273427488,6151991.207727355,-9999.0
35,35,1609697.336668351,6151968.35171159,-9999.0
36,36,1609947.477055194,6151932.910681286,-9999.0
37,37,1609583.507151332,6151917.175696636,-9999.0
38,38,1609939.847890411,6151823.545362945,-9999.0
39,39,1610117.371969795,6151777.489992474,1.670037776
40,40,1609732.348024089,6151768.659065052,-9999.0
41,41,1609949.940447087,6151768.402612015,-9999.0
42,42,1609984.624073316,6151812.26274037,0.264004652
43,43,1610008.288588508,6151748.539436709,-9999.0
44,44,1609939.364775614,6151728.137055925,-9999.0
45,45,1610128.766621368,6151703.799607756,-9999.0
46,46,1609758.181271948,6151709.243321273,-9999.0
47,47,1609919.778860366,6151690.614036099,-9999.0
48,48,1610086.8770451,6151723.563391503,-9999.0
49,49,1609760.323945363,6151664.88192223,-9999.0
50,50,1610076.979027431,6151666.218307054,-9999.0
51,51,1609923.204375139,6151634.292451488,-9999.0
52,52,1609738.07639737,6151629.613414083,-9999.0
53,53,1609500.398908176,6151659.887032617,-9999.0
54,54,1610145.062633746,6151574.280468669,-9999.0
55,55,1609964.225855983,6151564.516673664,-9999.0
56,56,1610001.032527734,6151569.561274162,-9999.0
57,57,1610060.197927456,6151567.478110994,-9999.0
58,58,1609503.931765268,6151555.042550561,-9999.0
59,59,1609537.146263981,6151555.008144217,-9999.0
60,60,1609495.681544432,6151525.166196218,-9999.0
61,61,1609740.043225092,6151527.261077749,-9999.0
62,62,1609526.968105426,6151534.083716659,-9999.0
63,63,1609684.715352182,6151515.007316227,-9999.0
64,64,1609717.919174459,6151505.010638812,-9999.0
65,65,1609956.664595216,6151510.100714232,-9999.0
66,66,1609676.089080457,6151489.338942586,-9999.0
67,67,1609701.296026283,6151489.881462727,-9999.0
68,68,1611155.0883848,6151501.653105817,-9999.0
69,69,1609528.496846895,6151465.362464563,-9999.0
70,70,1609520.58374269,6151435.485779067,-9999.0
71,71,1609673.754418416,6151443.288658069,-9999.0
72,72,1611368.256903266,6151413.192115547,0.042968706
73,73,1610002.43784701,6151411.589114035,-9999.0
74,74,1610029.806742747,6151405.059259189,-9999.0
75,75,1609585.958962531,6151395.571304456,-9999.0
76,76,1609996.918617917,6151394.724879065,-9999.0
77,77,1609520.19502925,6151385.678035075,-9999.0
78,78,1609917.151180457,6151464.894149895,-9999.0
79,79,1611386.096545879,6151364.156146059,-9999.0
80,80,1609980.437384939,6151355.304848755,-9999.0
81,81,1609958.394164233,6151349.439981571,-9999.0
82,82,1611408.969233417,6151339.824184859,-0.005840526
83,83,1610001.210152329,6151346.400414469,-9999.0
84,84,1609483.042425888,6151315.357566129,-9999.0
85,85,1609511.893352658,6151305.993588973,-9999.0
86,86,1611460.432431717,6151293.222111477,-0.010482761
87,87,1609693.030126867,6151285.881058738,-9999.0
88,88,1611451.580942495,6151283.449395087,-9999.0
89,89,1610000.598085179,6151276.050336352,-9999.0
90,90,1610037.862743418,6151255.625978461,-9999.0
91,91,1611477.010032102,6151255.499081381,-0.002507042
92,92,1609503.581515266,6151216.347504836,-9999.0
93,93,1610005.269315761,6151205.853353291,-9999.0
94,94,1610046.201147849,6151210.585219532,-9999.0
95,95,1611049.086571442,6151204.657613604,-9999.0
96,96,1609440.640432903,6151407.817432702,-9999.0
97,97,1609705.553649534,6151185.382464261,-9999.0
98,98,1610013.455784659,6151175.959533632,-9999.0
99,99,1611102.735499171,6151175.08419038,-9999.0
100,100,1611500.68414929,6151114.448779122,-9999.0
101,101,1610036.272021058,6151099.792003316,-9999.0
102,102,1611163.670719521,6151084.979457329,-9999.0
103,103,1610050.571838199,6151056.755541203,-9999.0
104,104,1611566.303533199,6151057.941363156,0.005779177
105,105,1610075.206692989,6151036.805290781,-9999.0
106,106,1611613.166205268,6151038.004699296,-0.003529997
107,107,1611592.507157722,6151023.566361398,-0.052168942
108,108,1611225.801567437,6150995.625149492,-9999.0
109,109,1611571.344281248,6150973.389210019,-9999.0
110,110,1609856.869441877,6150936.845276006,-9999.0
111,111,1611354.612796331,6150939.433292396,-9999.0
112,112,1611611.613218391,6150959.699553125,0.013507525
113,113,1611616.253990162,6150904.904613867,-9999.0
114,114,1609897.131451106,6150796.115422664,-9999.0
115,115,1611081.169210006,6150686.409302309,-9999.0
116,116,1611360.420007772,6150676.310919821,-9999.0
117,117,1611384.676326825,6150660.565035596,-9999.0
118,118,1611434.275493114,6150586.564472364,-9999.0
119,119,1611453.504571003,6150569.947170191,-9999.0
120,120,1611434.188710853,6150516.833035294,-9999.0
121,121,1610053.450724294,6150478.601076499,-9999.0
122,122,1610119.838912133,6150472.822619212,-9999.0
123,123,1610160.458013286,6150478.279082547,-9999.0
124,124,1610217.299169573,6150452.380447637,-9999.0
125,125,1610123.838687312,6150395.378735183,-9999.0
126,126,1611417.734457291,6150367.224451986,-9999.0
127,127,1609987.552050937,6150339.209909405,-9999.0
128,128,1611439.525871991,6150345.38033824,-9999.0
129,129,1609999.606907175,6150328.450407539,-9999.0
130,130,1610145.233398182,6150352.141845343,-9999.0
131,131,1611529.061414617,6150327.819246474,-9999.0
132,132,1611619.449575771,6150317.743716924,-9999.0
133,133,1611458.763761959,6150317.365106563,-9999.0
134,134,1611467.125418113,6150297.227067541,-9999.0
135,135,1610217.21051726,6150273.433265114,-9999.0
136,136,1610291.245087575,6150274.440183717,-9999.0
137,137,1611451.612235162,6150271.181651639,-9999.0
138,138,1611490.994146307,6150242.043341203,-9999.0
139,139,1611652.221463905,6150238.008975185,-9999.0
140,140,1610201.442150976,6150229.396758383,-9999.0
141,141,1611507.929705663,6150202.744619044,-9999.0
142,142,1610463.995424536,6150149.408244421,-9999.0
143,143,1611589.873694141,6150148.056793422,-9999.0
144,144,1611630.964145385,6150148.00486048,-9999.0
145,145,1610555.151830865,6150139.138014473,-9999.0
146,146,1611552.700231025,6150143.22655382,-9999.0
147,147,1610406.059842954,6150123.79653607,-9999.0
148,148,1610291.3593019,6150099.386428481,-9999.0
149,149,1610406.412378759,6150099.66539749,-9999.0
150,150,1611704.293319001,6150106.21187984,-9999.0
151,151,1610444.551827258,6150075.003074733,-9999.0
152,152,1610521.419361394,6150059.68778435,-9999.0
153,153,1611592.197732101,6150087.602151353,-9999.0
154,154,1611635.532769891,6150038.797002654,-9999.0
155,155,1611701.309935436,6150044.847068769,-9999.0
156,156,1610408.443682699,6150041.407527481,-9999.0
157,157,1611655.454103954,6150018.472278015,-9999.0
158,158,1611572.691523841,6150016.723697652,-9999.0
159,159,1610414.517484857,6150000.039685405,-9999.0
160,160,1610435.660688489,6150000.391843709,-9999.0
161,161,1611486.044064367,6150002.25885707,-9999.0
162,162,1611409.189569433,6149968.564573092,-9999.0
163,163,1611717.611039158,6149958.999402311,-9999.0
164,164,1611753.980048944,6149948.206540327,-9999.0
165,165,1611417.495840371,6149943.854398705,-9999.0
166,166,1611448.780777784,6149972.985445222,-9999.0
167,167,1610258.298464974,6149930.483895941,-9999.0
168,168,1611632.214072577,6149927.734546138,-9999.0
169,169,1611433.619282654,6149923.911023902,-9999.0
170,170,1610167.879592976,6149910.661120073,-9999.0
171,171,1610537.80571276,6149869.465284222,-9999.0
172,172,1611876.732411699,6149873.032331374,-9999.0
173,173,1610596.627553984,6149860.898421099,-9999.0
174,174,1610615.410584389,6149842.347796748,-9999.0
175,175,1611441.551016723,6149829.469679861,-9999.0
176,176,1611860.284650819,6149833.145992634,-9999.0
177,177,1611453.60350495,6149818.708256272,-9999.0
178,178,1611693.799355177,6149825.909592443,-9999.0
179,179,1611915.294517851,6149842.633557594,-0.019000044
180,180,1611613.533368602,6149818.199113941,-9999.0
181,181,1611691.777428089,6149803.233126952,-9999.0
182,182,1610173.047824363,6149795.44632892,-9999.0
183,183,1610637.63595317,6149791.119423416,-9999.0
184,184,1611513.220723192,6149820.83606477,-9999.0
185,185,1611616.695616727,6149781.622269009,-9999.0
186,186,1610640.844160534,6149771.038366927,-9999.0
187,187,1611490.7830742,6149769.638259565,-9999.0
188,188,1611520.131055666,6149760.015990837,-9999.0
189,189,1611622.254493949,6149759.511185602,-9999.0
190,190,1611953.975349862,6149769.811014457,-9999.0
191,191,1610133.811465177,6149757.943340592,-9999.0
192,192,1610668.984836313,6149750.706254018,-9999.0
193,193,1611972.626538059,6149725.806468044,-9999.0
194,194,1610274.127554916,6149691.270344925,-9999.0
195,195,1611753.986200045,6149689.611917811,-9999.0
196,196,1611959.078191205,6149679.385508756,-9999.0
197,197,1611589.257316007,6149659.527670589,-9999.0
198,198,1610340.528599613,6149627.450294073,-9999.0
199,199,1611433.39695763,6149609.914694133,-9999.0
200,200,1611432.648603391,6149584.64665998,-9999.0
201,201,1611458.181976968,6149591.637415175,-9999.0
202,202,1611576.651398942,6149585.343438672,-9999.0
203,203,1610833.418051792,6149531.357258373,-9999.0
204,204,1610824.851245248,6149520.997113392,-9999.0
205,205,1611983.497254572,6149500.043696625,-9999.0
206,206,1612028.124747023,6149586.154393935,-0.130149009
207,207,1611933.791919826,6149484.392523936,-9999.0
208,208,1611564.366556551,6149470.696003023,-9999.0
209,209,1610989.299048601,6149461.236136336,-9999.0
210,210,1611947.013132544,6149420.774040617,-9999.0
211,211,1611962.63146004,6149395.577149692,-9999.0
212,212,1611380.665848897,6149372.42426246,-9999.0
213,213,1611687.502050316,6149370.923461673,-9999.0
214,214,1611342.521275928,6149356.209206482,-9999.0
215,215,1612118.774217592,6149358.811940817,-9999.0
216,216,1611189.800837887,6149333.088781019,-9999.0
217,217,1610980.734637961,6149312.025700591,-9999.0
218,218,1611251.894686409,6149301.73581556,-9999.0
219,219,1611940.959872141,6149301.569396225,-9999.0
220,220,1611966.789649901,6149290.870439145,-9999.0
221,221,1612119.402493323,6149305.786236918,-9999.0
222,222,1610980.698905624,6149282.140745276,-9999.0
223,223,1611860.288609874,6149281.046926549,-9999.0
224,224,1611330.121465861,6149296.454543167,-9999.0
225,225,1611509.45746805,6149259.099371069,-9999.0
226,226,1612121.842897065,6149245.398032411,-9999.0
227,227,1611481.505782533,6149225.965722724,-9999.0
228,228,1611432.564388268,6149211.857667896,-9999.0
229,229,1611779.16487181,6149211.949824507,-9999.0
230,230,1611506.681680074,6149206.579969728,-9999.0
231,231,1611309.281070457,6149192.086978192,-9999.0
232,232,1611399.670648089,6149191.975220135,-9999.0
233,233,1611448.974054571,6149191.913886209,-9999.0
234,234,1611723.868061741,6149193.331793151,-9999.0
235,235,1611153.129424415,6149172.354611897,-9999.0
236,236,1611473.769128096,6149171.755310309,-9999.0
237,237,1612121.076624719,6149180.88520205,-9999.0
238,238,1610923.372558039,6149162.669106894,-9999.0
239,239,1611687.423098451,6149176.466726351,-9999.0
240,240,1611769.033465188,6149165.831723498,-9999.0
241,241,1611194.843726905,6149156.636601972,-9999.0
242,242,1611313.07028547,6149152.0327668,-9999.0
243,243,1611399.790352173,6149152.652094713,-9999.0
244,244,1610955.181616481,6149172.620297423,-9999.0
245,245,1610970.026608408,6149138.208702332,-9999.0
246,246,1611186.772825508,6149136.359490599,-9999.0
247,247,1611174.248758765,6149121.65153907,-9999.0
248,248,1611342.400916704,6149122.314445126,-9999.0
249,249,1611799.566644903,6149124.804412199,-9999.0
250,250,1611974.786151559,6149121.511600588,-9999.0
251,251,1610853.658614552,6149117.411905468,-9999.0
252,252,1611334.002681628,6149112.158852885,-9999.0
253,253,1611403.836195374,6149102.110724988,-9999.0
254,254,1611634.34656028,6149102.402028527,-9999.0
255,255,1611933.330974437,6149137.82371218,-9999.0
256,256,1611991.194481631,6149101.566843849,-9999.0
257,257,1611046.20975351,6149092.790492405,-9999.0
258,258,1611197.888129172,6149099.274194748,-9999.0
259,259,1612015.819877406,6149081.611308834,-9999.0
260,260,1611350.393912835,6149077.272758442,-9999.0
261,261,1611407.913834774,6149077.201481419,-9999.0
262,262,1611620.952456019,6149071.953526007,-9999.0
263,263,1611724.697107415,6149072.402100826,-9999.0
264,264,1611967.289093434,6149079.886314509,-9999.0
265,265,1611987.6452135,6149072.062612143,-9999.0
266,266,1611650.763506564,6149068.668154151,-9999.0
267,267,1611689.666149786,6149076.913234315,-9999.0
268,268,1611391.45764041,6149059.542541821,-9999.0
269,269,1611469.909568428,6149120.926775846,-9999.0
270,270,1611736.434717357,6149055.361292039,-9999.0
271,271,1611910.448432347,6149060.010603507,-9999.0
272,272,1611951.647146307,6149050.516557241,-9999.0
273,273,1611494.56764629,6149032.846352618,-9999.0
274,274,1611966.019897624,6149031.663674616,-9999.0
275,275,1611951.532220219,6149020.812896409,-9999.0
276,276,1611469.467670728,6149017.354782992,-9999.0
277,277,1611523.108983031,6149020.631375982,-9999.0
278,278,1611811.604430176,6149020.473485726,-9999.0
279,279,1611713.540981665,6149004.118107625,-9999.0
280,280,1611916.710591781,6148986.331162454,-9999.0
281,281,1611127.861613526,6148977.359310182,-9999.0
282,282,1612134.66840872,6148986.076527243,-9999.0
283,283,1610857.218764675,6148953.348235624,-9999.0
284,284,1611157.608651868,6148952.323372104,-9999.0
285,285,1611399.373864268,6148952.895483728,-9999.0
286,286,1611384.855530281,6148998.703200669,-9999.0
287,287,1611004.374238939,6148951.524116452,-9999.0
288,288,1611256.1950053,6148949.620217762,-9999.0
289,289,1611711.782548657,6148947.317214577,-9999.0
290,290,1611735.884533786,6148946.717346909,-9999.0
291,291,1611227.129104228,6148933.1843472,-9999.0
292,292,1610976.792610385,6148930.035116506,-9999.0
293,293,1611005.258103534,6148923.491264331,-9999.0
294,294,1611108.270383868,6148922.498173216,-9999.0
295,295,1611185.199783021,6148925.212984267,-9999.0
296,296,1611218.562406862,6148922.824560569,-9999.0
297,297,1611809.997312674,6148947.014304367,-9999.0
298,298,1610955.036475982,6148921.698095461,-9999.0
299,299,1611432.366797251,6148917.784315188,-9999.0
300,300,1611728.172050054,6148912.430440395,-9999.0
301,301,1610855.953000006,6148915.824143959,-9999.0
302,302,1610914.135651826,6148907.884122406,-9999.0
303,303,1610991.524841309,6148910.52543524,-9999.0
304,304,1611035.106029482,6148906.598100001,-9999.0
305,305,1611108.195616016,6148893.858455765,-9999.0
306,306,1611134.348163682,6148926.354146642,-9999.0
307,307,1611371.758390916,6148925.815009512,-9999.0
308,308,1611886.526508158,6148892.303466505,-9999.0
309,309,1610892.108489941,6148900.056750638,-9999.0
310,310,1611248.785880564,6148891.850294556,-9999.0
311,311,1611354.256130581,6148878.034541657,-9999.0
312,312,1612136.825958358,6148877.526642395,-9999.0
313,313,1611194.647052335,6148874.25662558,-9999.0
314,314,1611736.319008047,6148857.630820304,-9999.0
315,315,1611336.453347435,6148835.286988091,-9999.0
316,316,1610881.548131101,6148824.021976784,-9999.0
317,317,1611086.970733088,6148823.776242338,-9999.0
318,318,1611736.56834945,6148827.745469826,-9999.0
319,319,1611119.451563939,6148817.982738114,-9999.0
320,320,1611160.536059495,6148817.932894355,-9999.0
321,321,1611317.206174563,6148818.310238249,-9999.0
322,322,1611292.368839392,6148803.602593542,-9999.0
323,323,1611629.428528442,6148802.249605272,-9999.0
324,324,1611916.477893763,6148807.021299714,-9999.0
325,325,1611086.934649116,6148793.891264918,-9999.0
326,326,1611218.404689634,6148793.731582526,-9999.0
327,327,1611916.826393799,6148782.890046235,-9999.0
328,328,1611394.958624507,6148813.466399057,-9999.0
329,329,1611740.325581342,6148777.93229651,-9999.0
330,330,1611251.22337465,6148753.844728256,-9999.0
331,331,1611431.981498249,6148743.659782765,-9999.0
332,332,1611181.954220808,6148734.382149733,-9999.0
333,333,1610766.557854892,6150495.838823597,0.066076979
334,334,1611507.477900495,6148748.498130591,-9999.0
335,335,1611062.188005612,6148714.2277165,-9999.0
336,336,1611253.483881211,6148725.167125575,-9999.0
337,337,1611357.618422868,6148718.074484198,-9999.0
338,338,1611432.118746244,6148718.55113275,-9999.0
339,339,1611461.301387642,6148714.114357136,-9999.0
340,340,1610857.429752464,6148802.165970938,-9999.0
341,341,1611160.777571138,6148704.146734055,-9999.0
342,342,1611596.442387245,6148708.383389311,-9999.0
343,343,1611899.607989348,6148715.093843342,-9999.0
344,344,1611221.192785072,6148694.310180297,-9999.0
345,345,1611440.303620574,6148692.908750029,-9999.0
346,346,1611571.604894669,6148693.676500805,-9999.0
347,347,1611411.533387155,6148683.710866184,-9999.0
348,348,1611222.96528692,6148674.562060132,-9999.0
349,349,1611793.00037708,6148673.267166682,-9999.0
350,350,1610851.552468176,6148681.028775653,-9999.0
351,351,1611530.652586695,6148664.366689582,-9999.0
352,352,1611703.371922186,6148663.215875985,-9999.0
353,353,1612134.906005671,6148666.184209951,-0.018400036
354,354,1610890.19224194,6148657.224864,-9999.0
355,355,1611349.690030103,6148644.145105162,-9999.0
356,356,1611197.848533097,6148644.127259525,-9999.0
357,357,1611354.372029794,6148624.592116352,-9999.0
358,358,1611395.9658131,6148623.960131197,-9999.0
359,359,1611137.833785242,6148621.965660444,-9999.0
360,360,1611160.821416297,6148601.588759407,-9999.0
361,361,1611218.335613566,6148599.274691836,-9999.0
362,362,1611053.80330055,6148574.774350877,-9999.0
363,363,1611165.326751977,6148575.015563575,-9999.0
364,364,1611454.807347124,6148574.950810863,-9999.0
365,365,1611006.170710476,6148581.042000535,-9999.0
366,366,1611100.324496293,6148578.161680269,-9999.0
367,367,1611135.718406306,6148548.486047788,-9999.0
368,368,1611103.211414102,6148524.702055814,-9999.0
369,369,1611103.019062591,6148504.983223549,-9999.0
370,370,1611252.393941439,6148505.331549489,-9999.0
371,371,1610919.894512801,6148532.783342089,-9999.0
372,372,1610976.212074111,6148465.665138249,-9999.0
373,373,1611257.482099913,6148472.955731275,-9999.0
374,374,1611937.539455553,6148454.50385502,-9999.0
375,375,1611957.48261704,6148454.10174823,-9999.0
376,376,1611107.65330719,6148445.583700669,-9999.0
377,377,1611966.022684658,6148443.720354476,-9999.0
378,378,1611217.591866773,6148439.319648766,-9999.0
379,379,1611242.31440516,6148442.04175224,-9999.0
380,380,1611259.385817547,6148434.652457341,-9999.0
381,381,1611579.495031228,6148434.662891932,-9999.0
382,382,1610900.133620842,6148431.671250341,-9999.0
383,383,1611475.619584457,6148532.835288349,-9999.0
384,384,1610959.648100173,6148356.106456188,-9999.0
385,385,1611505.44614723,6148355.062533795,-9999.0
386,386,1611794.071837802,6148348.206527504,-9999.0
387,387,1611940.906947043,6148344.544805138,-9999.0
388,388,1611439.652198642,6148305.336339801,-9999.0
389,389,1611830.557100429,6148294.010190803,-9999.0
390,390,1611882.1539844,6148293.712328392,-9999.0
391,391,1611907.963512563,6148284.817486936,-9999.0
392,392,1610966.069256006,6148294.537256337,-9999.0
393,393,1611597.50753031,6148269.486024477,-9999.0
394,394,1611830.51858949,6148264.125186673,-9999.0
395,395,1610912.914770091,6148309.273533051,-9999.0
396,396,1611217.91568435,6148255.59725538,-9999.0
397,397,1611679.665391226,6148267.521955432,-9999.0
398,398,1611739.226834526,6148254.365001694,-9999.0
399,399,1611783.465336878,6148285.576359971,-9999.0
400,400,1611034.080787318,6148415.201042441,-9999.0
401,401,1611056.08972381,6148252.559375965,-9999.0
402,402,1611069.408096824,6148245.815835111,-9999.0
403,403,1611694.453980126,6148245.04090695,-9999.0
404,404,1611061.781032932,6148236.591341004,-9999.0
405,405,1611226.94670521,6148237.898567209,-9999.0
406,406,1610937.97958081,6148230.461741633,-9999.0
407,407,1611833.938653991,6148225.143094089,-9999.0
408,408,1610971.051687627,6148222.687406346,-9999.0
409,409,1611612.407943783,6148205.094027344,-9999.0
410,410,1611715.666157252,6148217.743672551,-9999.0
411,411,1611784.788573025,6148225.270581989,-9999.0
412,412,1611891.427438981,6148205.145437658,-9999.0
413,413,1612154.322861979,6148204.367139142,-9999.0
414,414,1611581.374377709,6148223.506146099,-9999.0
415,415,1611801.371230633,6148194.891375551,-9999.0
416,416,1610913.634172607,6148190.844783781,-9999.0
417,417,1610988.703208318,6148221.587825425,-9999.0
418,418,1611710.629565881,6148175.492789053,-9999.0
419,419,1611694.184225458,6148165.552066735,-9999.0
420,420,1611718.982338441,6148150.373604865,-9999.0
421,421,1611263.376963026,6148126.620153318,-9999.0
422,422,1611806.713197377,6148156.6476851,-9999.0
423,423,1611751.634681495,6148115.670273148,-9999.0
424,424,1611784.125381931,6148119.836074422,-9999.0
425,425,1610962.555181952,6148144.339156913,-9999.0
426,426,1611073.924053638,6148086.074863794,-9999.0
427,427,1611225.756747629,6148086.443340093,-9999.0
428,428,1611774.631921693,6148086.423735716,-9999.0
429,429,1611595.88781839,6148097.21350346,-9999.0
430,430,1610927.788468588,6148083.117763533,-9999.0
431,431,1611201.083704091,6148066.550108233,-9999.0
432,432,1611764.493506654,6148066.22152284,-9999.0
433,433,1610921.876548927,6148046.758880408,-9999.0
434,434,1611080.733277902,6148054.869899575,-9999.0
435,435,1611686.356471129,6148078.366945839,-9999.0
436,436,1611529.869744424,6148041.034535532,-9999.0
437,437,1611751.53266404,6148035.976905702,-9999.0
438,438,1611102.949497225,6148033.256843332,-9999.0
439,439,1611127.440364162,6148032.202545629,-9999.0
440,440,1611817.249446343,6148025.930855838,-9999.0
441,441,1611706.713021457,6148011.73507308,-9999.0
442,442,1612328.566452287,6148014.850519015,0.052565185
443,443,1610962.297675767,6147996.902274832,-9999.0
444,444,1611612.344634234,6148010.441702885,-9999.0
445,445,1610905.927998903,6147992.557675059,-9999.0
446,446,1611628.56303469,6147985.916476658,-9999.0
447,447,1611677.510825289,6147976.301237484,-9999.0
448,448,1611632.907625897,6147966.772335411,-9999.0
449,449,1610979.114038889,6147956.831143529,-9999.0
450,450,1611471.054160534,6147964.333174952,-9999.0
451,451,1610938.824977611,6148000.274949107,-9999.0
452,452,1610993.120680487,6147966.105678001,-9999.0
453,453,1611077.684026663,6147937.197934091,-9999.0
454,454,1612381.281576315,6147952.055719269,-9999.0
455,455,1611030.273038569,6147952.90088364,-9999.0
456,456,1611007.997416494,6147922.134944327,-9999.0
457,457,1611148.094983334,6147917.565475079,-9999.0
458,458,1611148.070787371,6147897.642129984,-9999.0
459,459,1611012.051688174,6147877.30248371,-9999.0
460,460,1611126.908240978,6147877.368276759,-9999.0
461,461,1610990.987932846,6147870.456021611,-9999.0
462,462,1611027.871409712,6147867.321810771,-9999.0
463,463,1612835.555720256,6147867.494890787,1.424647337
464,464,1610916.960684044,6147887.092743338,-9999.0
465,465,1613239.931952521,6147853.169557936,-0.17193337
466,466,1611011.602067242,6147851.900341977,-9999.0
467,467,1612860.722854913,6147849.873127045,0.049316633
468,468,1612550.657325753,6147838.214646532,0.459851939
469,469,1612826.872984422,6147829.390483329,-9999.0
470,470,1610811.739394011,6147840.62261164,0.060673869
471,471,1612814.690702532,6147824.87521786,-9999.0
472,472,1612852.378936729,6147825.101803694,-9999.0
473,473,1613031.352679354,6147824.263850101,0.492632468
474,474,1610833.485171836,6147817.744845207,-9999.0
475,475,1612568.376884569,6147819.337011758,2.656800891
476,476,1612827.716998691,6147815.174595143,-9999.0
477,477,1612959.004888213,6147815.194476745,-9999.0
478,478,1612996.575194938,6147815.51751429,-9999.0
479,479,1613017.285554985,6147814.90771958,-0.097000048
480,480,1610921.049075443,6147812.091142266,-9999.0
481,481,1612787.545227121,6147811.910242761,1.009644322
482,482,1612819.487080678,6147805.224396596,-9999.0
483,483,1613141.500231068,6147813.405912627,1.995977383
484,484,1612549.40067029,6147801.231541364,0.17189329
485,485,1612798.933175734,6147795.29139845,-9999.0
486,486,1613038.422666286,6147795.516192909,0.181760522
487,487,1613111.6428129,6147794.571146492,1.834965983
488,488,1613168.652664656,6147794.768417431,-9999.0
489,489,1613353.519652196,6147799.48218862,-9999.0
490,490,1613415.139704427,6147806.785788316,-0.220614491
491,491,1610935.173312383,6147791.009505204,-9999.0
492,492,1611150.516421915,6147807.204089669,-9999.0
493,493,1612574.021249156,6147783.310150501,1.14143488
494,494,1612770.065319277,6147784.614843696,0.333734001
495,495,1613139.869227307,6147775.614267403,-9999.0
496,496,1613489.47704769,6147774.959599273,-0.219088931
497,497,1613517.690470282,6147779.001683152,0.046735483
498,498,1610880.4944102,6147792.785059801,-9999.0
499,499,1610899.575141661,6147776.748131206,-9999.0
500,500,1612696.213325222,6147764.785039482,3.571967474
501,501,1612753.703742398,6147765.469241223,-9999.0
502,502,1612891.354589887,6147805.284056256,0.214173863
503,503,1612897.490061423,6147770.249178393,-9999.0
504,504,1613369.300436477,6147764.593274802,-9999.0
505,505,1611151.411188437,6147757.798279564,-9999.0
506,506,1612672.130797343,6147755.620528879,4.565432677
507,507,1613492.957449774,6147754.654928866,-9999.0
508,508,1612595.462567226,6147759.644672705,1.506693377
509,509,1612999.986160564,6147745.40464836,-9999.0
510,510,1611020.10031091,6147737.829197137,-9999.0
511,511,1613321.869252569,6147735.511612457,-9999.0
512,512,1613418.984743635,6147734.839969245,-9999.0
513,513,1613554.71583806,6147734.436267209,0.08780606
514,514,1610900.55543106,6147731.878904356,-9999.0
515,515,1611011.873301242,6147728.605375291,-9999.0
516,516,1612678.116000131,6147731.364078172,-9999.0
517,517,1613514.051630489,6147725.114951231,-9999.0
518,518,1611069.203633282,6147718.051025723,-9999.0
519,519,1612810.977746892,6147715.785298566,-9999.0
520,520,1612852.497766374,6147718.940804589,-9999.0
521,521,1612881.411307559,6147716.062879845,-9999.0
522,522,1612999.943835071,6147715.519614418,-9999.0
523,523,1613328.580524354,6147715.048289007,-9999.0
524,524,1613353.228276788,6147715.012465269,-9999.0
525,525,1613443.771561363,6147714.675985176,-9999.0
526,526,1610972.736792151,6147725.294611271,-9999.0
527,527,1612584.375568098,6147722.382526971,-9999.0
528,528,1613056.055815979,6147711.190355019,-9999.0
529,529,1613104.704970495,6147711.170542314,-9999.0
530,530,1613149.732189676,6147706.18927265,-9999.0
531,531,1613188.895615541,6147705.288361422,-9999.0
532,532,1613262.838791145,6147705.181816686,-9999.0
533,533,1613288.962242998,6147705.674214422,-9999.0
534,534,1613509.484239597,6147704.617826195,-9999.0
535,535,1613127.430753005,6147695.559074233,-9999.0
536,536,1613542.332102804,6147693.879724922,-9999.0
537,537,1613596.189666049,6147693.8388437,-0.22897186
538,538,1613632.238813109,6147693.284920701,0.227895494
539,539,1611032.376316322,6147697.967696583,-9999.0
540,540,1611306.437796145,6147695.748536926,-9999.0
541,541,1611335.947992015,6147723.067833947,-9999.0
542,542,1613250.654865668,6147685.420314618,-9999.0
543,543,1613304.057650485,6147684.994452194,-9999.0
544,544,1611111.782183361,6147759.011876018,-9999.0
545,545,1611353.201610715,6147678.23353903,-9999.0
546,546,1612901.296825366,6147675.812004266,-9999.0
547,547,1613065.782650244,6147675.375039581,-9999.0
548,548,1613646.067960901,6147680.591035998,0.363546387
549,549,1610912.928705883,6147673.206257464,-9999.0
550,550,1611249.89270911,6147668.022893566,-9999.0
551,551,1612984.141887845,6147666.422542262,-9999.0
552,552,1613045.196693478,6147667.512140662,-9999.0
553,553,1612839.831985709,6147665.732194089,-9999.0
554,554,1611107.401519147,6147656.627135987,-9999.0
555,555,1611134.471692769,6147652.447703314,-9999.0
556,556,1611228.505161632,6147727.424022475,-9999.0
557,557,1611225.376789547,6147637.963543063,-9999.0
558,558,1611564.747454501,6148244.649092145,-9999.0
559,559,1613684.122914635,6147637.32270754,1.370533494
560,560,1611290.123785812,6147645.895658318,-9999.0
561,561,1613696.779982752,6147623.533299568,1.813377742
562,562,1611052.680727414,6147622.217978098,-9999.0
563,563,1611134.36585266,6147608.189321238,-9999.0
564,564,1612424.850539126,6147607.26113598,-9999.0
565,565,1612466.624165488,6147618.643607888,-9999.0
566,566,1612589.698013443,6147607.201856167,-9999.0
567,567,1612963.415718243,6147606.36874417,-9999.0
568,568,1610933.666894995,6147598.468898613,-9999.0
569,569,1611392.646104121,6147620.511949125,-9999.0
570,570,1611438.287689572,6147606.785618587,-9999.0
571,571,1611274.610666418,6147588.094738225,-9999.0
572,572,1611299.258062602,6147588.064421702,-9999.0
573,573,1613517.524099747,6147585.065561679,-9999.0
574,574,1613714.703342137,6147584.773058444,0.523340613
575,575,1610921.318596796,6147577.832241816,-9999.0
576,576,1610913.091828056,6147568.608353133,-9999.0
577,577,1610954.464189917,6147573.539874028,-9999.0
578,578,1610986.752331844,6147573.501281532,-9999.0
579,579,1611274.58619315,6147568.17138303,-9999.0
580,580,1610974.698703365,6147558.921758066,-9999.0
581,581,1613722.717400938,6147565.76035854,1.195337663
582,582,1611266.352070628,6147553.238957281,-9999.0
583,583,1611283.332557855,6147553.787195183,-9999.0
584,584,1611255.376774644,6147537.906826801,-9999.0
585,585,1611120.685167453,6147511.338827055,-9999.0
586,586,1611245.763829754,6147513.417430442,-9999.0
587,587,1612190.097963967,6147507.895708781,-9999.0
588,588,1613607.611581453,6147505.443114749,-9999.0
589,589,1612145.367711263,6147498.056546899,-9999.0
590,590,1612178.23059205,6147498.01300138,-9999.0
591,591,1613665.106864444,6147495.395988227,-9999.0
592,592,1613763.8519807,6147495.029791478,0.298625002
593,593,1610926.183276192,6147529.283962762,-0.012388933
594,594,1611137.092451331,6147491.395546433,-9999.0
595,595,1611225.194041926,6147488.538376831,-9999.0
596,596,1613779.539525431,6147483.939242778,3.383457612
597,597,1613665.077201315,6147475.472622788,-9999.0
598,598,1610945.83613388,6147468.952436143,-9999.0
599,599,1611157.185034186,6147475.909765068,-9999.0
600,600,1612109.109644534,6147481.325605556,-9999.0
601,601,1611117.798647028,6147453.234066453,-9999.0
602,602,1613789.028701165,6147452.297546601,0.89422711
603,603,1611134.580488637,6147429.082880811,-9999.0
604,604,1613664.238471624,6147431.254211376,-9999.0
605,605,1613804.822447963,6147415.288968755,0.148412471
606,606,1610988.809146935,6147417.981245973,-9999.0
607,607,1611120.749511597,6147413.249138896,-9999.0
608,608,1610978.603511067,6147389.219792556,-9999.0
609,609,1611216.862673781,6147393.912468179,-9999.0
610,610,1610978.578852841,6147368.568360897,-9999.0
611,611,1611237.371243077,6147368.983136717,-9999.0
612,612,1613449.219336462,6147366.008419748,-9999.0
613,613,1611058.731535862,6147366.931789823,-9999.0
614,614,1611257.891920202,6147354.015449998,-9999.0
615,615,1611155.608831986,6147339.778245699,-9999.0
616,616,1611183.896991873,6147309.278275476,-9999.0
617,617,1611241.237601744,6147309.412520155,-9999.0
618,618,1611298.74644617,6147309.341900465,-9999.0
619,619,1611052.436213747,6147299.475843469,-9999.0
620,620,1611249.777405139,6147299.031774443,-9999.0
621,621,1611117.124953723,6147314.030798134,-9999.0
622,622,1611248.972155758,6147269.35196309,-9999.0
623,623,1611244.893457111,6147253.60140045,-9999.0
624,624,1611383.726307455,6147242.621279087,-9999.0
625,625,1613278.760352894,6147236.026462079,-9999.0
626,626,1611101.64507771,6147229.684669618,-9999.0
627,627,1613606.824520178,6147230.723965387,-9999.0
628,628,1611401.927607252,6147219.935167965,-9999.0
629,629,1613672.907040467,6147216.456582387,-9999.0
630,630,1611311.532887494,6147200.123632061,-9999.0
631,631,1611421.843309282,6147199.610850545,-9999.0
632,632,1611438.27370277,6147199.181801739,-9999.0
633,633,1611467.196517281,6147199.349998727,-9999.0
634,634,1611159.104949164,6147189.768145219,-9999.0
635,635,1613681.246137818,6147186.354735453,-9999.0
636,636,1613721.666194012,6147185.906864484,-9999.0
637,637,1611368.268821421,6147192.337928575,-9999.0
638,638,1611479.494772712,6147179.411227958,-9999.0
639,639,1613730.249921743,6147176.650558385,-9999.0
640,640,1611173.309029852,6147177.120070036,-9999.0
641,641,1611231.513229138,6147198.740399143,-9999.0
642,642,1611306.964537981,6147174.644563572,-9999.0
643,643,1611594.666993498,6147169.50903256,-9999.0
644,644,1613192.828589058,6147167.726890617,-9999.0
645,645,1613661.23662806,6147178.358978886,-9999.0
646,646,1613681.171579503,6147166.694653773,0.076499978
647,647,1611462.87079519,6147159.712900009,-9999.0
648,648,1611582.156259801,6147154.377988359,-9999.0
649,649,1613171.663181693,6147147.457722601,-9999.0
650,650,1611410.23101791,6147146.285062914,-9999.0
651,651,1611503.922898986,6147139.738131883,-9999.0
652,652,1611380.860158371,6147139.687286182,-9999.0
653,653,1611405.493970532,6147129.69499719,-9999.0
654,654,1611503.897924189,6147119.814762772,-9999.0
655,655,1611520.328684306,6147119.794151356,-9999.0
656,656,1611602.482485497,6147119.690653003,-9999.0
657,657,1613118.140056544,6147126.983497094,-9999.0
658,658,1611421.73172593,6147109.95569393,-9999.0
659,659,1613028.004654472,6147107.263068728,-9999.0
660,660,1613063.539834143,6147110.426777019,-9999.0
661,661,1611544.949760471,6147099.839809249,-9999.0
662,662,1613163.376328701,6147097.661074015,-9999.0
663,663,1611405.276222944,6147090.052759155,-9999.0
664,664,1611544.924696269,6147079.916438838,-9999.0
665,665,1612252.977768233,6147071.761878237,-9999.0
666,666,1611405.576038204,6147060.167284702,-9999.0
667,667,1611441.866045968,6147083.039547174,-9999.0
668,668,1611511.663858613,6147064.242276198,-9999.0
669,669,1612415.60812523,6147059.018514995,-9999.0
670,670,1613284.038375601,6147058.843332169,-9999.0
671,671,1613383.520109793,6147058.163817832,-9999.0
672,672,1613573.406541052,6147069.091860718,-9999.0
673,673,1611336.42005155,6147057.319233388,-9999.0
674,674,1612186.135483362,6147049.364399678,-9999.0
675,675,1612288.548265369,6147053.842254001,-9999.0
676,676,1612929.766501417,6147048.560805744,-9999.0
677,677,1612974.352532044,6147048.121722207,-9999.0
678,678,1613049.766015207,6147048.54497386,-9999.0
679,679,1613072.936367027,6147047.981813837,-9999.0
680,680,1613115.488576306,6147048.451279201,-9999.0
681,681,1613209.888072291,6147046.133386439,-9999.0
682,682,1611576.100711788,6147057.5357656,-9999.0
683,683,1612464.989212335,6147038.866023476,-9999.0
684,684,1612489.803342217,6147038.627985459,-9999.0
685,685,1612514.448278766,6147037.86642126,-9999.0
686,686,1613541.194906296,6147037.341097279,-9999.0
687,687,1613646.372171007,6147060.497851999,-9999.0
688,688,1611534.95479362,6147038.853927173,-9999.0
689,689,1612128.316557236,6147029.151149877,-9999.0
690,690,1612327.231464559,6147029.935124445,-9999.0
691,691,1613721.484299145,6147030.520104009,0.160076909
692,692,1611607.950815394,6147021.920419657,-9999.0
693,693,1612295.657866359,6147018.966730232,-9999.0
694,694,1612358.318141263,6147008.920887594,-9999.0
695,695,1611629.416628866,6147002.661692496,-9999.0
696,696,1612149.245228606,6146999.818806797,-9999.0
697,697,1613722.047797161,6147002.002170305,-0.141333376
698,698,1612067.589404722,6146989.384388222,-9999.0
699,699,1612229.12443956,6146996.38241187,-9999.0
700,700,1611643.550655022,6146979.97051964,-9999.0
701,701,1612128.082521684,6146979.547234669,-9999.0
702,702,1611503.878718063,6146970.185012721,-9999.0
703,703,1611618.891354891,6146969.312075649,-9999.0
704,704,1612051.566288526,6146972.802613446,-9999.0
705,705,1612208.351065429,6146975.824688338,-9999.0
706,706,1613770.713917374,6146965.180297493,0.500122438
707,707,1611471.034553314,6146970.215427913,-9999.0
708,708,1611670.442331033,6146962.762797691,-9999.0
709,709,1612177.334400258,6146949.596893437,-9999.0
710,710,1613789.953057046,6146949.171298791,1.684243288
711,711,1611605.042734387,6146946.779345583,-9999.0
712,712,1611545.923418467,6146941.950614281,-9999.0
713,713,1611972.095888514,6146929.739241335,-9999.0
714,714,1613787.657769751,6146927.190994892,-0.178111153
715,715,1612169.079540013,6146919.722726107,-9999.0
716,716,1611570.889927498,6146910.724918102,-9999.0
717,717,1611952.905438485,6146913.161423905,-9999.0
718,718,1612169.221323831,6146899.594833589,-9999.0
719,719,1612119.748854393,6146889.902893265,-9999.0
720,720,1611611.900240539,6146903.807119742,-9999.0
721,721,1611669.387335285,6146886.421259983,-9999.0
722,722,1611714.923662033,6146914.855811943,-9999.0
723,723,1612593.557424232,6146882.369179077,-9999.0
724,724,1611889.698124364,6146870.2804391,-9999.0
725,725,1611915.819109648,6146870.776738878,-9999.0
726,726,1612150.712391098,6146876.284128235,-9999.0
727,727,1612611.492866742,6146868.378045653,-9999.0
728,728,1611725.556823639,6146865.306489633,-9999.0
729,729,1611811.123729066,6146862.285572358,-9999.0
730,730,1612621.156736911,6146849.380121841,-9999.0
731,731,1613819.70821305,6146852.369112751,0.95797926
732,732,1611602.728306802,6146841.0946006,-9999.0
733,733,1612640.111731106,6146845.663786173,-9999.0
734,734,1613853.020638653,6146837.174638388,1.858415584
735,735,1612580.369761372,6146833.768813064,-9999.0
736,736,1612608.390100149,6146833.821149189,-9999.0
737,737,1611633.572182583,6146825.400376129,-9999.0
738,738,1612416.87637319,6146820.303874468,-9999.0
739,739,1612556.279848821,6146826.400701406,-9999.0
740,740,1612009.337863235,6146810.730558501,-9999.0
741,741,1612029.277450612,6146810.328285112,-9999.0
742,742,1612546.828479925,6146809.226630436,-9999.0
743,743,1611856.922037944,6146805.367425845,-9999.0
744,744,1612659.022693694,6146817.855892658,-9999.0
745,745,1612521.782543018,6146793.953469277,-9999.0
746,746,1613372.586278606,6146788.341254719,-9999.0
747,747,1613849.491485044,6146788.214302068,-9999.0
748,748,1613877.814213265,6146787.591062684,0.232316428
749,749,1612555.178262557,6146784.515224532,-9999.0
750,750,1613776.414612014,6146780.718898286,-9999.0
751,751,1611869.629543867,6146771.065512166,-9999.0
752,752,1612275.845475528,6146769.950605315,-9999.0
753,753,1613401.309989206,6146768.375923662,-9999.0
754,754,1613902.22927669,6146767.382556751,0.843951214
755,755,1611714.0471839,6146767.0007779,-9999.0
756,756,1611796.170543172,6146781.191140278,-9999.0
757,757,1613514.324159998,6146764.918019951,-9999.0
758,758,1613442.35508712,6146747.66446069,-9999.0
759,759,1613245.180404857,6146738.717533039,0.130999987
760,760,1613458.757035881,6146728.444985224,-9999.0
761,761,1613204.076524611,6146718.853378434,-9999.0
762,762,1612411.743252803,6146710.577987898,-9999.0
763,763,1613499.80289719,6146708.461258614,-9999.0
764,764,1611895.920763677,6146706.767949491,-9999.0
765,765,1613959.732931916,6146702.732051891,1.004197899
766,766,1612019.624891383,6146697.999322736,-9999.0
767,767,1612639.366346895,6146702.860445434,-9999.0
768,768,1613171.002786197,6146679.249323476,-0.053571472
769,769,1613984.274581751,6146677.646248351,0.208962228
770,770,1612193.394210165,6146670.647746747,-9999.0
771,771,1613032.797729308,6146670.024069207,-9999.0
772,772,1613080.612068339,6146669.425848913,-9999.0
773,773,1613153.082200379,6146673.088820758,-9999.0
774,774,1612349.465416871,6146660.477309103,-9999.0
775,775,1613003.139722458,6146649.98869238,-9999.0
776,776,1612341.392824234,6146641.088452132,-9999.0
777,777,1614033.591383399,6146637.827657172,1.089363626
778,778,1611899.468843462,6146643.918866178,-9999.0
779,779,1612173.402066963,6146631.203607166,-9999.0
780,780,1612193.341258431,6146630.800976077,-9999.0
781,781,1612649.868849776,6146630.559099797,-9999.0
782,782,1612975.236514112,6146630.258790924,-9999.0
783,783,1613663.81639386,6146628.729047239,-9999.0
784,784,1612542.637766992,6146625.145002765,-9999.0
785,785,1613699.106238373,6146624.610015869,-9999.0
786,786,1612174.79616406,6146610.697884154,-9999.0
787,787,1612955.690059705,6146610.500793491,-9999.0
788,788,1613077.274024673,6146615.267874754,-9999.0
789,789,1614061.235000717,6146610.775079076,0.422819125
790,790,1611963.283868073,6146601.218683636,-9999.0
791,791,1612522.066430259,6146600.268819286,-9999.0
792,792,1613622.865461497,6146598.700493381,-9999.0
793,793,1611930.579452231,6146591.09526451,-9999.0
794,794,1612291.867205813,6146590.822671809,-9999.0
795,795,1612332.941198698,6146590.358969444,-9999.0
796,796,1612353.653916656,6146595.516249215,-9999.0
797,797,1612896.872047198,6146590.013660448,-9999.0
798,798,1611983.963341759,6146581.063982674,-9999.0
799,799,1612398.815747978,6146580.512763894,0.09463632
800,800,1613023.142909361,6146579.64788832,-9999.0
801,801,1611954.601427842,6146571.120806068,-9999.0
802,802,1612012.599043267,6146560.805241274,-9999.0
803,803,1612485.89209048,6146563.202202206,-9999.0
804,804,1612562.918269075,6146560.57041678,-9999.0
805,805,1612735.430792631,6146560.3325908,-9999.0
806,806,1612791.322071094,6146560.922836571,-9999.0
807,807,1612835.484896008,6146560.723352169,-9999.0
808,808,1612994.367759492,6146559.765265391,-9999.0
809,809,1612957.55527157,6146554.781152673,-9999.0
810,810,1613745.846463264,6146548.912777702,-9999.0
811,811,1613913.951257328,6146549.119862532,-9999.0
812,812,1612039.56485702,6146541.144348198,-9999.0
813,813,1614164.789077803,6146537.905275221,0.322288093
814,814,1613786.890899691,6146528.927757162,-9999.0
815,815,1612076.574856501,6146522.044576499,-9999.0
816,816,1614188.763271261,6146517.12550422,1.31324073
817,817,1612916.780875178,6146516.832585031,-9999.0
818,818,1613803.131427413,6146512.098754486,-9999.0
819,819,1613894.582992861,6146526.417549676,-9999.0
820,820,1614197.041779038,6146507.255683704,1.295762718
821,821,1612102.806054997,6146501.418596289,-9999.0
822,822,1612886.173625408,6146498.848369895,-9999.0
823,823,1613844.517965066,6146498.75153262,-9999.0
824,824,1614217.78620307,6146487.919381368,0.13199228
825,825,1612686.031311975,6146480.707309151,-9999.0
826,826,1612767.05987946,6146485.100185681,-9999.0
827,827,1614329.443238128,6146475.752174845,1.577666654
828,828,1612842.266957306,6146470.323943727,-9999.0
829,829,1612168.107470669,6146474.130167435,-9999.0
830,830,1612141.724386127,6146458.566186957,-9999.0
831,831,1612756.413836161,6146451.100733773,-9999.0
832,832,1612185.043152498,6146441.335181165,-9999.0
833,833,1612206.010050144,6146441.887759575,-9999.0
834,834,1613959.434649201,6146438.807078806,-9999.0
835,835,1612538.796867746,6146431.790183749,-9999.0
836,836,1612647.757734308,6146431.801074973,-9999.0
837,837,1612270.121824768,6146422.327888281,-9999.0
838,838,1613647.25089833,6146424.334229328,-9999.0
839,839,1613997.310688755,6146418.825927605,-9999.0
840,840,1612209.478967125,6146411.213261292,-9999.0
841,841,1612496.995687212,6146411.234730345,-9999.0
842,842,1612569.315533527,6146411.803932919,-9999.0
843,843,1612324.472598373,6146401.506384751,-9999.0
844,844,1614045.840952094,6146398.229282876,-9999.0
845,845,1612264.866331406,6146398.632118627,-9999.0
846,846,1612449.155635241,6146391.906519845,-9999.0
847,847,1613699.859183279,6146400.564010473,-9999.0
848,848,1614141.439046942,6146400.77748552,-9999.0
849,849,1614189.203220006,6146388.850299992,-9999.0
850,850,1612324.615005044,6146382.106467882,-9999.0
851,851,1612390.863803297,6146382.182587252,-9999.0
852,852,1613642.002467974,6146384.495091138,-9999.0
853,853,1614402.946598743,6146383.332089584,-9999.0
854,854,1614435.797675064,6146378.299602238,-0.110887367
855,855,1612402.627414799,6146361.698507717,-9999.0
856,856,1614144.144270272,6146358.830408559,-9999.0
857,857,1614363.305303313,6146374.955041807,-9999.0
858,858,1614435.598182906,6146358.580757851,-9999.0
859,859,1614463.749079064,6146358.679478442,0.321790525
860,860,1614394.509022699,6146348.683590466,-9999.0
861,861,1612513.835061965,6146350.436936731,-9999.0
862,862,1612593.675505581,6146359.979239631,-9999.0
863,863,1613725.012725801,6146346.072661772,-0.002818709
864,864,1614199.765926222,6146338.821041227,-9999.0
865,865,1613748.459436186,6146263.720647639,0.028805555
866,866,1612637.124741783,6146223.516717501,-9999.0
867,867,1613695.983460962,6146223.373770188,-9999.0
868,868,1612662.661065505,6146192.740580125,-9999.0
869,869,1613585.335200686,6146184.654527389,0.019666623
870,870,1613607.97284169,6146150.223921041,-9999.0
871,871,1613625.102201446,6146117.534381104,-9999.0
872,872,1612671.329508644,6146104.552500643,-9999.0
873,873,1612669.171263304,6146047.191687506,-9999.0
874,874,1613671.606763695,6146009.133667523,-9999.0
875,875,1613613.085456755,6145936.287448633,-9999.0
876,876,1613588.980154142,6145906.411174669,-9999.0
877,877,1613658.292697003,6145912.631543201,-9999.0
878,878,1613663.60621763,6145880.951501998,0.093693522
879,879,1613657.052767438,6145809.977880344,-9999.0
