OID,FID_,X,Y,BCE_Coroma
0,0,1820701.676351677,5929623.557054724,-0.259500004
1,1,1820878.624630674,5929556.134646917,-0.511384236
2,2,1820960.36649153,5929527.577267947,-0.781235272
3,3,1820469.751649372,5929322.321268099,0.926058826
4,4,1822415.474771755,5928333.777406545,-0.09069266
5,5,1821781.944914706,5928353.506028177,-0.899822422
6,6,1822435.424293426,5928295.709946033,-0.177201753
7,7,1822126.564816997,5928254.483348087,-0.508696432
8,8,1821894.785555954,5928259.217449112,-0.865199976
9,9,1822532.532212228,5928216.414111288,-0.149274829
10,10,1822462.084346276,5928210.071986501,-0.237064227
11,11,1822499.02633866,5928204.024837579,-0.211440362
12,12,1822509.942453223,5928184.655295404,-0.201178575
13,13,1822574.251496101,5928195.107213438,-0.12099891
14,14,1822665.098500106,5928167.243337496,0.080767614
15,15,1822324.743378513,5928154.367898602,-0.380446762
16,16,1822251.763416343,5928131.533262352,-0.391517855
17,17,1822226.463383313,5928057.74777118,-0.64054954
18,18,1821952.19592755,5928029.608010944,-0.760249976
19,19,1822753.799708516,5928054.501210667,0.14332754
20,20,1822252.556717557,5928001.644678377,-0.620543929
21,21,1822745.611905684,5927983.808559363,0.047229814
22,22,1820064.338337981,5928028.402708919,-0.899999976
23,23,1820370.852642247,5928024.91908278,-9999.0
24,24,1820362.737384551,5928000.757987888,-9999.0
25,25,1820343.712283158,5927994.06704949,-9999.0
26,26,1822094.132766216,5928114.671117526,-0.673861124
27,27,1820036.960470898,5927993.254383215,-0.899999976
28,28,1822679.377978268,5927905.741103915,-0.001720497
29,29,1822198.514333789,5927908.859864209,-0.747818178
30,30,1819722.424727942,5927971.809421286,-0.712155437
31,31,1820016.499347419,5927954.829441932,-0.899999976
32,32,1822665.468597952,5927883.228494348,-0.018900001
33,33,1819677.049924495,5927942.166496611,-0.899999976
34,34,1819742.565796027,5927936.310151936,-0.899999976
35,35,1819955.079449879,5927938.870921914,-0.198930425
36,36,1819588.966276092,5927920.447006534,-0.876736818
37,37,1819790.306468673,5927846.692747534,-0.828956498
38,38,1822080.226723807,5927707.09977151,-0.899999976
39,39,1819530.098478943,5927762.880133505,1.226206369
40,40,1819512.098045755,5927749.379195982,-0.557954751
41,41,1819390.203124732,5927726.116615219,-0.899999976
42,42,1819380.950413042,5927683.596390556,-0.899999976
43,43,1819406.812944358,5927626.411708288,-0.899999976
44,44,1822607.748206963,5927614.771747818,-0.048228143
45,45,1819346.517164496,5927488.31564738,-0.899999976
46,46,1822629.452532439,5927410.322018878,-0.08196
47,47,1822676.09824923,5927409.327974729,-0.015014218
48,48,1819285.316094161,5927390.786977965,-0.871806428
49,49,1822393.525098481,5927759.396670528,-0.506105215
50,50,1819246.441712319,5927276.133145575,-0.935440887
51,51,1819373.756975626,5927143.516266293,-0.954805031
52,52,1819373.776211911,5927066.21601765,-0.8408
53,53,1819335.792531544,5927042.598674834,-0.287422326
54,54,1819318.69271655,5927030.228668746,-0.819400005
55,55,1821760.249708351,5926967.141535053,-0.899999976
56,56,1821751.454526635,5926937.447049165,-0.881433823
57,57,1819259.142176625,5926984.641311052,-0.812342858
58,58,1822358.876097452,5926844.112069974,0.048683377
59,59,1822230.1009243,5926794.786582943,-0.135586204
60,60,1822442.820929407,5926792.472918921,0.263407159
61,61,1821769.857286622,5926801.650401356,-0.541687647
62,62,1821748.388769349,5926785.14123182,-0.897674976
63,63,1822224.230990773,5926765.760809664,-0.320509095
64,64,1819206.43980642,5926807.586480392,-0.863834706
65,65,1822533.97815675,5926727.819563703,0.199232394
66,66,1821643.479084313,5926709.39267389,-0.89550368
67,67,1821628.071634347,5926666.357776744,-0.847574977
68,68,1821724.148049619,5926654.645676705,-0.800999984
69,69,1822178.605338074,5926654.897801071,-0.807906565
70,70,1822217.00479369,5926636.081836327,-0.822856236
71,71,1821635.442644659,5926641.230604813,-0.899999976
72,72,1821657.110656836,5926643.712568189,-0.12770996
73,73,1821759.721064715,5926638.002155988,-0.130462488
74,74,1822204.71829387,5926626.427373379,-0.873174977
75,75,1822198.241826832,5926604.149708166,-0.899999976
76,76,1821799.507350523,5926605.51454783,-0.169396417
77,77,1822926.716314791,5926574.736007269,0.531941177
78,78,1819124.420614281,5926651.215128193,-0.783931263
79,79,1821816.216436804,5926580.400713105,-0.645282238
80,80,1822103.375201602,5926569.803658585,-0.899999976
81,81,1821846.234044652,5926562.331408762,-0.415156561
82,82,1821865.655033573,5926555.454026537,-0.827999977
83,83,1821928.685505867,5926559.699281603,-0.045714267
84,84,1822153.233614607,5926550.878189852,-0.899999976
85,85,1823185.611799785,5926395.039706818,0.397000015
86,86,1822314.665510147,5926364.814284749,-0.899999976
87,87,1822301.524985818,5926344.824704191,-0.899999976
88,88,1823212.473021174,5926347.988877971,0.396954938
89,89,1822300.735509713,5926314.519486296,-0.899999976
90,90,1822327.013205562,5926318.774778517,-0.899999976
91,91,1822364.198339351,5926298.631689923,-0.899999976
92,92,1823260.957503482,5926268.278343819,0.34601981
93,93,1819068.509206034,5926348.439853636,-0.963
94,94,1822325.671617862,5926247.370103046,-0.899999976
95,95,1822410.571095131,5926212.842055543,-0.899999976
96,96,1823226.144595112,5926190.818092571,0.18351111
97,97,1822329.700248162,5926194.474757439,-0.899999976
98,98,1823195.338198658,5926161.901846011,0.111636365
99,99,1823263.722587442,5926155.58654856,0.407390867
100,100,1819097.508275137,5926228.006042575,-0.963
101,101,1822985.482461175,5926135.614370055,-0.121619046
102,102,1822993.909420754,5926116.893355498,-0.107946426
103,103,1823187.382122964,5926021.893617067,0.02327903
104,104,1819176.315868067,5926110.282623666,-0.958385
105,105,1823041.983951216,5926005.197781882,-0.139778149
106,106,1822447.600036542,5925999.221057308,-0.828529394
107,107,1822468.872120523,5925980.982245697,-0.713199986
108,108,1822288.501786869,5925975.247760357,-0.899999976
109,109,1822592.886051552,5926380.42319256,-0.349617702
110,110,1822996.924729415,5925937.676978363,-0.321732135
111,111,1818931.381874939,5926035.622738434,0.789677724
112,112,1822915.575327526,5926012.920835739,-0.268255403
113,113,1818895.454842307,5926013.761232513,-0.963
114,114,1822269.755317361,5925938.113619997,-0.899999976
115,115,1822306.392553369,5925929.99426325,-0.899999976
116,116,1823457.557110954,5925894.71698904,0.058121496
117,117,1819208.31647337,5925981.792786556,-0.923112499
118,118,1822313.630729315,5925899.882473464,-0.899999976
119,119,1818854.090375955,5925964.951683488,-0.963
120,120,1818733.576792964,5925958.067939564,-0.963
121,121,1818841.641947344,5925955.095574794,-0.963
122,122,1819248.402273773,5925942.100939986,-0.963
123,123,1822676.908864262,5925863.185823209,-0.718452708
124,124,1822361.702169091,5925869.616069787,-0.899999976
125,125,1822443.044772934,5925844.326188025,-0.899999976
126,126,1822412.883272609,5925823.63710419,-0.899999976
127,127,1822432.331769313,5925822.746964894,-0.899999976
128,128,1822310.773817061,5925790.238512802,-0.899999976
129,129,1819259.893974932,5925834.843625318,-0.963
130,130,1819255.052202231,5925815.441177454,-0.925571428
131,131,1822229.450193771,5925739.810863298,-0.899999976
132,132,1818300.959212197,5925824.523786349,-0.663256051
133,133,1818444.942673178,5925813.587287942,-0.102500023
134,134,1819294.946348159,5925794.045876708,-0.963
135,135,1822295.845904833,5925720.663803013,-0.899999976
136,136,1823349.898555491,5925695.705300685,-0.002030357
137,137,1822302.382702792,5925693.740630522,-0.899999976
138,138,1818283.554947444,5925763.93731591,-0.963
139,139,1818451.101544943,5925759.77374562,-0.858395348
140,140,1819284.879332592,5925714.511890588,-0.963
141,141,1823045.031120217,5925617.236720551,-0.361290905
142,142,1822548.839430237,5925620.759281956,-0.838608681
143,143,1823037.170988884,5925607.266438941,-0.311345446
144,144,1823044.499410713,5925596.899073729,-0.295672723
145,145,1822672.332056155,5925640.208599443,-0.658359419
146,146,1823364.353882632,5925584.296341529,0.304317071
147,147,1818712.547555927,5925689.323231089,-0.963
148,148,1819251.78686878,5925675.465729306,-0.963
149,149,1823215.185792429,5925582.112384518,-0.012232139
150,150,1822799.480260138,5925574.163776243,-0.469871568
151,151,1818495.22434581,5925672.963193892,0.171523815
152,152,1819173.109773972,5925657.538681352,-0.643408807
153,153,1818721.646350089,5925649.176995935,-0.963
154,154,1819205.628083954,5925648.012847722,-0.65748996
155,155,1818713.374213349,5925639.414677568,-0.866835442
156,156,1818188.012677697,5925642.89332555,-0.516537492
157,157,1818488.773645317,5925640.18265658,-0.960712499
158,158,1822777.541721245,5925524.481333532,-0.377714276
159,159,1818509.649492743,5925631.103764114,-0.019776738
160,160,1822351.863586097,5925505.663422312,-0.899999976
161,161,1822724.967719538,5925502.476446111,-0.498875446
162,162,1822843.68929118,5925530.119897251,-0.341864611
163,163,1818511.985556749,5925596.81397864,-0.788327493
164,164,1822415.479253415,5925484.056288467,-0.899999976
165,165,1822848.381993265,5925472.356278888,-0.255962967
166,166,1818145.634919863,5925554.210075672,-0.963
167,167,1818165.676890189,5925553.697566959,-0.963
168,168,1822391.807667563,5925458.734721146,-0.899999976
169,169,1822518.398544891,5925445.695663335,-0.899999976
170,170,1818053.801156076,5925546.583630472,-0.963
171,171,1818172.854211392,5925543.539958194,-0.963
172,172,1818064.957479474,5925536.324577213,-0.963
173,173,1818545.264188071,5925527.641896223,-0.962463601
174,174,1822464.87260159,5925442.063319433,-0.899999976
175,175,1818076.345404215,5925511.098945253,-0.963
176,176,1818571.56172386,5925496.80103867,-0.134846155
177,177,1822467.852767159,5925383.654283786,-0.899999976
178,178,1818062.195823928,5925486.652807419,-0.891079999
179,179,1822452.694175391,5925372.964735646,-0.899999976
180,180,1822392.6534618,5925355.367102661,-0.899999976
181,181,1818651.561956971,5925441.517143065,-0.963
182,182,1817668.918547522,5925426.635736115,1.102255324
183,183,1817709.253422281,5925424.366513038,0.178340671
184,184,1817748.019161643,5925426.792333682,-0.547248255
185,185,1818621.874203298,5925424.902617779,-0.83910765
186,186,1822453.061865962,5925323.89459053,-0.899999976
187,187,1817857.220508816,5925411.969839343,-0.963
188,188,1818097.464806513,5925395.85763854,-0.962703703
189,189,1818075.792194004,5925355.459725911,-0.024333348
190,190,1817896.243774287,5925359.081931613,-0.587218744
191,191,1818088.174037138,5925346.224646721,-0.936299999
192,192,1817747.652830453,5925345.533356785,-0.963
193,193,1818063.914412243,5925328.218807946,-0.963
194,194,1818039.055186313,5925307.583900259,-0.963
195,195,1817507.305097367,5925314.272264272,-0.947673075
196,196,1817926.569563594,5925300.483894718,0.014443037
197,197,1817934.331451382,5925290.311554042,-0.488075
198,198,1817949.855169514,5925269.966848545,-0.082699999
199,199,1817997.953872114,5925268.738048001,-0.913962343
200,200,1817456.404326399,5925257.35788456,-0.771822369
201,201,1822419.76851428,5925137.6801662,-0.899999976
202,202,1817385.143406792,5925144.740647738,1.173624989
203,203,1822411.410437175,5925033.195617571,-0.899999976
204,204,1822387.258395857,5925010.805898747,-0.899999976
205,205,1823100.760795446,5924987.387525667,0.101148149
206,206,1817396.405485596,5925114.532202587,-0.963
207,207,1817384.728045466,5925094.881415688,-0.963
208,208,1817867.844558676,5925062.819783767,-0.963
209,209,1822387.511713961,5924935.991124795,-0.899999976
210,210,1817335.333239547,5925018.669646347,-0.845874868
211,211,1817830.594557911,5925003.915450978,-0.963
212,212,1822693.077234452,5924878.73088027,-0.920709106
213,213,1822449.578663921,5924906.61491295,-0.899999976
214,214,1817271.575711662,5924995.508086343,-0.963
215,215,1823229.213320957,5924844.182531522,0.248275
216,216,1817248.771802662,5924976.970013573,-0.963
217,217,1817190.801624148,5924963.145006495,-0.52231496
218,218,1816944.733050103,5924963.005358168,0.204360409
219,219,1817071.212710022,5924969.204640147,-0.867167342
220,220,1822590.613964569,5924810.99996779,-0.899999976
221,221,1822396.767138456,5924766.385898227,-0.899999976
222,222,1822368.606988997,5924756.9444043,-0.899999976
223,223,1823067.262451681,5924639.157889863,0.313799998
224,224,1822345.837930703,5924652.80658129,-0.899999976
225,225,1822830.92418569,5925089.179343731,-0.356873512
226,226,1822500.4620693,5924583.940226912,-0.899999976
227,227,1822904.00932517,5924592.550854374,0.012954832
228,228,1822436.073584849,5924575.645385566,-0.899999976
229,229,1817592.103791384,5924657.437991084,-0.963
230,230,1822438.365200614,5924515.940319519,-0.899999976
231,231,1822466.444231667,5924488.063928189,-0.899999976
232,232,1822556.263762359,5924437.289827202,-0.899999976
233,233,1822548.014523984,5924408.146723611,-0.899999976
234,234,1822491.356604185,5924394.864739501,-0.899999976
235,235,1822650.276532295,5924358.943002575,-0.685018184
236,236,1822606.880516181,5924342.360856682,-0.870169798
237,237,1822484.990081539,5924341.423873886,-0.899999976
238,238,1822702.406940702,5924278.303795522,-0.44817688
239,239,1822478.581044433,5924237.82021087,-0.899999976
240,240,1818502.882750463,5924318.454971772,-0.899999976
241,241,1822634.686172374,5924212.044998417,-0.669724761
242,242,1822619.267982263,5924201.148335629,-0.70636363
243,243,1821235.587331418,5924217.145094217,-0.899999976
244,244,1822594.43617146,5924177.857204139,-0.76604047
245,245,1821218.011537065,5924201.239118058,-0.899999976
246,246,1821170.188235545,5924169.697192193,-0.899999976
247,247,1822540.704559535,5924134.241507459,-0.886109114
248,248,1822416.856604613,5924153.334373348,-0.899999976
249,249,1822472.996299383,5924130.280740316,-0.899999976
250,250,1822512.984170287,5924125.373582706,-0.899999976
251,251,1822589.053574343,5924131.347800076,-0.697056675
252,252,1821311.031030424,5924136.523662679,-0.899999976
253,253,1821321.45016598,5924125.875223274,-0.899999976
254,254,1821155.438080526,5924132.659121754,-0.899999976
255,255,1822546.639051677,5924054.291026465,-0.702803571
256,256,1822676.568398185,5924562.332692791,-0.554464944
257,257,1821163.528931862,5924063.38098214,-0.726101672
258,258,1820565.665603913,5924055.689416855,-0.899999976
259,259,1820589.712056586,5924055.06736875,-0.899999976
260,260,1821158.553306527,5924030.358295636,-0.899999976
261,261,1820613.242734062,5924034.510036248,-0.899999976
262,262,1822456.78504652,5923985.885936209,-0.481081632
263,263,1820547.53313961,5924038.248876285,-0.893467577
264,264,1820604.715332352,5924025.025991462,-0.899999976
265,265,1821148.656348377,5924010.51512127,-0.883445002
266,266,1820527.874545716,5924017.55816804,-0.899999976
267,267,1821101.152600282,5923981.975231017,-0.899999976
268,268,1821121.923683913,5923989.083718558,-0.899999976
269,269,1822310.965725886,5923930.569686253,-0.427468356
270,270,1821088.353659585,5923952.384581978,-0.899999976
271,271,1820670.908100189,5923938.262095622,-0.863249976
272,272,1821075.556167292,5923933.43668374,-0.899999976
273,273,1822144.08725836,5923908.994187941,-0.850635915
274,274,1822338.225849834,5923998.829835795,-0.734793311
275,275,1820698.574928212,5923922.584580837,-0.899999976
276,276,1820709.902160342,5923911.732650459,-0.899999976
277,277,1820806.962047401,5923910.388566477,-0.899999976
278,278,1820906.476109013,5923887.27806862,-0.899999976
279,279,1820966.05647246,5923875.759717338,-0.899999976
280,280,1820983.824674084,5923867.9940339,-0.899999976
281,281,1821747.311760473,5923846.230318705,-0.899999976
282,282,1820542.062853541,5923914.990133462,-0.705318778
283,283,1820568.367607269,5923856.335111849,-0.069178565
284,284,1820575.507647468,5923816.052214588,-0.899999976
285,285,1820592.414324708,5923817.634830335,-0.242597301
286,286,1822150.472684436,5923791.793938396,-0.411764967
287,287,1821975.073552663,5923702.727713231,-0.646679621
288,288,1820635.895479355,5923727.392083845,-0.890397219
289,289,1817766.059165199,5923813.894213689,-0.899181879
290,290,1817718.521833537,5923749.846869622,-0.899999976
291,291,1817747.628786969,5923738.257144488,-0.768578489
292,292,1817782.515372084,5923743.225050068,-0.899999976
293,293,1820335.366676005,5923662.668568158,-0.899999976
294,294,1819593.283024506,5923671.844117233,-0.899999976
295,295,1819507.702768384,5923670.723521871,-0.899999976
296,296,1820651.381617134,5923667.838280459,-0.376447598
297,297,1817709.226926268,5923702.441884784,-0.266655146
298,298,1819616.815024259,5923651.289444674,-0.899999976
299,299,1819489.988933783,5923657.690228956,-0.899999976
300,300,1820634.600203002,5923620.024248359,-0.899999976
301,301,1818798.748973152,5923651.647621754,-0.899999976
302,302,1818886.654993239,5923657.497041886,-0.897590476
303,303,1818959.068455658,5923648.258691603,-0.899999976
304,304,1819463.96599157,5923635.967081584,-0.899999976
305,305,1817711.096895377,5923670.481041226,-0.843519976
306,306,1817804.669369993,5923668.580988795,-0.899999976
307,307,1818770.459084135,5923643.126839128,-0.899999976
308,308,1818986.86504424,5923637.570611678,-0.899999976
309,309,1817712.666911033,5923662.416586638,-0.899999976
310,310,1818998.631541924,5923627.294219458,-0.899999976
311,311,1820649.570912714,5923584.92807591,-0.55385452
312,312,1818235.627467558,5923652.963979195,-0.899999976
313,313,1817816.096996435,5923647.401004435,-0.899999976
314,314,1818271.503715217,5923623.510980298,-0.899597807
315,315,1818324.604685609,5923614.659226375,-0.899999976
316,316,1818466.501464481,5923624.321007823,-0.898115581
317,317,1818553.372796584,5923622.096438424,-0.873304149
318,318,1819013.893402023,5923596.979692074,-0.899999976
319,319,1818702.065165779,5923594.554104797,-0.899999976
320,320,1818725.571655427,5923600.005931881,-0.869344432
321,321,1820624.908509286,5923555.442133347,-0.899999976
322,322,1819422.40091251,5923576.502270259,-0.899999976
323,323,1819446.317538708,5923570.899260789,-0.419487481
324,324,1819654.322080064,5923550.581208601,-0.899999976
325,325,1818674.333665915,5923553.810916827,0.098876719
326,326,1819886.085715689,5923524.859500543,-0.899999976
327,327,1820605.503607726,5923502.656286339,-0.899999976
328,328,1817848.044442864,5923563.680219314,-0.899999976
329,329,1819392.809430709,5923517.418376293,-0.856918215
330,330,1817696.895186211,5923548.671519728,-0.899999976
331,331,1817868.268644332,5923539.843635208,-0.900062336
332,332,1819385.571729508,5923495.470430561,-0.50980363
333,333,1817907.218922575,5923523.103118578,-0.899999976
334,334,1818081.351241513,5923511.170094273,-0.899999976
335,335,1820557.951810066,5923447.457351677,-0.899999976
336,336,1819106.486818128,5923454.962175579,-0.899999976
337,337,1819361.275791467,5923462.331974006,-0.656145398
338,338,1819667.655499051,5923445.508236709,-0.899999976
339,339,1820543.14971304,5923431.281308074,-0.899999976
340,340,1820504.823633983,5923408.934510585,-0.899999976
341,341,1819138.033812673,5923434.202980142,-0.899999976
342,342,1819186.122839825,5923432.96672498,-0.899999976
343,343,1819879.901650388,5923418.973520189,-0.899999976
344,344,1819330.717928626,5923419.273698764,-0.899999976
345,345,1819209.654755449,5923412.413313809,-0.899999976
346,346,1819301.568787031,5923400.075204515,-0.899999976
347,347,1819328.991035081,5923400.027167783,-0.899999976
348,348,1820394.492311236,5923351.94185505,-0.899999976
349,349,1817456.798706821,5923430.721491332,-0.899999976
350,350,1820185.990685031,5923337.813903328,-0.899999976
351,351,1820424.711355227,5923337.343406962,-0.899999976
352,352,1820393.719236947,5923322.038995731,-0.899999976
353,353,1820165.753381604,5923322.942662792,-0.899999976
354,354,1820217.564338017,5923316.818331837,-0.899999976
355,355,1820289.59629562,5923304.781689916,-0.899999976
356,356,1820353.557868683,5923303.329936824,-0.899999976
357,357,1819872.552859902,5923304.846726565,-0.894119977
358,358,1820240.535294603,5923303.097406677,-0.899999976
359,359,1819919.888673304,5923274.430270499,-0.899999976
360,360,1820144.885329186,5923268.62287791,-0.899999976
361,361,1819994.999599488,5923232.595240504,-0.899999976
362,362,1817399.113821293,5923259.965339317,-0.20224324
363,363,1817341.452594249,5923116.142988793,-0.899999976
364,364,1817357.982035676,5923060.86726894,-0.899999976
365,365,1817379.901169194,5923053.280370599,-0.468551027
366,366,1817359.455872784,5923035.890926177,-0.899999976
367,367,1817203.499022022,5922895.243420527,-0.899999976
368,368,1816922.912097262,5922918.716420268,-0.898815729
