OID,FID_,X,Y,BCE_Whitia
0,0,1841610.15487392,5920343.847957841,-0.762721023
1,1,1841817.770013061,5920316.995322328,-0.360937495
2,2,1841816.920969738,5920287.090762701,-0.498737502
3,3,1841604.153742729,5920268.188451453,-0.639219322
4,4,1841573.275257637,5920235.985944661,-0.733005594
5,5,1841540.297829524,5920209.165233722,-0.718491765
6,6,1841769.737339909,5920178.691856007,-0.719949998
7,7,1841490.589578181,5920155.779952547,-0.765999973
8,8,1841866.041632084,5920135.571677463,-0.672553569
9,9,1841932.878934923,5920074.619033675,-0.172685717
10,10,1841926.453931051,5920049.53870488,-0.53429299
11,11,1841941.204975666,5920004.226584534,-0.552349997
12,12,1841531.146599316,5919965.985068555,-0.760500044
13,13,1842018.192730108,5919924.823533953,-0.729787877
14,14,1841493.67658572,5919917.166677264,-0.76004374
15,15,1841527.156428171,5919919.542626644,-0.444199978
16,16,1841520.87237657,5919886.466840927,-0.760556945
17,17,1841488.399285096,5919882.399642089,-0.758186929
18,18,1841467.519109997,5919843.086928135,-0.758031161
19,19,1841535.625142574,5919841.155512197,-0.758273305
20,20,1841887.673384894,5919821.943510124,-0.66318181
21,21,1841483.588266772,5919825.339194402,-0.760916009
22,22,1841527.047229808,5919821.446395732,-0.758227861
23,23,1841878.447677172,5919802.937142287,-0.697243511
24,24,1841440.184028884,5919805.153591074,-0.756439245
25,25,1841518.469352421,5919801.737272079,-0.758124238
26,26,1841425.619825905,5919779.42961008,-0.756584912
27,27,1841501.756071677,5919778.723164935,-0.758466498
28,28,1841454.933763274,5919772.593404094,-0.760789971
29,29,1841485.147567549,5919757.789351304,-0.758912504
30,30,1841869.701680972,5919746.834638997,2.84268963
31,31,1841436.922754642,5919742.532639299,-0.760941158
32,32,1841382.001534058,5919738.721940335,-0.750073958
33,33,1841363.83152616,5919721.323987209,-0.747850014
34,34,1841417.419358757,5919727.720126679,-0.761141438
35,35,1841868.610171895,5919707.001582018,-0.499362501
36,36,1841355.536643436,5919711.582902983,-0.746800018
37,37,1841459.51857488,5919720.411706771,-0.759069367
38,38,1841379.875353335,5919700.916840442,-0.756795928
39,39,1841443.389811551,5919699.116221942,-0.759112502
40,40,1841391.036986276,5919690.974975909,-0.761421083
41,41,1841931.859477774,5919675.27612633,0.431575002
42,42,1841947.903222645,5919664.106343691,-0.136038468
43,43,1841957.652903816,5919644.583056313,-0.111999996
44,44,1841384.568605533,5919639.834525811,-0.75372381
45,45,1841319.814828536,5919582.904851023,-0.727550004
46,46,1841255.152210831,5919564.784782271,0.497850001
47,47,1841393.952809524,5919510.970080621,-0.734362509
48,48,1841372.913490004,5919481.839257754,-0.723500029
49,49,1841292.227252497,5919464.173730616,-0.715375029
50,50,1841905.856902146,5919505.391580312,-0.204435106
51,51,1841271.034162627,5919429.968028738,-0.711633812
52,52,1841603.305175463,5919400.282187382,-0.805520833
53,53,1841891.120236839,5919407.901409038,-0.001395722
54,54,1841185.528629053,5919377.41106452,-0.681418185
55,55,1841208.743853973,5919361.022759486,-0.68940179
56,56,1841577.713406364,5919346.139301336,-0.764250024
57,57,1841850.105378904,5919337.822625069,-0.07024242
58,58,1839109.57980984,5919424.942595741,-0.237858889
59,59,1839001.454811429,5919389.500450587,-0.287700937
60,60,1841136.044970144,5919328.931724745,-0.695909079
61,61,1841556.835040953,5919316.802828473,-0.19131251
62,62,1839011.482905139,5919380.780102898,-0.173459448
63,63,1839041.202935778,5919383.241010034,-0.231518687
64,64,1839201.3545274,5919379.083761427,-0.29865948
65,65,1841183.834452382,5919317.601969521,-0.70358931
66,66,1838970.342223508,5919433.27495574,-0.249453999
67,67,1839238.295134925,5919359.923137615,-0.27921763
68,68,1838915.635242929,5919356.408527749,-0.250672731
69,69,1839007.121649006,5919353.948365607,-0.23414644
70,70,1839031.515795533,5919347.583596549,-0.254568805
71,71,1841062.552186368,5919295.329792422,-0.725225224
72,72,1841802.330214959,5919270.396778826,0.068657894
73,73,1839275.316439158,5919342.537229805,-0.211699674
74,74,1839300.884730221,5919316.584910459,-0.255557227
75,75,1838898.774366382,5919316.977738594,-0.25601663
76,76,1839316.847086943,5919294.814280679,-0.24908169
77,77,1841082.021942685,5919241.059176703,-0.737308452
78,78,1841141.516067286,5919238.991174919,-0.747981824
79,79,1841516.711178621,5919229.20288656,-0.057200011
80,80,1839353.428448147,5919274.260198836,-0.231619301
81,81,1839421.15452253,5919273.255784389,-0.198154734
82,82,1839643.199412372,5919251.165761929,0.132703708
83,83,1841081.175182509,5919211.154632594,-0.742601853
84,84,1841121.234486709,5919210.020238047,-0.740276192
85,85,1841499.694160585,5919199.84759099,-0.41768888
86,86,1839459.017463109,5919255.548481896,-0.250292971
87,87,1839528.447009244,5919242.635250717,-0.172290324
88,88,1839569.644070818,5919243.259517559,-0.34594546
89,89,1841140.386773237,5919199.118442988,-0.742236366
90,90,1838879.114640407,5919278.224011501,-0.269332239
91,91,1839521.897376125,5919235.35426271,-0.217035718
92,92,1839670.105280095,5919230.806835684,-0.130504503
93,93,1839693.990303404,5919224.795748754,0.049518751
94,94,1841099.76295919,5919180.316565703,-0.742462994
95,95,1838808.105569592,5919224.934505689,-0.214358968
96,96,1838860.064570745,5919223.292267242,-0.107039667
97,97,1841019.080273834,5919162.64861706,-0.763018193
98,98,1841084.640080968,5919161.33152255,-0.748578634
99,99,1838826.051817843,5919216.024057147,-0.232705037
100,100,1840776.136282501,5919157.695225022,-0.148166664
101,101,1840740.344211071,5919136.44591161,-0.1311
102,102,1841014.540668582,5919123.255647426,-0.755657414
103,103,1841051.373381465,5919126.073799393,-0.757623249
104,104,1841078.006744741,5919126.17408096,-0.755452068
105,105,1839736.090697188,5919153.778009966,0.167837497
106,106,1839743.681397311,5919138.600184753,0.052126578
107,107,1840702.476489057,5919112.477148243,-0.11342857
108,108,1841033.410657681,5919102.385906244,-0.752410743
109,109,1841506.12436183,5919083.800356392,0.302149999
110,110,1839756.942291174,5919118.274645511,0.047891303
111,111,1841513.495119442,5919063.47883089,0.761690325
112,112,1839774.60537589,5919097.825110236,-0.032975004
113,113,1838809.057930952,5919119.975262363,-0.19450625
114,114,1839633.118710955,5919072.542996313,-0.34455963
115,115,1839787.711371998,5919071.241290918,-0.161540108
116,116,1839621.088459064,5919062.041751038,-0.340285717
117,117,1840951.036173784,5919024.908290351,-0.741763636
118,118,1841519.323405015,5919020.511952763,0.740605877
119,119,1838831.638889949,5919079.74970782,-0.244769952
120,120,1838851.702383284,5919074.088453606,-0.256946414
121,121,1838859.756870655,5919063.483830846,-0.258574076
122,122,1839813.463489208,5919031.822714825,-0.338028776
123,123,1841509.075322679,5918980.811805267,-0.155655172
124,124,1838794.149066037,5919081.89952768,-0.213829225
125,125,1838764.698235027,5919036.167710763,-0.218477268
126,126,1839844.32361629,5919011.06479104,-0.109775931
127,127,1839868.18786557,5919005.367012345,0.222849999
128,128,1840878.704112646,5918967.637239065,-0.725472058
129,129,1841327.355180575,5918954.931259546,-0.73815002
130,130,1839731.017371623,5918979.541281342,-0.353654544
131,131,1839799.429979604,5918968.021691859,-0.372242992
132,132,1839897.06585219,5918968.399931598,-0.039965329
133,133,1840481.582425188,5918947.305412224,0.219749999
134,134,1840623.748579483,5918944.84079087,-0.323183492
135,135,1840602.85081451,5918938.403842571,-0.312227395
136,136,1838763.59300031,5918982.831321455,-0.222060772
137,137,1839914.742673699,5918949.224219724,0.193590065
138,138,1840539.061047032,5918916.844483662,-0.321872734
139,139,1839981.857447231,5918912.416311556,-0.174496855
140,140,1840017.929812316,5918912.126804732,-0.386416666
141,141,1840083.027219541,5918906.446125755,-0.327974016
142,142,1840125.644736333,5918901.398486072,-0.154708627
143,143,1840181.232197676,5918900.561059782,0.163600001
144,144,1838917.558048151,5918903.175355865,-0.234085563
145,145,1839015.329631296,5918898.975905983,-0.2680204
146,146,1838741.45413782,5918905.371088167,-0.183720933
147,147,1839247.423170066,5918883.935130774,-0.319666657
148,148,1839036.45341398,5918879.051420517,-0.192199997
149,149,1841240.136844559,5918823.182425009,-0.754986391
150,150,1838862.309774561,5918862.211529564,-0.212143646
151,151,1840080.494336531,5918810.614761615,-0.630416157
152,152,1841289.342797573,5918790.661023258,-0.148875
153,153,1838773.643265094,5918841.11558851,-0.24255555
154,154,1838738.926053781,5918851.235525756,-0.218254748
155,155,1838788.094213413,5918820.719172638,-0.212709098
156,156,1839793.177481301,5918794.268580609,-0.361122276
157,157,1838772.371596981,5918806.559931136,-0.201945458
158,158,1839055.101902188,5918821.870530638,-0.178736623
159,159,1841212.114138702,5918738.565089616,-0.727092605
160,160,1838833.455309097,5918801.328143083,-0.230545963
161,161,1838709.391532942,5918784.215772106,-0.097292282
162,162,1838818.476711619,5918776.93386913,-0.21322449
163,163,1841303.105282115,5918710.461300466,-0.092911395
164,164,1838633.219606228,5918763.194594311,-0.165352457
165,165,1838794.014321379,5918762.350542821,-0.206873782
166,166,1840434.86355645,5918711.114166319,-0.681679907
167,167,1838773.039534944,5918749.627773271,-0.214861535
168,168,1838994.154888545,5918766.37917641,-0.214144402
169,169,1839475.421644071,5918726.138624905,-0.318944436
170,170,1838655.827232842,5918746.06255816,-0.175984847
171,171,1838722.184382593,5918741.368978727,-0.256088687
172,172,1839344.499909831,5918713.73393986,-0.331340905
173,173,1839391.090521357,5918718.378215532,-0.356999993
174,174,1839430.905195481,5918708.457135291,-0.113477986
175,175,1840676.505350799,5918673.532479344,-0.662200026
176,176,1841149.174407105,5918660.155561273,-0.714218192
177,177,1839649.121893878,5918693.218918844,-0.313678785
178,178,1838953.505231814,5918709.134124745,-0.190803278
179,179,1839751.341484345,5918669.649631736,-0.278239098
180,180,1839795.453130235,5918651.90792468,-0.151142843
181,181,1840514.870464637,5918628.220190052,-0.768785711
182,182,1839184.859979822,5918654.790441509,-0.201519226
183,183,1839866.385274866,5918647.726124703,-0.271987372
184,184,1839132.091345524,5918611.568624955,-0.194999993
185,185,1838914.131164207,5918639.98614704,-0.119671428
186,186,1839117.632174707,5918600.170714245,-0.199148144
187,187,1838887.192976674,5918575.016178966,-0.155917677
188,188,1839067.357902245,5918552.408143637,-0.201363642
189,189,1839929.991791606,5918569.918928064,-0.343550634
190,190,1838084.429007083,5918577.841270968,-0.324464283
191,191,1838864.886090845,5918543.400138569,-0.056439284
192,192,1839901.980994128,5918496.399889363,-0.23869091
193,193,1841207.662317347,5918454.721223381,-0.461666673
194,194,1838135.33390413,5918525.272722912,-0.380799991
195,195,1840738.366285384,5918457.406364843,-0.663281098
196,196,1839863.904729599,5918473.034099977,-0.112263445
197,197,1841178.890674764,5918429.659869993,-0.386295586
198,198,1838845.200228253,5918501.443911256,-0.025580344
199,199,1838947.099477291,5918487.049969825,-0.218805554
200,200,1840216.864837682,5918417.543806385,-0.40806305
201,201,1840256.598686249,5918433.121535,-0.256567177
202,202,1840256.205108464,5918405.872827392,-0.478975017
203,203,1839813.494945206,5918420.900952672,-0.165446151
204,204,1840187.668574966,5918398.032310564,-0.444421053
205,205,1840203.570596872,5918387.406122098,-0.132506322
206,206,1840219.493560289,5918394.818296706,-0.282030508
207,207,1840147.191554198,5918378.29343271,-0.404941181
208,208,1840195.278259678,5918377.664021949,-0.12255
209,209,1840369.263436318,5918375.305355425,-0.710970958
210,210,1840186.98594086,5918367.921914542,-0.300499996
211,211,1839743.262353534,5918377.997611647,-0.176966031
212,212,1838818.00928514,5918400.270492712,-0.200776472
213,213,1840087.512394124,5918360.149988553,-0.366747786
214,214,1840173.634465124,5918354.017102703,-0.280318182
215,215,1838945.023513956,5918372.949561202,0.077470591
216,216,1839715.562871403,5918356.871913885,-0.231732082
217,217,1840066.713683617,5918342.594294409,-0.261381583
218,218,1840903.038385861,5918308.555663773,-0.519524285
219,219,1839672.877318304,5918332.533384398,-0.208387495
220,220,1840043.524925364,5918328.418882472,-0.2987
221,221,1840156.755367032,5918324.784946435,-0.191615743
222,222,1840810.182692176,5918291.5226567,-0.675235284
223,223,1839656.736126772,5918317.756438758,-0.281870215
224,224,1839996.806000618,5918308.159624462,-0.345931813
225,225,1840135.159368257,5918307.033575473,-0.002253917
226,226,1840729.762471309,5918282.755208891,-0.636700006
227,227,1838910.30622289,5918326.233225713,-0.030219517
228,228,1838142.206454848,5918361.114711726,0.069842891
229,229,1838789.968888238,5918317.445344113,-0.23418
230,230,1838875.444574677,5918317.881458585,-0.121906433
231,231,1839612.539750197,5918294.714874345,-0.264020404
232,232,1839919.510985516,5918265.001081554,-0.325380005
233,233,1839955.330806154,5918284.949313931,-0.293863453
234,234,1840079.749809354,5918261.210193706,-0.173524997
235,235,1840047.445503465,5918252.872660035,0.191862746
236,236,1838767.602811872,5918278.168777089,-0.147031578
237,237,1839574.641142002,5918260.478708579,-0.288889117
238,238,1839894.307327603,5918252.219579318,-0.340468679
239,239,1840311.342414249,5918234.923656322,-0.627000007
240,240,1839548.429773786,5918249.152942928,-0.296570181
241,241,1839994.358085342,5918233.105751716,0.188740738
242,242,1838876.616655004,5918255.577655477,-0.051914289
243,243,1840379.467002954,5918213.430880757,-0.626605496
244,244,1839857.15979614,5918225.899299196,-0.268117638
245,245,1839832.479656724,5918209.083007485,-0.223633328
246,246,1839965.769615598,5918209.555954642,0.025608694
247,247,1840269.828223214,5918204.316287224,-0.70979518
248,248,1838855.997761844,5918226.492466379,-0.077483337
249,249,1839953.623289218,5918195.28498675,-0.034640348
250,250,1838724.173391527,5918218.984973961,-0.128527777
251,251,1839512.235343124,5918200.889665675,-0.295869964
252,252,1839797.117530678,5918189.373648819,-0.209700005
253,253,1840386.351747338,5918173.331924305,-0.63503742
254,254,1840397.81395314,5918162.246175988,-0.638107153
255,255,1840666.167874331,5918145.472000143,-0.631853242
256,256,1838706.22584597,5918190.106207994,-0.222600001
257,257,1838826.797814252,5918193.899927277,0.287495494
258,258,1839485.565269374,5918167.886281988,-0.289300004
259,259,1839924.290227704,5918156.058187197,-0.196090907
260,260,1840345.453025557,5918144.558577858,-0.722407398
261,261,1840283.957681297,5918130.181156606,-0.687818204
262,262,1840310.874212944,5918127.388306146,-0.696704342
263,263,1840396.36532386,5918122.785255563,-0.647428581
264,264,1838809.511644219,5918158.062776689,0.119774197
265,265,1839901.496007109,5918116.59503236,-0.196843757
266,266,1840123.154410733,5918100.569452924,-0.412309093
267,267,1840624.270839812,5918096.191319153,-0.645553018
268,268,1839752.178239272,5918125.694414807,-0.199773751
269,269,1839768.534080632,5918068.356419591,0.285600003
270,270,1839872.234003196,5918073.081642083,-0.063632311
271,271,1840578.641437483,5918047.80183821,-0.65796299
272,272,1838599.290923255,5918093.345183159,0.133607839
273,273,1840233.898352893,5918047.563692068,-0.484185193
274,274,1838736.686642133,5918070.005007649,0.441316322
275,275,1839781.325902825,5918040.757380718,-0.024075471
276,276,1839444.962880715,5918044.23321696,-0.333098956
277,277,1838686.496506749,5918033.104524395,-0.141999997
278,278,1839426.78166693,5918006.630228932,-0.345999986
279,279,1838645.430931193,5918024.48797805,-0.143761901
280,280,1838258.455513173,5917995.826415152,-0.28189361
281,281,1838560.115926403,5917997.533445785,-0.150808821
282,282,1839423.470839947,5917962.272825719,-0.332733808
283,283,1840815.458167037,5917911.212799266,-0.098913583
284,284,1838362.646996673,5917983.541038783,-0.234145347
285,285,1838456.297512899,5917973.722832483,-0.168538458
286,286,1838505.852756548,5917980.85681322,-0.143999994
287,287,1840823.186717479,5917901.017932586,-0.215225003
288,288,1840833.063439351,5917863.137016738,-0.275648223
289,289,1840332.689324601,5917855.228139957,-0.603618201
290,290,1840845.384886763,5917835.544613148,-0.164556963
291,291,1840323.271298116,5917805.613458753,-0.601509095
292,292,1840431.715088563,5917807.337120133,-0.65095925
293,293,1840169.604094331,5917781.945700894,-0.553058045
294,294,1840289.821990413,5917756.677355041,-0.596872731
295,295,1840853.701705662,5917762.466140421,-0.27111737
296,296,1840264.998656735,5917717.473733199,-0.599571446
297,297,1840226.401622374,5917751.743534356,-0.576189134
298,298,1840215.195492417,5917668.999101635,-0.59048149
299,299,1840843.408421818,5917671.080562266,-0.363702183
300,300,1840826.327273571,5917611.755397515,-0.225000009
301,301,1840363.065808627,5917682.19793243,-0.638539584
302,302,1840201.523861555,5917589.959241927,-0.574317755
303,303,1840800.967538227,5917586.49427051,-0.321693571
304,304,1840330.251487679,5917579.5847192,-0.646087211
305,305,1840768.490799151,5917546.479098913,-0.294816001
306,306,1840331.743381112,5917526.04250122,-0.647867929
307,307,1840319.714168326,5917515.542280403,-0.648238536
308,308,1840503.274869541,5917503.458632316,-0.381072666
309,309,1840742.93694039,5917476.456431202,-0.303543265
310,310,1840725.680792698,5917429.908533684,-0.297928344
311,311,1839911.504900862,5917418.187805436,-0.480833337
312,312,1839694.670219079,5917404.346494943,-0.365654545
313,313,1839894.922602925,5917398.703130255,-0.471140337
314,314,1840699.32317363,5917371.544661134,-0.28668989
315,315,1840654.895530741,5917336.409758992,-0.340245292
316,316,1840678.76068754,5917350.155320466,-0.268183963
317,317,1840664.040761723,5917329.476824872,-0.243999999
318,318,1839876.430104126,5917361.458866294,-0.461785164
319,319,1840589.649135287,5917339.353226637,-0.236324137
320,320,1840628.881771599,5917322.205153372,-0.336079305
321,321,1840572.282673341,5917299.370131738,-0.291920169
322,322,1839812.012215965,5917301.279318877,-0.416285709
323,323,1839858.490084266,5917291.567155955,-0.431983828
324,324,1839746.808723194,5917263.212435273,-0.356491219
325,325,1839767.428480225,5917263.014602819,-0.368364478
326,326,1840475.877217785,5917242.436927979,-0.342746842
327,327,1839853.464767057,5917228.584733462,-0.410098757
328,328,1840467.022081321,5917212.758743559,-0.326241668
329,329,1840473.455443247,5917188.311518528,-0.163317456
330,330,1840096.944132548,5917191.631740913,-0.542281446
331,331,1839839.512464817,5917191.161538325,-0.393945091
332,332,1840176.814514952,5917161.300188196,-0.581690916
333,333,1839824.087326796,5917160.870992458,-0.378481478
334,334,1840360.760362669,5917146.129568439,-0.673963641
335,335,1839695.65993991,5917154.916591754,-0.303508757
336,336,1839784.102136662,5917152.424547294,-0.353892844
337,337,1839772.000118962,5917135.593214215,-0.342916223
338,338,1840191.17088539,5917115.235944566,-0.579990733
339,339,1839604.838811591,5917124.044916075,-0.243886639
340,340,1839688.94916696,5917120.026317599,-0.291556716
341,341,1840351.342510432,5917096.514899322,-0.651178577
342,342,1839389.483381508,5917093.502921416,-0.115153844
343,343,1840140.644605132,5917125.589655564,-0.552963186
344,344,1839381.36551111,5917083.595822137,-0.097360004
345,345,1839373.58335004,5917073.288434541,-0.0865
346,346,1840189.457398757,5917041.229739633,-0.562400012
347,347,1840210.076692479,5917041.030807981,-0.574163646
348,348,1839349.655263091,5917051.61080058,-0.079842104
349,349,1839340.55460205,5917043.641443407,-0.09656364
350,350,1839329.262388402,5917034.503257004,-0.130768592
351,351,1840208.604062795,5917015.859268964,-0.567897208
352,352,1839315.719482653,5917025.261395805,-0.19809859
353,353,1839292.922706145,5917012.961736764,-0.247249997
354,354,1839555.282368045,5917009.229060965,-0.180745455
355,355,1839184.304878572,5916973.861241306,-0.229147872
356,356,1840437.256278398,5916867.654408872,-0.352778081
357,357,1840148.543353868,5916755.154538751,-0.156444439
358,358,1840673.726486373,5916653.753466556,-0.74799999
359,359,1840760.364715614,5916621.654852386,-0.326999992
360,360,1840780.509393938,5916598.099626165,-0.531286376
361,361,1840368.516270214,5916554.155318826,-0.318328001
362,362,1840535.804976633,5916532.636631465,-0.660090924
363,363,1840837.936662562,5916512.371673128,-0.593733341
364,364,1840004.628765552,5916537.85959672,-0.249758491
365,365,1840844.820112965,5916500.785694707,-0.238400001
366,366,1839983.671233019,5916506.702783881,-0.234700463
367,367,1840002.509976106,5916501.852137844,0.059
368,368,1840856.74850388,5916469.094516086,-0.375565372
369,369,1840654.709346368,5916471.297904903,-0.519005208
370,370,1840697.163047533,5916437.769395323,-0.453096005
371,371,1840874.825571317,5916430.592052406,-0.171869999
372,372,1838852.704268806,5916456.218174201,-0.151833333
373,373,1840602.829708603,5916435.741292705,0.001013699
374,374,1838733.366440026,5916443.334664008,-0.168824676
375,375,1838794.052206504,5916442.57032531,-0.152264157
376,376,1838809.898549075,5916441.768086441,-0.171042553
377,377,1840702.043563132,5916388.267512068,-0.324999993
378,378,1840341.893872051,5916377.704472305,0.19047826
379,379,1840711.813190408,5916372.837250292,-0.37634375
380,380,1839956.409437814,5916412.741811858,-0.250048475
381,381,1840905.600226974,5916369.184630284,-0.038144463
382,382,1840927.506679491,5916327.793583042,0.028666669
383,383,1838482.307005595,5916378.736039309,-0.305166674
384,384,1839937.795023583,5916344.813337282,-0.369417393
385,385,1840336.328615594,5916336.245379362,-0.161776976
386,386,1840952.187470462,5916296.934423804,0.028290696
387,387,1840567.430952276,5916337.115316193,-0.096171982
388,388,1840730.182901721,5916301.164286679,-0.653155804
389,389,1838648.855071495,5916346.573372526,-0.271274195
390,390,1840538.509546124,5916277.402121548,-0.482600001
391,391,1840987.850274133,5916261.239233466,-0.027417112
392,392,1838686.115458396,5916315.38556129,-0.24447273
393,393,1839936.107543774,5916294.980353545,-0.316434379
394,394,1840536.666764254,5916253.078056895,-0.249647066
395,395,1840716.471932139,5916252.924851366,-0.573796887
396,396,1841010.558824964,5916240.20625438,0.071842857
397,397,1839926.953192449,5916260.523481216,-0.238636357
398,398,1840311.713685828,5916270.51819101,0.028214082
399,399,1838725.321265486,5916284.357285247,-0.239203702
400,400,1840703.853420999,5916233.374247443,-0.271490559
401,401,1840869.131672089,5916226.013853505,-0.386224899
402,402,1841030.758236053,5916221.828104417,-0.028427778
403,403,1841074.41260164,5916220.656131822,0.275869159
404,404,1838689.595809753,5916275.767062418,-0.238816509
405,405,1840773.061670071,5916209.985724417,-0.393122999
406,406,1841050.995076694,5916203.924226089,0.01796899
407,407,1838519.082742068,5916315.468602992,-0.272001419
408,408,1840772.092903596,5916190.202189671,-0.151555544
409,409,1840927.018909719,5916181.738180406,-0.503591835
410,410,1841076.096176406,5916183.008868439,0.04315464
411,411,1838628.323921192,5916242.155886047,-0.203561705
412,412,1838647.901064107,5916221.922553302,-0.18207947
413,413,1839930.793639489,5916205.611914238,-0.239503588
414,414,1840461.022089571,5916155.656516466,-0.548839292
415,415,1840691.069631594,5916170.636351791,-0.494517193
416,416,1840731.814002301,5916148.430506609,-0.068911105
417,417,1840982.050547733,5916140.877427175,-0.546
418,418,1841001.495209457,5916129.831908494,-0.623026092
419,419,1841121.888260314,5916138.626464135,-0.100178861
420,420,1840531.619619688,5916190.506167296,-0.253541878
421,421,1840672.405778201,5916131.161759818,0.083578951
422,422,1841013.236217703,5916119.87359447,-0.609825011
423,423,1838665.539280512,5916183.339548642,-0.14664481
424,424,1841167.645770633,5916113.008227808,-0.12170849
425,425,1841220.903738675,5916094.033594515,-0.129004171
426,426,1841302.201925474,5916087.295608588,0.096500001
427,427,1838704.647711853,5916155.678133203,-0.212735953
428,428,1839931.467939298,5916130.505216474,-0.228552737
429,429,1840507.076673908,5916108.945045901,-0.255986173
430,430,1839570.088074198,5916125.162511838,-0.217211002
431,431,1840669.876471497,5916089.545195713,0.105349992
432,432,1841060.13907882,5916077.912180206,-0.478541681
433,433,1838817.392147819,5916131.931078659,-0.2264475
434,434,1839866.392173907,5916102.61367255,-0.462624989
435,435,1841067.885969906,5916068.4439975,-0.347151908
436,436,1841346.630811013,5916068.231666181,-0.179037638
437,437,1840262.873884039,5916086.293078795,-0.061178222
438,438,1840484.869412216,5916079.867007514,-0.270373523
439,439,1840702.522152577,5916067.292710954,-0.073177416
440,440,1838702.723583797,5916102.298429326,-0.138711381
441,441,1838746.818497672,5916094.930627291,-0.230048779
442,442,1839568.684216031,5916075.321602589,-0.222875005
443,443,1840466.092144368,5916045.573941781,-0.483037984
444,444,1841595.263463318,5916013.933640781,-0.412771094
445,445,1838679.843015989,5916085.91206428,-0.151574998
446,446,1841178.577172163,5916014.696568803,-0.275245281
447,447,1841194.594701397,5916014.242351666,-0.510882344
448,448,1841214.354278384,5916004.433643911,-0.355474998
449,449,1841394.533390425,5915998.593780701,-0.786745457
450,450,1841113.9617652,5915997.303563194,-0.284074995
451,451,1838938.01971974,5916070.894019247,-0.14909
452,452,1839903.63383425,5916067.946547044,-0.257988319
453,453,1841141.90685827,5915996.865874099,-0.379275006
454,454,1841510.919259984,5915983.845359328,-0.667985747
455,455,1838654.418086221,5916036.745474147,-0.261740741
456,456,1840699.51192358,5915999.738730378,-0.018206161
457,457,1840240.719298714,5915990.45251962,0.00139131
458,458,1840479.412067192,5916000.20010114,-0.076540538
459,459,1839881.512401292,5915993.262655912,-0.271707935
460,460,1841676.8580473,5915929.783556831,-0.781000024
461,461,1841699.5893567,5915933.181600105,-0.478701406
462,462,1840721.88261155,5915938.053337109,0.128237707
463,463,1841702.340969136,5915910.545736816,0.017199987
464,464,1840672.066848331,5915926.501414103,-0.268493781
465,465,1840738.30554799,5915914.075938699,0.228684683
466,466,1839843.292130302,5915934.414624973,-0.224133855
467,467,1840486.632722308,5915936.663769232,0.091582525
468,468,1838956.565417318,5915986.027768231,-0.166112476
469,469,1840755.391414938,5915873.35524284,-0.161753235
470,470,1841702.508308869,5915835.942172334,0.115633539
471,471,1840490.961593085,5915863.644454527,0.140083334
472,472,1840708.724083473,5915839.18669238,-0.3959
473,473,1840715.866639131,5915829.008324225,-0.431641495
474,474,1840328.182835327,5915830.580839259,-0.288897195
475,475,1838915.527427148,5915872.85980474,-0.216966009
476,476,1840727.459188533,5915809.390278337,-0.417576579
477,477,1840787.238699009,5915796.708401537,-0.007279401
478,478,1838904.51415754,5915830.203470303,-0.287622638
479,479,1839833.541161641,5915817.790211473,-0.089002551
480,480,1840793.911872223,5915779.269484768,-0.01475532
481,481,1841764.234902242,5915749.418616743,-0.80731382
482,482,1840747.553136196,5915774.436283691,-0.443969233
483,483,1840803.264043486,5915756.062937462,-0.055666661
484,484,1839848.299735425,5915767.934466931,-0.112173412
485,485,1840482.280760118,5915796.752987206,0.113373596
486,486,1840986.310547206,5915733.763728855,-0.363385328
487,487,1838903.114062699,5915780.362627126,-0.202333326
488,488,1840817.46841475,5915731.158849383,-0.206051288
489,489,1840832.931359619,5915696.730796942,-0.222132076
490,490,1840744.869487322,5915692.004254989,-0.344611937
491,491,1840227.815451865,5915714.3453713,-0.275757007
492,492,1840723.327882906,5915676.77075919,-0.241071036
493,493,1840880.306356085,5915671.272299848,-0.219030389
494,494,1839888.645676133,5915706.84690854,-0.069001006
495,495,1839926.400383934,5915666.758486466,0.214874739
496,496,1840206.161440462,5915651.405738817,-0.223683006
497,497,1840515.548251619,5915657.880095801,-0.10922941
498,498,1840656.249797131,5915648.614560314,-0.313055359
499,499,1839945.703736868,5915646.018130717,0.440115013
500,500,1840910.57593346,5915614.195770371,-0.611127261
501,501,1839011.979262461,5915657.640456962,-0.174307687
502,502,1838899.473747245,5915650.776421055,-0.123981135
503,503,1839967.357079394,5915627.269077384,0.374598901
504,504,1838987.80494156,5915638.405789221,-0.077896109
505,505,1840753.725435775,5915588.507746197,-0.589012509
506,506,1840857.815978426,5915595.377068048,-0.586060548
507,507,1839984.775987745,5915605.254320205,0.238825
508,508,1840927.403181446,5915596.234960368,-0.528895149
509,509,1840796.72435082,5915606.148192224,-0.507670712
510,510,1840839.912953057,5915565.711837139,-0.428399998
511,511,1838874.912215553,5915611.562538299,-0.031835441
512,512,1840002.161929653,5915582.317352309,0.327278128
513,513,1840180.117140556,5915575.000470094,-0.320163628
514,514,1840868.839555679,5915555.520699131,-0.439509095
515,515,1838956.509009889,5915606.26194952,-0.161854925
516,516,1840019.778049755,5915569.289823907,0.342088611
517,517,1840743.10527782,5915551.209783898,-0.357826388
518,518,1840876.887894935,5915544.913824501,-0.419109096
519,519,1840937.223393493,5915543.990461202,-0.572745441
520,520,1840027.350287418,5915558.924894717,0.121391892
521,521,1839082.878019301,5915576.046718832,-0.263675557
522,522,1840698.482696504,5915537.343178676,-0.4701576
523,523,1838857.191862518,5915572.155836785,-0.259714275
524,524,1840037.765024502,5915542.239251553,-0.023824999
525,525,1838835.12840987,5915561.75086821,-0.006736844
526,526,1840679.533614197,5915515.786328951,-0.382744558
527,527,1838925.006111143,5915540.322853616,-0.019389942
528,528,1838937.802306018,5915551.91887732,0.106630436
529,529,1840098.224272934,5915507.278618124,0.206878664
530,530,1840683.416406213,5915490.735926081,-0.065927269
531,531,1838832.209472732,5915527.965323063,-0.151342103
532,532,1839133.580516911,5915514.991622869,-0.200358022
533,533,1841039.327212197,5915462.359768781,-0.092099999
534,534,1840316.908829139,5915464.287711938,-0.370797982
535,535,1838879.864565838,5915481.734638683,-0.115042552
536,536,1839143.573820203,5915483.446335265,-0.214314918
537,537,1840679.886537238,5915436.305868275,-0.197723083
538,538,1841040.11042066,5915423.102309041,-0.102647666
539,539,1838811.799299861,5915468.104175213,-0.144635378
540,540,1840588.303438161,5915439.093034094,-0.429512367
541,541,1838862.340429352,5915446.200524156,-0.069284401
542,542,1840920.84242176,5915384.25041105,-0.36477083
543,543,1840928.145443176,5915373.865927059,-0.326771923
544,544,1838795.483746906,5915432.535791798,-0.221539064
545,545,1838783.720645622,5915413.004567258,-0.159949998
546,546,1838847.322082855,5915419.328392128,-0.14139732
547,547,1840899.531871598,5915359.913596879,-0.45014953
548,548,1839445.339882276,5915376.046359832,-0.224187502
549,549,1839577.908525573,5915372.896473869,-0.186990741
550,550,1840887.018374643,5915342.562892538,-0.31677528
551,551,1841014.625008064,5915351.138717227,-0.336028529
552,552,1840910.394622404,5915324.890398034,-0.385763644
553,553,1838768.72369259,5915365.65870815,-0.228250003
554,554,1839468.85425155,5915341.773119076,-0.331796988
555,555,1839603.962370425,5915336.096418844,-0.100581814
556,556,1840873.653043779,5915290.53133203,-0.420952457
557,557,1840897.272663096,5915280.167792625,-0.322894076
558,558,1840973.526185401,5915479.989934724,-0.392136371
559,559,1838755.669184357,5915295.550162098,-0.249733331
560,560,1839550.440374106,5915258.679149671,-0.317012985
561,561,1838754.478337129,5915270.919758495,-0.231676472
562,562,1840286.493755794,5915224.81902642,-0.252881775
563,563,1839586.016344683,5915235.65979496,-0.328999994
564,564,1840522.497170117,5915205.979409589,-0.445937501
565,565,1840273.299591823,5915188.307961279,-0.186775242
566,566,1840541.905360507,5915185.279894435,-0.446898971
567,567,1839725.696249169,5915189.457159737,-0.264007932
568,568,1840363.944784826,5915125.665376454,-0.292207547
569,569,1838772.735482375,5915145.992082981,-0.163963631
570,570,1840335.655955646,5915104.974731272,-0.198618316
571,571,1840661.452378196,5915249.598786219,-0.301904316
572,572,1840243.296169462,5915100.183154464,-0.108390192
573,573,1840322.632373471,5915076.527406055,-0.182571885
574,574,1840585.826943466,5915050.672398698,-0.41772401
575,575,1840605.91144976,5915044.201559222,-0.418000013
576,576,1840644.010262294,5915051.564129123,-0.239541174
577,577,1838386.795725511,5915074.298696273,1.411425018
578,578,1838490.552197673,5915052.397514292,0.610217388
579,579,1838518.287756514,5915051.223643256,1.061057688
580,580,1840220.866435321,5915016.466767827,-0.103912619
581,581,1840320.52390433,5915007.178607026,-0.189267912
582,582,1840476.708848927,5914997.975829234,-0.425055542
583,583,1840546.407026393,5914995.802884624,-0.43102105
584,584,1838385.629727282,5915053.035567046,-0.321941
585,585,1840532.006805948,5914975.530456376,-0.433199993
586,586,1839891.540562156,5914999.341273267,-0.26269279
587,587,1840193.023126082,5914948.300925757,-0.207928572
588,588,1840483.43640796,5914937.727039739,-0.436296296
589,589,1840518.88764759,5914936.724245298,-0.435799165
590,590,1840591.839011239,5914943.290308893,-0.377956985
591,591,1840528.752774424,5914866.410411286,-0.419464279
592,592,1840568.238755895,5914845.743503393,-0.394089285
593,593,1840653.528333938,5914856.096018589,-0.261272044
594,594,1840455.615464004,5914819.056280741,-0.218776318
595,595,1840543.369491592,5914816.518554668,-0.389482138
596,596,1840160.516396423,5914852.333114748,-0.167597212
597,597,1840418.311121751,5914991.750574527,-0.373051797
598,598,1840599.641841795,5914824.745951452,-0.397606823
599,599,1840647.238892293,5914793.626710927,-0.392446425
600,600,1840142.535413867,5914787.824179135,0.060000005
601,601,1840530.196751402,5914782.084947451,-0.380051405
602,602,1840629.82562765,5914769.742161998,-0.292739608
603,603,1840589.74321574,5914750.159693456,-0.400552662
604,604,1839939.718649779,5914718.649197184,-0.277062511
605,605,1840130.331147688,5914678.350806547,-0.117576923
606,606,1840130.211126845,5914653.413783252,-0.171253161
607,607,1840117.63674593,5914633.816614803,-0.246109036
608,608,1840116.510543109,5914593.943757104,-0.237267912
609,609,1839882.058508388,5914552.31986302,-0.287
610,610,1840119.399115391,5914531.021751684,-0.255028574
611,611,1840092.310671218,5914450.091876514,-0.09226582
612,612,1840077.6680768,5914434.897169455,-0.24814462
613,613,1840058.208176387,5914381.305950588,-0.13764103
614,614,1839770.856086677,5914366.835872553,-0.188558824
615,615,1839729.753819034,5914328.081790119,-0.224199311
616,616,1839703.399482288,5914301.531337116,-0.266254546
617,617,1839683.654805954,5914292.018902342,-0.256752806
618,618,1839672.092756992,5914263.211416139,-0.277092231
619,619,1839647.334418037,5914236.704098375,-0.238992408
620,620,1839619.965846288,5914216.623713664,-0.258517954
621,621,1839686.038740249,5914202.798607858,-0.257718744
622,622,1839571.329941348,5914188.972601729,-0.291666647
623,623,1839908.315889403,5914155.992564305,-0.217269242
624,624,1839920.719256082,5914165.616968673,-0.220491891
625,625,1841075.681014097,5914113.432657751,-0.067100014
626,626,1839583.113789803,5914135.711507191,-0.297627265
627,627,1841114.622895743,5914089.496665678,0.205206906
628,628,1839594.409824443,5914124.832441388,-0.315250007
629,629,1839981.344673506,5914121.446912481,-0.312273424
630,630,1839537.483451986,5914118.604058014,-0.316548946
631,631,1839608.83959507,5914113.709130955,-0.304329199
632,632,1839840.746639917,5914079.041505232,-0.336483882
633,633,1841155.575241921,5914035.145931149,0.086902912
634,634,1839448.969962942,5914052.310741231,-0.288653611
635,635,1840993.234771421,5914000.489004286,-0.000745225
636,636,1840096.010114565,5914012.455212653,-0.376750004
637,637,1839479.061314085,5914018.54713635,-0.287259256
638,638,1839504.545204248,5914047.476499831,-0.213013275
639,639,1839719.40881967,5914010.843089316,-0.337000012
640,640,1841014.438202289,5913974.643085992,0.493995059
641,641,1839454.450232147,5914001.207467561,-0.284828766
642,642,1839490.811487026,5914003.050542812,-0.285903131
643,643,1841095.769904269,5913942.711850954,0.700305443
644,644,1839661.834344754,5913974.488995668,-0.337000009
645,645,1840619.37363158,5913953.601255624,1.494114295
646,646,1839598.093347097,5913965.311880347,-0.337000007
647,647,1841166.869315785,5913928.686466224,-0.723778389
648,648,1839589.633025242,5913955.372901023,-0.337000012
649,649,1840750.626400524,5913922.566338349,-0.369379747
650,650,1840215.375719283,5913894.512696953,-0.33242535
651,651,1841191.466339378,5913866.869823064,-0.365414626
652,652,1840233.666096943,5913879.449816032,-0.326440476
653,653,1841092.903471531,5913872.314475484,-0.437477558
654,654,1841117.245041739,5913852.316703471,-0.771050017
655,655,1840282.011628481,5913869.747503213,-0.338386357
656,656,1840576.211706443,5913847.344462495,-0.370403668
657,657,1841124.665679861,5913831.426125217,-0.774396246
658,658,1841136.272379597,5913816.859691562,-0.777180687
659,659,1841205.98404315,5913816.999226946,-0.487415615
660,660,1841154.875044278,5913766.450900057,-0.748544302
661,661,1841232.877333191,5913738.462577727,-0.290145448
662,662,1841241.992013525,5913720.74713762,-0.307023809
663,663,1841062.07312602,5913750.034115862,-0.485621606
664,664,1841166.39739254,5913725.386978306,-0.512055893
665,665,1841271.515838793,5913686.881269789,-0.080111104
666,666,1841279.989856723,5913667.803445301,-0.239319993
667,667,1841287.025865964,5913657.128546664,-0.253109079
668,668,1841294.838809002,5913640.199525386,-0.464163455
669,669,1841223.706003012,5913626.355742324,-0.725243363
670,670,1841326.378365144,5913623.076773361,0.189886902
671,671,1841228.742127467,5913599.836750721,-0.824609756
672,672,1841020.924740817,5913599.858889182,-0.39956597
673,673,1841259.14373022,5913581.930093351,-0.630221856
674,674,1841279.15628847,5913571.312587027,-0.819047624
675,675,1841365.395210715,5913560.948065269,0.041850936
676,676,1841382.881432053,5913542.069777145,0.085089915
677,677,1840957.710879426,5913525.794943823,-0.667906608
678,678,1841335.986339564,5913504.841662104,-0.787208336
679,679,1840936.742489045,5913506.156420399,-0.774607689
680,680,1841357.133744156,5913481.651501321,-0.811977529
681,681,1840908.787392898,5913489.191151517,-0.736955549
682,682,1841375.430350465,5913460.657593611,-0.832732416
683,683,1840895.132376635,5913473.641709304,-0.616999972
684,684,1841465.987478716,5913435.516800622,0.022360899
685,685,1840880.904942525,5913430.039319683,-0.396425
686,686,1840868.613084331,5913420.411291404,-0.377515724
687,687,1841403.042833508,5913431.284829009,-0.81763673
688,688,1840831.171339483,5913371.590847133,-0.384950002
689,689,1841487.874450795,5913377.833250954,-0.080235289
690,690,1841456.548879619,5913334.213518242,-0.741780008
691,691,1840677.921998795,5913336.027592791,0.036300006
692,692,1840541.712098761,5913293.115961525,-0.259995553
693,693,1841523.198246282,5913241.989583606,0.683551032
694,694,1840446.780798224,5913237.820729243,-0.32143125
695,695,1840430.344912742,5913223.321676013,-0.336137494
696,696,1840418.053826235,5913213.693080037,-0.331975
697,697,1840529.57589141,5913190.584486187,-0.205594939
698,698,1840490.27074145,5913143.478852173,-0.343896554
699,699,1841458.947925813,5913109.421388123,-0.76696629
700,700,1840458.233622603,5913102.817476895,-0.314999998
701,701,1840462.141539745,5913072.778844142,1.217599985
702,702,1841442.880042969,5913051.635447004,-0.25737947
703,703,1840369.930445226,5913094.195734084,-0.30571429
704,704,1840439.85166458,5913040.155300207,-0.247058572
705,705,1841429.411762078,5912985.380978795,-0.569486118
706,706,1841476.209388269,5912944.744873778,-0.575325024
707,707,1841467.228451905,5912925.756958168,-0.465360736
708,708,1841414.352712554,5912919.306170614,-0.575807058
709,709,1841411.613930422,5912881.011787451,-0.633004827
710,710,1841443.753261465,5912805.334950828,0.133686269
711,711,1841455.728394869,5912795.083027004,0.327974359
712,712,1841463.539377117,5912784.995662326,0.141604938
713,713,1841470.074936546,5912774.797841655,0.913541665
714,714,1841425.089030353,5912747.845649538,-0.82677776
715,715,1841524.782777406,5912721.895703679,0.936104154
716,716,1841461.886972402,5912705.861896209,-0.833459015
717,717,1841468.995575516,5912695.053754102,-0.830050004
718,718,1841557.552267831,5912690.938509625,0.774785715
719,719,1841483.931536441,5912678.584338789,-0.828342701
720,720,1841580.997323829,5912671.06442956,0.174304862
721,721,1841543.016591125,5912637.507987181,-0.773789472
722,722,1841555.781387543,5912618.608178879,-0.807719521
723,723,1841600.763806687,5912550.624473634,-0.711133937
724,724,1841616.111284006,5912525.654523869,-0.585912902
725,725,1841703.023284059,5912498.847459999,0.910553197
726,726,1841632.980961659,5912493.001724308,-0.737524478
727,727,1841651.949894664,5912462.45685917,-0.336673539
728,728,1841687.783857307,5912421.128453217,-0.764034481
729,729,1841754.241820939,5912367.574886953,0.344026311
730,730,1841711.675235942,5912355.279244506,-0.766604174
731,731,1841781.312011252,5912267.16467868,-0.1227875
732,732,1841792.752502797,5912246.886479632,0.571200004
733,733,1842193.294876308,5912224.412128007,-0.862900006
734,734,1841800.190730218,5912226.721538367,0.194324998
735,735,1841807.912288882,5912216.525376881,-0.453556955
736,736,1841876.616685629,5912161.33410925,-0.533374999
737,737,1841951.496960991,5912142.599740099,-0.342680002
