OID,FID_,X,Y,BCE_Ohiwa_
0,0,1958728.332601544,5788638.1458289,0.22030769
1,1,1958744.120823015,5788637.452129479,0.230887495
2,2,1958643.988768232,5788631.858771284,0.180242187
3,3,1958751.732047146,5788626.917121861,0.200636364
4,4,1958794.978597095,5788614.555957594,0.240440365
5,5,1957900.141371697,5788704.073888947,0.640371021
6,6,1958548.354838591,5788615.133398942,0.179996463
7,7,1957876.606848804,5788615.779195819,0.335884297
8,8,1958468.788978425,5788577.431866468,0.558215931
9,9,1958960.177371357,5788518.247440997,0.314203708
10,10,1957860.376587301,5788543.480301354,0.158112014
11,11,1958437.171142814,5788491.7842207,0.148470587
12,12,1958025.779394397,5788489.121603911,0.002574998
13,13,1957375.010487388,5788560.608486307,0.229676379
14,14,1957417.511906356,5788505.781522665,-0.011766235
15,15,1957845.03327704,5788486.899114241,-0.032350168
16,16,1958230.146229451,5788460.172739121,0.222525002
17,17,1957835.014197723,5788467.508654417,-0.09815
18,18,1958103.251006415,5788455.955575022,-0.364872727
19,19,1958202.941013991,5788456.284935998,-0.003318182
20,20,1957422.0206409,5788484.712807037,0.307180194
21,21,1957842.626297347,5788456.974562882,-0.160145448
22,22,1958155.504796948,5788440.856179847,-0.646940041
23,23,1957184.662179067,5788426.042349852,0.049397436
24,24,1957200.449775196,5788425.351609219,-0.009857142
25,25,1958404.816682257,5788417.953794123,0.157476885
26,26,1957121.043735295,5788418.104708673,0.024400001
27,27,1957207.331621061,5788415.058315557,-0.14036
28,28,1957272.408632617,5788450.514716415,-0.132095969
29,29,1958355.275477289,5788365.105948806,0.174463089
30,30,1959923.227933537,5788295.981884739,0.037272727
31,31,1957617.947604185,5788387.08930566,-0.000500001
32,32,1957633.35267069,5788385.551190011,-0.003303029
33,33,1959875.580419576,5788287.881672364,0.014282051
34,34,1959891.368123166,5788287.185703094,0.006730769
35,35,1959907.155827621,5788286.489703161,-0.003025002
36,36,1960088.714490703,5788278.483500121,0.057217949
37,37,1960104.389126392,5788277.619545396,0.086135137
38,38,1957597.776329144,5788377.98092127,-0.24757233
39,39,1957765.85523181,5788403.653740905,-0.532279328
40,40,1959689.635556004,5788286.083833488,0.101538462
41,41,1959776.46777419,5788282.257599677,0.056064516
42,42,1959827.777733363,5788279.99621137,0.022149998
43,43,1959851.459256844,5788278.952377996,-0.008579399
44,44,1960119.849983062,5788267.117508155,0.081624999
45,45,1959661.567750663,5788277.327893037,0.097901289
46,46,1960241.764572069,5788251.746055717,0.140398732
47,47,1960261.059063003,5788240.901998852,0.081700001
48,48,1959546.041671135,5788274.190399444,0.563617089
49,49,1957074.993164763,5788391.125570222,0.249457844
50,50,1960393.053099581,5788185.112738679,0.058900001
51,51,1960408.840520003,5788184.415651296,0.0473625
52,52,1960439.97523538,5788173.048604458,0.109475
53,53,1959477.296205221,5788237.481630955,0.149423929
54,54,1960463.21620306,5788162.029768413,0.0510625
55,55,1959409.837819345,5788200.480201994,0.07577078
56,56,1959314.991005915,5788199.881098911,0.158169371
57,57,1959238.038691174,5788178.564144954,0.183503135
58,58,1960571.966973084,5788117.256406547,0.136600001
59,59,1960587.754443833,5788116.559065184,0.15351899
60,60,1959190.703379667,5788168.156563697,0.17214
61,61,1959205.915174389,5788167.487231747,0.185499997
62,62,1960642.569997992,5788104.14491477,0.213397437
63,63,1957576.044112086,5788150.00133183,0.695297986
64,64,1957676.988552924,5788134.839942622,0.643783712
65,65,1956824.289427185,5788142.765594686,0.649269238
66,66,1956839.79753372,5788136.446920187,0.540089741
67,67,1956976.031041132,5788222.982983739,0.040198235
68,68,1957360.142806342,5788098.612187264,-0.157825003
69,69,1956894.566627194,5788108.988353572,-0.221568632
70,70,1957461.537192259,5788122.615754236,0.798821536
71,71,1957351.37614113,5788079.011529594,1.091939915
72,72,1961163.949102167,5787911.217562383,0.216175004
73,73,1957335.152626864,5788069.729512106,0.2976625
74,74,1956892.683319516,5788079.094081063,-0.047051284
75,75,1957318.651250336,5788055.686542465,0.355307187
76,76,1957845.083696183,5788065.400482382,0.557599896
77,77,1957294.376015058,5788041.536908781,0.049766232
78,78,1961249.012704742,5787867.482257057,0.186374998
79,79,1957286.045802205,5788031.91016937,0.101899999
80,80,1961272.251977797,5787856.461149573,0.206354429
81,81,1956590.294877117,5788038.608539582,0.528351028
82,82,1956725.014685744,5788072.974449998,0.340177079
83,83,1957264.383141642,5788011.493303125,0.355895652
84,84,1957962.033330654,5787996.275531518,0.538318076
85,85,1961341.9692515,5787823.396971242,0.185649997
86,86,1956904.981470187,5787998.619329528,-0.055650001
87,87,1956912.438771549,5787988.301115449,-0.053589744
88,88,1956816.920052294,5787983.008219526,0.165075813
89,89,1958082.022110885,5787927.559333288,0.72061413
90,90,1956570.432076039,5788003.850902749,0.870747045
91,91,1956735.624444321,5787962.368023179,0.188015956
92,92,1957565.403597778,5787909.7631194,0.046974359
93,93,1957533.393514067,5787901.173287175,-0.027255755
94,94,1956673.961770996,5787936.047773652,0.7950903
95,95,1956961.973461098,5787941.692233092,0.0912161
96,96,1957430.07753106,5787902.639083753,0.078829453
97,97,1958200.489314401,5787868.000696022,-0.102287918
98,98,1958234.148512893,5787830.479844853,0.123475
99,99,1957389.698002154,5787857.6374652,0.759294119
100,100,1957027.966757041,5787867.228716825,-0.016635594
101,101,1957036.571944577,5787842.982122499,0.076499999
102,102,1957050.683363335,5787816.052119262,0.171053031
103,103,1957686.297136958,5787784.767737,0.069927272
104,104,1957078.271323766,5787801.91789967,-0.011859999
105,105,1957685.423060367,5787764.821503458,0.090196429
106,106,1957700.846632369,5787768.268529206,2.099321438
107,107,1965160.481434237,5787433.534883043,0.967693349
108,108,1965102.597395431,5787376.239624385,1.47697435
109,109,1957096.16605847,5787723.712069061,0.176314916
110,110,1965094.257917606,5787366.619348526,1.528569624
111,111,1965069.685823825,5787347.731444404,1.638076894
112,112,1961730.394180413,5787486.421938634,0.215012992
113,113,1965057.399635939,5787338.287755836,1.725311678
114,114,1961753.631752007,5787475.399160177,0.205649353
115,115,1965045.113711227,5787328.843914377,1.794899958
116,116,1965036.774190549,5787319.223757194,2.178874965
117,117,1965012.170112743,5787299.609068578,2.428811296
118,118,1958411.683052154,5787691.076943947,0.458270656
119,119,1958566.553715724,5787566.074633914,-0.07958334
120,120,1962059.25445247,5787411.88275825,-0.025544302
121,121,1962075.040766299,5787411.182438171,0.106099996
122,122,1962200.446054793,5787385.63193773,0.082999998
123,123,1962216.26461983,5787385.658015808,0.150018869
124,124,1964984.52923163,5787276.909499218,3.962110675
125,125,1962243.83795878,5787373.036885882,-0.038915888
126,126,1964954.719602724,5787252.940408312,3.676708831
127,127,1962286.385208861,5787361.831455071,0.066461537
128,128,1962302.17069163,5787361.129816863,0.329674999
129,129,1964946.380417416,5787243.320001978,4.559526378
130,130,1957747.976266058,5787552.084952617,-0.082979592
131,131,1958133.756475847,5787525.122877002,1.071700014
132,132,1964929.925168448,5787229.065889478,4.493555154
133,133,1964913.469879378,5787214.811686564,3.350077951
134,134,1958632.784222491,5787495.124456972,0.149578039
135,135,1958676.18222861,5787451.340977977,-0.211362505
136,136,1964876.166952522,5787176.50630796,2.737649999
137,137,1965207.716367526,5787160.090607584,0.048746987
138,138,1965120.577645633,5787155.444984892,0.166872483
139,139,1965140.140625869,5787154.706602857,0.0229
140,140,1965333.71763145,5787141.149756426,-9999.0
141,141,1965282.159202533,5787139.024916128,-0.049769912
142,142,1965360.42863233,5787131.893674096,0.059714285
143,143,1965381.670681392,5787129.949107156,0.110954546
144,144,1957019.170925598,5787599.107888312,0.241086899
145,145,1958457.81160758,5787430.957833299,0.5206625
146,146,1958024.734614967,5787529.441914017,0.54203689
147,147,1958135.1928323,5787365.159448664,3.720545468
148,148,1958713.435259763,5787385.243580832,-0.092003024
149,149,1965082.294482154,5787103.352443864,0.866905907
150,150,1965048.408871224,5787048.883710016,1.147538466
151,151,1958295.101423565,5787384.241438432,0.072139847
152,152,1958558.36909977,5787276.654627606,0.040207547
153,153,1965025.15656666,5787005.011726284,0.545207129
154,154,1965002.128710987,5786969.008530078,0.431270203
155,155,1958750.187768598,5787248.500833234,-0.11173016
156,156,1964983.844894289,5786942.215239504,0.585371424
157,157,1964963.191663802,5786918.388308651,0.67986691
158,158,1958158.996790117,5787199.26411678,-0.196437503
159,159,1964934.299912538,5786894.356848472,0.866172156
160,160,1964866.075877752,5786872.603762014,1.323761321
161,161,1958681.584404289,5787151.469209582,-0.136573587
162,162,1958621.816334768,5787113.988196387,-0.036099999
163,163,1964841.623014101,5786844.347463395,1.353834523
164,164,1965512.05345932,5786808.766877018,0.676475556
165,165,1956320.690136468,5787195.388132339,0.691934587
166,166,1956339.995704682,5787200.173213647,0.814975797
167,167,1958621.095081691,5787093.826886305,-0.105981135
168,168,1956269.377870397,5787186.276474223,1.050283792
169,169,1965495.259983668,5786784.04422093,0.027329114
170,170,1965502.212719779,5786768.965432757,1.573079994
171,171,1958161.700406215,5787084.441615887,-0.304703704
172,172,1965486.034528703,5786764.991429217,-0.028654206
173,173,1958141.263104929,5787075.131648109,-0.373612078
174,174,1965493.825219767,5786739.1384876,1.228900013
175,175,1956147.12744639,5787112.130632952,0.944604642
176,176,1956426.245868362,5787156.62799115,0.814911176
177,177,1956154.10381287,5787102.153935254,1.131775022
178,178,1956161.560984368,5787091.836403132,1.005487172
179,179,1956339.409088149,5787078.599664635,0.710000038
180,180,1956500.500211344,5787067.044244198,0.552317594
181,181,1956181.680093526,5787077.219168404,0.967792996
182,182,1956207.46944582,5787069.848449637,0.956153849
183,183,1956444.817549013,5787059.484539513,0.400424366
184,184,1956393.065924493,5787051.40150323,0.511540536
185,185,1956305.652935536,5787045.463302688,0.841180669
186,186,1956570.224793548,5787034.021533161,0.681049997
187,187,1956135.73918091,5787043.73161032,0.693076913
188,188,1956151.492217157,5787042.315506512,0.88692208
189,189,1956841.662215018,5787214.464532861,0.342117826
190,190,1956174.702339528,5787030.581820483,0.672148153
191,191,1956291.061345153,5787028.98904477,0.731614287
192,192,1956202.012473556,5787025.439413542,0.6895078
193,193,1956359.821480539,5787028.660085226,0.530489853
194,194,1956276.464157279,5787006.883963203,0.387192308
195,195,1956331.71068994,5787004.47170269,0.667807685
196,196,1956260.244028318,5786997.60003579,1.193679461
197,197,1956251.916279022,5786987.971523191,0.807550009
198,198,1956315.023260626,5786984.487598756,0.326537037
199,199,1956110.919481696,5787024.013028861,0.983456059
200,200,1956235.664470746,5786977.960347423,0.745693884
201,201,1956227.943997107,5786969.033893157,0.613833331
202,202,1956243.01331373,5786968.570458128,0.598573327
203,203,1956234.247332945,5786958.333981016,0.709505886
204,204,1962079.135568602,5786685.486979587,0.34466666
205,205,1965563.36935855,5786526.161527216,0.146999999
206,206,1962030.458464296,5786673.685576573,0.193412906
207,207,1965554.007661228,5786506.594122396,0.150400002
208,208,1956273.396271748,5786937.672289364,0.76516792
209,209,1962009.932441025,5786661.578782942,0.826277781
210,210,1961985.547490687,5786645.934860772,0.350599995
211,211,1961999.634871865,5786648.79348844,1.109363626
212,212,1965529.436482798,5786487.708096294,0.121307691
213,213,1965504.865419009,5786468.822004193,0.060624999
214,214,1961432.109398026,5786648.683330694,0.038434579
215,215,1961336.779209119,5786634.483909297,0.255800001
216,216,1961396.201310534,5786638.541442341,0.325071163
217,217,1965491.115600188,5786456.113393124,0.033919149
218,218,1961310.168908032,5786621.291615923,0.102867725
219,219,1961296.568093075,5786606.286117767,0.048634615
220,220,1961769.360449705,5786585.382257511,0.713402068
221,221,1961303.443311441,5786595.98887743,0.244961539
222,222,1962237.805481594,5786565.507146356,0.316592598
223,223,1965470.399564293,5786426.888323698,0.006662524
224,224,1961295.109383779,5786586.365101472,0.18805
225,225,1961721.294097894,5786567.482516374,0.191628207
226,226,1961839.678852344,5786562.233386201,0.289564103
227,227,1957419.732618473,5786746.842901817,-0.53579999
228,228,1961286.775758011,5786576.741132182,0.116100001
229,229,1965454.160116324,5786396.142744935,-0.000968358
230,230,1957325.009777847,5786741.207489501,-0.61322449
231,231,1957366.523072083,5786744.389817395,-0.001589949
232,232,1957435.500269879,5786736.368121739,-0.449134606
233,233,1961704.625229032,5786548.235741464,0.652064106
234,234,1961861.89570268,5786541.262334696,0.341647059
235,235,1965461.080439662,5786381.088309769,0.457150688
236,236,1961696.290822655,5786538.612343218,0.537820514
237,237,1961878.388928749,5786530.537956668,0.371264153
238,238,1961909.382613378,5786529.163265786,0.347102564
239,239,1959119.468860961,5786643.026842157,0.443028043
240,240,1961684.76440989,5786526.354638596,0.578742619
241,241,1961947.959228732,5786507.466277325,0.366287488
242,242,1959077.824942883,5786632.775742467,1.348138092
243,243,1958159.392820331,5786654.663470163,-0.288703712
244,244,1959050.631743634,5786615.49333016,0.328506663
245,245,1959148.157166704,5786624.048633285,0.272114544
246,246,1962073.419471429,5786485.122071372,0.579647059
247,247,1965439.06017905,5786353.230298626,0.168491011
248,248,1959176.435531509,5786599.235237863,-0.094400004
249,249,1961611.655754014,5786507.198763912,-9999.0
250,250,1961623.752717198,5786492.127420763,1.009692301
251,251,1961898.34569976,5786468.050773421,0.613734692
252,252,1965416.459949816,5786319.550941207,0.106341773
253,253,1959039.749154138,5786599.213012096,0.140832214
254,254,1961725.811899858,5786468.578276704,0.515243254
255,255,1962072.218799842,5786457.051342857,1.261564104
256,256,1961360.096597088,5786469.510295486,0.735666675
257,257,1961644.825184698,5786460.950782647,1.066509808
258,258,1959029.807778602,5786575.661252775,0.072775088
259,259,1961667.617626834,5786439.954766309,0.89983021
260,260,1961920.916865945,5786428.930869248,0.625240741
261,261,1962291.898060231,5786417.25445705,0.155822787
262,262,1964880.33186959,5786296.908231889,-0.163102567
263,263,1959015.835932881,5786547.28524884,0.019090909
264,264,1961683.708995529,5786429.456780934,0.851370378
265,265,1959170.554016207,5786538.368120356,0.064052434
266,266,1961459.589375847,5786435.576605931,0.892408887
267,267,1961699.048587544,5786418.784765656,0.907472728
268,268,1961951.600766303,5786407.583909724,1.093851859
269,269,1962022.424457687,5786403.504831577,0.492518519
270,270,1958999.329435881,5786527.818316562,-0.007102564
271,271,1961414.030967016,5786442.014295107,0.391821169
272,272,1958675.31557648,5786532.076121384,-0.224846155
273,273,1958983.106388137,5786518.539728955,-0.037525002
274,274,1965379.989264854,5786274.223916871,0.07145768
275,275,1961465.733134782,5786401.712819071,0.329700422
276,276,1964704.472429255,5786254.804974336,-0.379820514
277,277,1965343.775775059,5786226.930616759,-0.009620001
278,278,1957636.636193545,5786557.685867024,-0.074922579
279,279,1957794.476645147,5786550.765732884,-0.347272724
280,280,1958769.503952486,5786525.284872261,0.238556411
281,281,1958879.632063322,5786503.106818154,-0.014884616
282,282,1957525.08040115,5786631.371177204,0.0088513
283,283,1957648.037062847,5786547.193784802,0.088125
284,284,1957770.363256068,5786541.83081839,0.68477273
285,285,1957805.877322728,5786540.273470256,-0.186549996
286,286,1958652.805420746,5786510.762042481,0.348658246
287,287,1958928.045038313,5786491.40168207,0.55346354
288,288,1957292.02329939,5786542.806711472,0.086599999
289,289,1956350.52912759,5786739.603247533,0.698295078
290,290,1957248.180735883,5786534.734777591,-0.143289306
291,291,1957717.126647006,5786520.915762337,0.41031601
292,292,1957216.176211283,5786526.143826636,-0.256612502
293,293,1957267.672280605,5786524.126981584,0.062316849
294,294,1964746.229266162,5786178.296144222,0.447916661
295,295,1957195.693970079,5786512.316629802,-0.22663637
296,296,1961520.233542796,5786316.787858415,0.306267857
297,297,1962027.773062727,5786283.725359336,0.590651315
298,298,1965356.178506591,5786150.696113772,0.173850794
299,299,1956458.366838235,5786523.767986869,0.086717392
300,300,1958125.979934595,5786447.018473177,0.132833336
301,301,1964608.716419502,5786156.843267788,-0.261136367
302,302,1958082.104631979,5786438.223986524,0.089175
303,303,1958141.139148405,5786435.840665664,0.183563639
304,304,1958517.905452675,5786486.610458956,0.390499434
305,305,1961526.799783724,5786286.518365586,0.223537037
306,306,1964593.024735591,5786149.85997891,-0.190018747
307,307,1957824.236627847,5786470.881094549,0.021105314
308,308,1958061.937105009,5786429.116746883,0.023075
309,309,1957840.681158213,5786428.623441782,-0.027222222
310,310,1958403.99399134,5786409.767763371,0.217229798
311,311,1961525.91590085,5786266.57184417,0.183962967
312,312,1964473.751935826,5786135.202814236,-0.566658236
313,313,1958037.605003837,5786415.196121453,-0.017312101
314,314,1958370.184315515,5786400.268683557,0.008541435
315,315,1964441.738050793,5786126.639713735,-0.327113922
316,316,1964421.562350435,5786117.547705538,-0.29719481
317,317,1965352.612780476,5786099.344267369,0.136405346
318,318,1958005.518591731,5786391.623201747,-0.021923076
319,319,1958341.984604811,5786379.644377694,-0.014352943
320,320,1959141.49361244,5786432.014743398,0.216663058
321,321,1964409.677513853,5786107.867816218,0.281073334
322,322,1958161.767622172,5786374.773073575,0.119288461
323,323,1964384.967910721,5786098.968000927,0.90811688
324,324,1965352.510308811,5786055.923083749,0.170807693
325,325,1958329.341575309,5786366.117636452,-0.001779661
326,326,1959140.498797346,5786321.755682154,0.163000002
327,327,1965358.93360835,5786035.64863582,0.587769234
328,328,1957892.114016327,5786346.845179345,0.144072729
329,329,1964205.649947382,5786067.438244216,1.139074092
330,330,1964245.297590645,5786066.188625432,0.818439996
331,331,1958160.153966697,5786324.882084195,0.181924997
332,332,1964283.654409132,5786053.548279535,1.080916304
333,333,1965357.419910631,5786005.528027788,0.143472727
334,334,1957928.132494495,5786329.978636946,0.547587899
335,335,1958167.607964872,5786314.562481044,0.139246753
336,336,1964299.526982614,5786043.635155646,1.025279973
337,337,1961528.156938822,5786203.335950269,0.19978531
338,338,1964228.318976661,5786036.44648588,0.514000009
339,339,1960171.257050518,5786206.367652912,0.335800001
340,340,1964336.293586451,5786030.985579807,0.636386231
341,341,1958174.186252513,5786284.296576201,0.267474997
342,342,1960158.978983207,5786196.917039843,0.378162497
343,343,1961510.941609223,5786149.446546848,0.094842932
344,344,1960149.038039498,5786180.701478732,0.9118481
345,345,1961509.732875092,5786117.439090191,0.145999997
346,346,1956410.030757945,5786406.754292745,0.38105861
347,347,1958186.010707736,5786259.462670431,0.288149744
348,348,1959118.791007655,5786232.778742455,0.156276461
349,349,1959616.849079186,5786185.85874221,-0.268898733
350,350,1961658.11292142,5786092.044039578,-9999.0
351,351,1958227.239228668,5786232.005357694,0.213412499
352,352,1959681.737869708,5786184.424748817,0.12051275
353,353,1960130.663713506,5786152.688929115,0.198121848
354,354,1961492.57146284,5786090.49075585,0.113545741
355,355,1959596.020809773,5786161.794779011,-0.257334395
356,356,1960120.959420115,5786128.646854006,0.135938773
357,357,1961477.618134369,5786068.855112412,0.077999999
358,358,1964233.889576047,5785951.008052249,0.763062492
359,359,1959102.127190527,5786168.56063203,0.182833333
360,360,1959575.412217837,5786142.717996171,-0.09379487
361,361,1961485.202972806,5786058.343267377,0.159100001
362,362,1958357.162524195,5786184.528629477,0.373363638
363,363,1963978.410643233,5785933.908650184,0.963800004
364,364,1964209.27401586,5785925.626538218,1.062606066
365,365,1960118.8947182,5786104.315389553,0.169398603
366,366,1961469.523309067,5786045.242313124,0.105257485
367,367,1963993.93845101,5785926.780515626,0.845575011
368,368,1959542.526583945,5786114.189696288,0.728820521
369,369,1959705.642710629,5786123.010055805,0.692875956
370,370,1960106.785380812,5786089.301938477,0.101628929
371,371,1964222.324258773,5785916.014578389,0.434684785
372,372,1958355.117100952,5786170.617669923,0.394999996
373,373,1959715.704803185,5786096.562899123,0.217602561
374,374,1961459.624693796,5786019.68817646,0.09669091
375,375,1964118.086783355,5785897.518669313,0.380999999
376,376,1958263.91545813,5786174.776818887,0.723914287
377,377,1959723.156756276,5786086.241718933,0.192837501
378,378,1959746.256447939,5786085.223108542,0.108551018
379,379,1961443.554489393,5786010.199180428,0.074897436
380,380,1964045.035535947,5785900.691247055,0.835080714
381,381,1960265.901194348,5786109.163655046,0.805927242
382,382,1964178.451845615,5785875.478310477,0.248346277
383,383,1960305.854497487,5786031.277513321,0.275826922
384,384,1960715.594654385,5786002.657067773,0.013254543
385,385,1960869.653531991,5785995.986651828,-0.148991072
386,386,1959780.643924669,5786055.288785359,0.127926021
387,387,1960341.23959895,5786016.690940596,0.195761506
388,388,1961417.669963642,5785961.381811857,0.219000001
389,389,1958319.819178504,5786135.434495374,0.416769866
390,390,1959486.068278461,5786075.271903807,0.400682701
391,391,1960115.034972955,5786023.548007914,0.186891053
392,392,1960372.016933966,5785998.233872063,0.289952829
393,393,1960098.877481043,5785999.717098326,-0.173962492
394,394,1960422.435312895,5785985.428263449,0.15209091
395,395,1960395.271093666,5785981.365289981,0.840762795
396,396,1960443.049641877,5785974.92402076,0.299716811
397,397,1961384.777687732,5785932.860506218,0.170975001
398,398,1959083.33288193,5786076.001780216,0.335291165
399,399,1960090.105300186,5785980.119109169,0.025025001
400,400,1961377.019636189,5785923.211354041,0.25342857
401,401,1960476.527445005,5785953.400203008,1.317084489
402,402,1956410.8499599,5786204.149104597,0.544542184
403,403,1959073.376701644,5786004.95016409,0.158073684
404,404,1960065.109798989,5785951.244471624,0.099675001
405,405,1960080.893278684,5785950.547465967,0.108125001
406,406,1960670.88558999,5785975.484798662,1.059895974
407,407,1961335.66058306,5785895.064957565,0.197897435
408,408,1960072.561307893,5785940.92276243,0.17190909
409,409,1960064.229390831,5785931.298043744,0.230800003
410,410,1960863.257151112,5785906.058437514,0.088195652
411,411,1960055.897612117,5785921.67315056,0.383400007
412,412,1964815.086298587,5785710.280177281,0.357673075
413,413,1964869.797366766,5785707.773242553,0.155675003
414,414,1957230.136089819,5786036.121209814,-0.053833339
415,415,1960043.620226834,5785912.222306467,0.786174196
416,416,1961249.644300297,5785885.006928056,0.03308889
417,417,1964798.326010387,5785700.976502659,0.136435898
418,418,1956715.928185828,5786056.082726074,0.075520304
419,419,1959398.776937609,5785983.946175351,0.370458056
420,420,1960011.613678166,5785903.642345692,0.82332268
421,421,1959059.892438168,5785954.821209214,0.1173086
422,422,1959352.075309939,5785922.938259268,0.301888884
423,423,1959876.502087927,5785936.39594916,0.437762994
424,424,1961170.211782958,5785849.096847347,-0.200523606
425,425,1960870.117330499,5785860.13064533,0.110202898
426,426,1956729.043926469,5786024.533467549,0.03417227
427,427,1959359.818694909,5785902.404062139,0.699340013
428,428,1961150.948373712,5785825.307020762,-0.164194514
429,429,1961137.16948207,5785800.585959342,-0.164695122
430,430,1964854.352763024,5785612.037009924,0.062942278
431,431,1964524.815323925,5785593.0759835,-0.001814817
432,432,1956731.292247033,5785959.639866086,0.578268519
433,433,1964540.030120057,5785583.339612908,0.002596155
434,434,1964448.959934077,5785582.772435923,0.575457854
435,435,1964214.977750032,5785577.144950759,0.06744
436,436,1964374.16795538,5785578.507161831,0.291125414
437,437,1964177.495709257,5785574.821199561,0.264037973
438,438,1964246.673938353,5785565.736357589,0.059076923
439,439,1964096.289852517,5785562.457228426,0.229656781
440,440,1964136.738952177,5785568.146515986,0.302028662
441,441,1964292.867987318,5785563.634258869,0.289878294
442,442,1956749.091013902,5785867.112701612,0.127919998
443,443,1961096.05216273,5785666.055962117,-0.080963636
444,444,1964023.485884449,5785525.733811385,0.246410255
445,445,1964543.147501354,5785510.574898747,-0.466571439
446,446,1964476.800493028,5785495.496544765,0.10608805
447,447,1964004.049983457,5785512.307655931,0.205986238
448,448,1960900.302984648,5785721.132465719,0.47413919
449,449,1961086.39478273,5785626.512295106,-0.097818183
450,450,1961935.309298648,5785589.265461851,-0.259198111
451,451,1962177.318230944,5785800.863257675,-0.088827428
452,452,1964522.320472212,5785481.662692719,-0.401393169
453,453,1961077.620446559,5785606.915124353,-0.153709081
454,454,1963977.635071779,5785472.817291793,0.323610757
455,455,1961068.846145808,5785587.317946721,-0.212272733
456,456,1962205.79105392,5785584.939031581,0.169120313
457,457,1964319.320123072,5785421.857652751,0.362489801
458,458,1964307.07005983,5785413.140226771,0.311875011
459,459,1963852.903617608,5785424.148457748,0.321919994
460,460,1963940.586481379,5785434.627246416,0.392162299
461,461,1964406.580107803,5785444.557579494,0.102331374
462,462,1957324.983917435,5785711.87119059,0.224310608
463,463,1959417.554853575,5785610.804127449,-0.05964
464,464,1963915.557060391,5785410.631403894,0.502493502
465,465,1962818.66153459,5785459.497969751,0.690459419
466,466,1959408.597467177,5785590.694031631,-0.082909088
467,467,1958903.009906019,5785602.755532537,0.11552841
468,468,1963891.748523167,5785392.745787836,0.651108378
469,469,1958921.85013585,5785762.866759968,0.377895512
470,470,1958878.782148512,5785594.144865712,0.857736356
471,471,1963871.665305409,5785372.217542128,0.150954955
472,472,1964249.158023491,5785355.767156453,0.383856256
473,473,1959399.387926945,5785561.12215706,-0.131109092
474,474,1964292.561288224,5785351.127701205,0.191309277
475,475,1963857.648102596,5785353.255762778,0.130115386
476,476,1958841.315451434,5785572.161694053,0.129364407
477,477,1961095.2683251,5785466.026512585,0.367860757
478,478,1957354.424440746,5785620.786621465,0.258714289
479,479,1957346.671809075,5785611.134004659,0.186627451
480,480,1958827.285980018,5785552.794053414,0.129592436
481,481,1962780.333754084,5785391.540786434,0.517073408
482,482,1963824.748290826,5785324.743814521,0.026274998
483,483,1965488.954160142,5785398.222118605,0.52927153
484,484,1963816.41253877,5785315.122278292,0.009153845
485,485,1958813.18356811,5785531.76397475,0.139607595
486,486,1963808.076215361,5785305.500960916,0.002849998
487,487,1965436.604466839,5785239.358643639,0.677974791
488,488,1958800.68882566,5785517.324909996,0.119235668
489,489,1962713.8582084,5785341.435028146,0.676841793
490,490,1962774.011705275,5785326.838652039,0.683631877
491,491,1963787.226511096,5785286.166807348,-0.006922105
492,492,1956589.270816542,5785624.165557436,0.78763568
493,493,1958743.216732494,5785532.599538809,0.389001838
494,494,1958793.37583722,5785493.284031604,0.196497297
495,495,1962804.115718517,5785310.24932186,0.55205
496,496,1964528.342396114,5785233.368040776,0.126237179
497,497,1962662.734107846,5785316.388404807,0.820189255
498,498,1962816.67612982,5785296.366524465,0.524670934
499,499,1963766.173315214,5785252.407597777,0.01934395
500,500,1964494.868019269,5785221.53971963,-0.014097457
501,501,1956639.897965136,5785552.866719755,0.267039212
502,502,1963773.202979775,5785237.2842717,0.231666669
503,503,1964479.64094225,5785205.575746432,0.213467948
504,504,1964630.014309241,5785238.318603897,0.473609829
505,505,1963757.17036834,5785227.826286044,0.077225
506,506,1964174.133612549,5785292.861082966,0.46874653
507,507,1964727.629470797,5785184.693381499,-0.0416
508,508,1964182.847778471,5785198.836309058,0.208425
509,509,1964742.965818718,5785174.014198198,-0.055509089
510,510,1958669.6476651,5785465.495414351,0.506714843
511,511,1959487.779602066,5785397.137568154,-0.516719977
512,512,1962894.799264054,5785265.723388813,0.472095185
513,513,1963748.389310926,5785208.231437282,0.064948718
514,514,1963743.554129408,5785188.460713801,0.175529035
515,515,1964443.373241234,5785180.598347841,0.193868
516,516,1959011.857560399,5785511.392628405,0.278006729
517,517,1962869.270569457,5785245.518548621,0.528237424
518,518,1963730.860293248,5785169.769148021,0.193607841
519,519,1962917.446495756,5785195.491734003,0.553814813
520,520,1964211.450452005,5785151.756658684,0.254747771
521,521,1964402.836787594,5785138.875940281,0.241429668
522,522,1964242.859138045,5785126.203592469,0.238408333
523,523,1964282.31462599,5785124.441361264,0.096012823
524,524,1964390.011119925,5785116.299147286,0.171143461
525,525,1962902.224511552,5785171.165644753,0.968404278
526,526,1962970.251504634,5785188.479855047,0.497079285
527,527,1964264.002843075,5785112.767682728,0.258598747
528,528,1964285.369216302,5785104.318394082,0.417141934
529,529,1964312.987994185,5785103.084700696,0.139724999
530,530,1962911.443944447,5785154.99285004,0.651754709
531,531,1963025.856987349,5785140.493320029,0.486619249
532,532,1963357.502405337,5785130.720799605,0.504259496
533,533,1964347.856775249,5785088.177766506,0.485602984
534,534,1962915.112495793,5785135.637194565,0.635018186
535,535,1962906.160255861,5785115.841234851,1.068400009
536,536,1962968.754068887,5785121.374961503,0.723353099
537,537,1957558.127767731,5785297.555161455,0.934000015
538,538,1963053.869258553,5785059.301683238,0.606175003
539,539,1964947.258975772,5784974.98061898,0.204337779
540,540,1963029.752460921,5785050.382161844,0.593734178
541,541,1964923.583854091,5784965.859273019,0.075384617
542,542,1965330.046752435,5785089.315740719,0.48847483
543,543,1962839.626573755,5785043.639520316,0.726129875
544,544,1962926.250261709,5785034.274021393,0.59153845
545,545,1962996.856959277,5785021.867176212,0.630237494
546,546,1963391.41151362,5785009.281882775,0.408404943
547,547,1961508.47241544,5785484.278941004,0.440828372
548,548,1962908.650086218,5785017.004882813,0.642420003
549,549,1964746.065468598,5784995.245196996,0.176677933
550,550,1964747.906877697,5784923.54354748,-0.001333332
551,551,1965098.804554498,5784962.171904196,0.912104644
552,552,1963934.541350427,5784950.096604398,0.649615392
553,553,1962978.833351361,5784988.281454223,0.961937482
554,554,1964769.640178642,5784882.806314581,-0.080371801
555,555,1964884.751569794,5784918.436248581,0.437719452
556,556,1959044.166349871,5785207.839791315,0.062630834
557,557,1964784.975852652,5784872.127003014,-0.084012488
558,558,1964844.029425028,5784869.701042902,0.275855263
559,559,1963001.132584752,5784941.819706956,0.575088599
560,560,1956764.653935867,5785210.079921402,1.043358347
561,561,1956833.253268103,5785183.610824491,0.843663543
562,562,1964778.518377469,5784824.563934078,0.019900001
563,563,1956865.430871746,5785162.003414142,1.096841469
564,564,1959352.205582353,5785051.326200841,0.144696123
565,565,1959307.020420729,5785038.168333286,0.840799606
566,566,1959376.251298426,5785032.327710444,0.153124999
567,567,1959395.538442773,5785021.485181845,0.187188312
568,568,1959427.101065276,5785020.09415909,0.120687502
569,569,1959438.497585972,5785009.599184592,0.198454547
570,570,1964828.469958951,5784805.753617082,0.429791696
571,571,1956876.451801269,5785109.607937955,1.255347166
572,572,1959689.523406848,5784968.761715897,-0.074454544
573,573,1964810.584118537,5784741.276165601,0.304660374
574,574,1956804.319159982,5785128.325901735,0.999262775
575,575,1956912.867587314,5785077.590544166,1.165195175
576,576,1956959.957836465,5785069.231424483,0.690974847
577,577,1957295.280378248,5785416.416552048,0.675763512
578,578,1959225.702035851,5784997.692889236,0.495019261
579,579,1959167.108865885,5784950.879921505,0.02136
580,580,1959182.922038168,5784950.912070816,0.099250001
581,581,1959174.592207388,5784941.28641361,0.093717948
582,582,1963340.747530838,5784763.318439122,0.296829266
583,583,1956651.967492983,5785437.035039376,0.844265677
584,584,1956602.008500988,5785049.287913723,1.228217407
585,585,1959150.04205978,5784922.382590898,0.0323
586,586,1959133.350655817,5784902.403879143,0.043692308
587,587,1962875.725702667,5785042.969097839,0.620227073
588,588,1959114.239349469,5784887.320030184,0.165714287
589,589,1959486.409030527,5784904.596468983,0.599564254
590,590,1959082.353372776,5784857.41422206,0.136287878
591,591,1959713.909629106,5784830.526777131,0.938269233
592,592,1959059.293945292,5784836.446026211,0.06697436
593,593,1959540.611945774,5784815.23867947,0.245205122
594,594,1960810.979580575,5784759.127952969,0.272749999
595,595,1959051.539713497,5784826.794926195,0.064294118
596,596,1959700.393916964,5784808.192233358,0.228325948
597,597,1960763.040259176,5784751.464604225,0.117169812
598,598,1961028.505671503,5785119.560538259,0.442131699
599,599,1963933.429696569,5784812.063835342,0.614336543
600,600,1959681.165439645,5784779.27071345,0.167870369
601,601,1959018.085338679,5784798.290313857,0.029225
602,602,1959009.755846904,5784788.664511831,0.03793671
603,603,1959665.084765297,5784763.234277918,0.150547825
604,604,1963987.125133431,5784572.420611454,0.345333328
605,605,1959001.426373845,5784779.038702603,0.041538462
606,606,1963310.966746887,5784617.45947942,0.400555387
607,607,1958990.627094481,5784766.163557978,0.058102703
608,608,1959531.54071042,5784729.036152904,0.41629114
609,609,1963953.497788926,5784524.669449107,-0.049225517
610,610,1958981.579430545,5784710.072896258,0.477133338
611,611,1963661.572415557,5784502.58722349,-0.30382895
612,612,1964782.327270249,5784609.152180512,0.813636974
613,613,1963755.812934412,5784488.39040785,0.233912498
614,614,1958795.446297563,5784913.949913992,0.176943302
615,615,1958562.850393492,5784693.414436445,0.419243589
616,616,1963580.444353145,5784456.23919756,-0.680714283
617,617,1963795.786183087,5784449.39276971,0.21607177
618,618,1958577.991211606,5784670.681950341,0.431430376
619,619,1958927.676397931,5784655.805533139,0.250234043
620,620,1958599.857522776,5784636.099875704,0.134666666
621,621,1963553.073320609,5784427.490906043,0.124928573
622,622,1963882.77966597,5784438.828278277,0.367682925
623,623,1958897.843975489,5784605.060316457,0.231351351
624,624,1958915.196030231,5784625.143584802,0.251555552
625,625,1960809.110053065,5784544.532789127,0.557167554
626,626,1963527.211256966,5784385.329416279,0.115548522
627,627,1963515.801502458,5784365.851679265,0.104319326
628,628,1963519.603704188,5784344.832058242,0.216947367
629,629,1958877.506439195,5784572.894308397,0.239866144
630,630,1963503.854660851,5784318.387522828,0.033475033
631,631,1958634.503021658,5784465.033508302,0.526728068
632,632,1958888.813245745,5784452.388509876,0.492799985
633,633,1958574.76090739,5784549.647436972,0.437362629
634,634,1958607.389105248,5784458.027685671,0.859454534
635,635,1958654.837656606,5784444.121246557,0.996836744
636,636,1958812.235820936,5784437.729527334,0.614484583
637,637,1958667.499346056,5784435.527481717,0.854688889
638,638,1958752.440724749,5784430.943554919,0.536074074
639,639,1958868.38330117,5784443.671956585,0.561163982
640,640,1959610.754537062,5784540.68306808,0.789365
641,641,1958740.415670343,5784420.59540542,0.628129618
642,642,1958785.105829797,5784430.62209499,0.973081971
643,643,1963808.990989167,5784265.190135354,0.880957706
644,644,1962832.879373856,5784179.753578654,0.258762496
645,645,1962915.418766789,5784185.365894307,0.256215646
646,646,1961620.869794608,5784213.61499627,0.89904546
647,647,1962813.369310925,5784168.01931445,0.128758621
648,648,1961695.227470769,5784200.531885384,-0.145425928
649,649,1961593.594049592,5784196.527165128,-0.120532048
650,650,1963471.387408802,5784203.600136536,0.09091165
651,651,1962790.93983448,5784121.86965363,0.188581822
652,652,1961551.593197377,5784166.722917212,-0.327897433
653,653,1961717.745920026,5784162.692908906,-0.00950442
654,654,1961568.688156988,5784165.964811593,-0.201240001
655,655,1962782.020977103,5784102.800855209,0.200153846
656,656,1963066.06121577,5784090.156814082,-0.083122446
657,657,1963421.115827315,5784087.714037865,-0.113160493
658,658,1961543.254770635,5784141.977143431,0.01400717
659,659,1962780.945910909,5784082.342079186,0.238811316
660,660,1962764.877304478,5784072.855822264,0.185325003
661,661,1961509.600999297,5784118.273156079,-0.116753222
662,662,1961758.418464674,5784104.120842932,-0.201010922
663,663,1962747.766100382,5784043.637982018,0.186887501
664,664,1963378.80711881,5784015.744040516,-0.246309092
665,665,1961477.532611767,5784094.457352305,-0.110815219
666,666,1961452.934012437,5784081.161533197,-0.042375002
667,667,1963072.062532259,5784021.457654555,0.61604183
668,668,1960039.611383166,5784123.92131649,1.145563638
669,669,1963361.932396127,5783976.383301001,-0.094583331
670,670,1961429.256211225,5784059.727366137,0.009132588
671,671,1962692.800128617,5783992.787144289,0.474592437
672,672,1963063.839751257,5783978.849558238,1.136083784
673,673,1961403.384109464,5784033.393268835,0.045545456
674,674,1963344.751556704,5783950.449773801,-0.038796458
675,675,1963336.531856295,5783937.474804469,-0.074019231
676,676,1961392.620938615,5784020.123716677,0.08564681
677,677,1961373.434345235,5783991.116558407,0.197389793
678,678,1961352.95070141,5783965.679271666,0.128699998
679,679,1961317.90395945,5783951.304876082,0.867985024
680,680,1961280.524080072,5783938.949180784,0.889857139
681,681,1961256.505698664,5783929.982149827,0.424318966
682,682,1961815.013546377,5783930.987944371,0.135225246
683,683,1961839.050440678,5783874.896656083,-0.008619999
684,684,1960532.314407722,5783938.222644807,0.758271085
685,685,1962726.934986766,5783895.412345048,0.678755176
686,686,1963006.246355681,5783890.144109607,0.48130147
687,687,1960398.936551044,5784316.673181262,0.856308244
688,688,1961160.609034977,5783896.463979733,0.465425411
689,689,1961887.284571436,5783815.176273204,-0.012631312
690,690,1961920.778437987,5783779.354369734,0.258343284
691,691,1960419.923928663,5783826.982292677,0.992937747
692,692,1962995.577763822,5783690.40238197,-0.140388036
693,693,1961978.597963538,5783718.992047836,0.19586964
694,694,1963353.609084956,5783616.388984751,0.42617647
695,695,1963380.720032312,5783636.476412412,0.881812252
696,696,1963288.024465349,5783610.335324313,0.041904762
697,697,1963321.131742053,5783608.590608651,0.330055561
698,698,1963360.890853737,5783606.406660508,0.297909085
699,699,1960693.126825081,5783689.562627327,1.096000002
700,700,1960756.355413786,5783978.273824068,0.858990513
701,701,1963263.838748651,5783560.974666131,-0.140175005
702,702,1963303.286310102,5783559.21661853,0.354354426
703,703,1963334.399820623,5783547.836695691,0.312320513
704,704,1963262.949837214,5783541.027977545,0.077174998
705,705,1963318.176493227,5783538.566665124,0.395912138
706,706,1962071.195956134,5783584.057467672,-0.020012497
707,707,1960119.394650935,5783571.64217563,-0.260148948
708,708,1963444.383576317,5783433.134558083,0.652361135
709,709,1962134.267734191,5783508.672693101,-0.040354482
710,710,1960128.497174978,5783517.484705478,-0.232308195
711,711,1962174.023103126,5783385.274378999,0.092236842
712,712,1960143.963035404,5783470.464767479,-0.37328709
713,713,1963517.693620537,5783230.083919669,0.182629627
714,714,1963523.973680247,5783189.9611622,0.211265534
715,715,1963538.758606178,5783172.2404371,0.766597286
716,716,1963529.44997758,5783139.204418089,0.43465455
717,717,1962223.558793077,5783217.75308383,0.487451599
718,718,1962292.992821057,5783067.898715925,-0.026400002
719,719,1962300.605464618,5783054.227356985,-0.066551285
720,720,1962307.607695968,5783033.930028101,-0.047090908
721,721,1962296.064906058,5782916.525466302,0.743817261
722,722,1962282.367810369,5782891.943338406,0.578284098
723,723,1962532.898028157,5782604.17571268,-0.20869497
724,724,1962273.522391722,5782658.43728718,0.559903051
725,725,1962600.821525929,5782521.444497324,-0.332814812
726,726,1962221.887582331,5782528.096276484,0.869675007
727,727,1963646.427606051,5782394.903914058,-0.005981819
728,728,1963661.914382074,5782384.011331731,0.052224998
729,729,1964260.095804412,5782327.312516441,0.291999994
730,730,1962602.226357196,5782420.158345931,0.123240566
731,731,1962603.48913011,5782311.262893512,0.201012986
732,732,1964421.582396358,5782230.359894479,0.151518518
733,733,1962613.578499765,5782271.570217325,0.202490568
734,734,1964427.504829766,5782194.337564803,0.178055553
735,735,1963943.67322751,5782577.884492231,0.406067295
736,736,1964435.056368189,5782179.816194629,1.319917812
737,737,1964418.906005195,5782170.519519529,0.074111112
738,738,1962629.436703936,5782213.508296354,0.145567796
739,739,1962992.570295868,5782174.021218237,0.113767744
740,740,1964468.817662492,5782096.576078737,-0.071241381
741,741,1963013.937673878,5782148.846048301,-0.281920265
742,742,1963017.512658959,5782112.951095198,-0.018769231
743,743,1964646.904876918,5782035.455190801,-0.027000001
744,744,1963024.956377714,5782102.626288672,-0.128225003
745,745,1963031.356230955,5782072.569874388,-0.120074075
746,746,1963038.478164513,5782051.329377269,-0.105423081
747,747,1964744.080533534,5781921.216977656,0.248749999
748,748,1964730.54707259,5781889.290879716,0.052709677
749,749,1964736.378457338,5781876.476461699,0.259106389
750,750,1964721.107628113,5781854.988983592,0.081977386
751,751,1964720.402996285,5781827.080928222,0.152115386
752,752,1964703.48014884,5781818.011419672,-0.285481488
753,753,1963084.317854459,5781961.067525472,0.019503603
754,754,1963292.133708079,5781819.806613614,0.029416741
755,755,1963367.497694051,5781808.275827104,-0.203156862
756,756,1963390.238990007,5781786.546397117,-0.130886079
757,757,1963405.569707444,5781775.869340891,-0.063820511
758,758,1963435.5721822,5781760.586524642,-0.056918818
759,759,1963443.673862908,5781744.189877794,0.057948718
760,760,1963509.629870624,5781730.93800834,-0.004110586
761,761,1964832.693275546,5781469.469042651,1.197000027
762,762,1964991.073034479,5781612.362210486,0.451236343
763,763,1964401.37845639,5781421.593810778,-0.057236844
764,764,1964393.044792209,5781411.97324906,-0.0495875
765,765,1964438.687752631,5781391.943458608,0.993499988
766,766,1964448.182976314,5781381.963041586,0.697000005
767,767,1962758.780086861,5781994.087275784,0.476989519
768,768,1964593.356285041,5781450.713756429,0.526945045
769,769,1964609.483887197,5781317.406954425,0.748581118
770,770,1963996.170866839,5781405.642982225,0.628969254
