OID,FID_,X,Y,BCE_Bluesk
0,0,1412034.309891233,4934799.130920498,-0.286224236
1,1,1411987.351887775,4934777.900138481,-0.269808716
2,2,1411995.534682025,4934555.833502873,-0.290036368
3,3,1412017.460843833,4934406.34413839,-0.328200001
4,4,1412038.734975499,4934396.997283675,-0.354604168
5,5,1412070.525640026,4934402.353584057,-0.373617595
6,6,1412004.081845787,4934385.961488578,-0.307687507
7,7,1411888.535254446,4934372.104155447,-0.197851066
8,8,1411830.801873662,4934371.304550025,-0.151020349
9,9,1411889.74169673,4934332.183383953,-0.191666668
10,10,1411928.689693283,4934333.737507229,-0.223126318
11,11,1412529.902237077,4934351.873918025,-0.855861712
12,12,1411929.559862993,4934292.876587451,-0.236950007
13,13,1412012.060317634,4934322.51214817,-0.311144984
14,14,1412096.542331052,4934304.598047709,-0.417889676
15,15,1411848.849880231,4934285.221639822,-0.187041667
16,16,1411940.488915893,4934283.360572439,-0.245812498
17,17,1411808.911319028,4934270.334209798,-0.137751774
18,18,1411909.655079453,4934276.673595821,-0.220172043
19,19,1412556.714808781,4934299.561491643,-0.909389505
20,20,1411891.865359726,4934261.912684947,-0.212960005
21,21,1411791.287036549,4934249.669857658,-0.098234047
22,22,1412080.168187083,4934266.150327246,-0.406753423
23,23,1412682.109740311,4934276.165179136,-0.97299999
24,24,1412031.667056278,4934224.452229822,-0.34907836
25,25,1412103.986153534,4934188.815037175,-0.428958342
26,26,1412733.44718242,4934197.796087109,-9999.0
27,27,1412762.010295662,4934178.676936673,-9999.0
28,28,1411842.611677954,4934210.181451486,-0.179039699
29,29,1412829.134230745,4934114.858644855,-0.987249985
30,30,1412855.735101422,4934075.834970186,-0.895291683
31,31,1412833.459493293,4934054.038838102,-9999.0
32,32,1412869.895696094,4934036.346119542,-0.951690153
33,33,1412849.363218235,4934024.268476621,-9999.0
34,34,1412890.254548275,4933997.957327677,-0.96574684
35,35,1412872.423102849,4933980.216663798,-9999.0
36,36,1412859.79240134,4933956.655343138,-9999.0
37,37,1412885.700900529,4933946.072502995,-9999.0
38,38,1411712.935012659,4933873.175061129,-0.271407645
39,39,1411691.285808134,4933855.812639033,-0.22838948
40,40,1412926.250616337,4933896.763705002,-9999.0
41,41,1412943.031554473,4933864.260117934,-9999.0
42,42,1412644.714731475,4933791.045340666,-0.662880772
43,43,1412703.81750979,4933787.345796929,-0.817468086
44,44,1411956.319101514,4933754.610380862,-0.107339712
45,45,1412717.152614983,4933776.818117691,-0.810401394
46,46,1412572.175652158,4933764.093406379,-0.543362322
47,47,1412519.471539807,4933746.936733263,-0.534529105
48,48,1412255.651803463,4933679.04774014,-0.26571957
49,49,1412992.455172083,4933758.015360548,-0.928863677
50,50,1412215.943408109,4933629.47685559,-0.269610926
51,51,1411527.760730721,4933566.263614182,-0.210387759
52,52,1412081.45192466,4933494.745151635,-0.035931598
53,53,1412056.728657499,4933478.677851566,-0.039198582
54,54,1412232.324629679,4933423.512993112,-0.053270834
55,55,1412222.422189682,4933412.353424652,-0.031484534
56,56,1411813.248419471,4933390.874740383,-0.024720001
57,57,1412114.411973038,4933379.996689425,0.021104166
58,58,1412051.512588504,4933390.327431646,0.050722847
59,59,1412083.757709929,4933369.458930349,0.0345
60,60,1412194.787024315,4933377.532413735,-0.009260638
61,61,1412061.086076102,4933352.136629633,0.050331169
62,62,1412084.360494896,4933349.498517908,0.029437501
63,63,1411774.630523182,4933279.82401608,-0.003000001
64,64,1413080.373964183,4933282.928170733,-9999.0
65,65,1411690.476321378,4933187.750898079,-0.013093749
66,66,1413069.427861826,4933246.885335861,-9999.0
67,67,1411700.916248535,4933177.495437091,-0.008913044
68,68,1413055.205587554,4933187.931161703,-9999.0
69,69,1413038.769659267,4933122.940373467,-0.976500049
70,70,1411212.392367874,4933022.840860646,-0.540428572
71,71,1413007.304152077,4933064.156697001,-0.818916676
72,72,1411124.603354871,4932930.85392864,-0.610010528
73,73,1411815.984965973,4932956.188459224,-0.129981674
74,74,1411834.423901031,4932922.016340523,-0.129437496
75,75,1412881.721336166,4932878.477622251,-0.750471722
76,76,1412953.887132349,4932882.292215755,-0.983761904
77,77,1413080.206520863,4932875.157991586,-0.227854547
78,78,1412823.514353054,4932836.769752079,-0.73705952
79,79,1411111.906942439,4932790.373998452,-0.757037841
80,80,1412897.696978785,4932824.599300825,-9999.0
81,81,1412880.326236356,4932803.721197463,-9999.0
82,82,1412795.35442118,4932801.400153464,-9999.0
83,83,1412826.702624855,4932781.053335747,-9999.0
84,84,1412780.984324885,4932751.163487279,-9999.0
85,85,1412738.200049745,4932746.432326823,-9999.0
86,86,1411121.043455573,4932674.864803304,-0.815957913
87,87,1412705.761062806,4932708.360243169,-9999.0
88,88,1412712.896630965,4932689.178597743,-9999.0
89,89,1412692.033944889,4932672.984558206,-9999.0
90,90,1412906.604820398,4932786.15347705,-9999.0
91,91,1411105.946643855,4932611.058895052,-0.824113011
92,92,1411143.082694616,4932596.073838386,-0.673278227
93,93,1412807.463578817,4932649.487850361,-0.711284221
94,94,1412811.751082804,4932618.7755418,-0.53544793
95,95,1411093.382472857,4932564.710457371,-0.850686959
96,96,1412584.014839562,4932555.436785999,-0.916253012
97,97,1412664.786019842,4932589.81741326,-0.955999956
98,98,1412234.829673966,4932524.346632541,-0.674185711
99,99,1411120.990136899,4932496.779838895,-0.887115174
100,100,1412168.291018483,4932519.168398979,-0.787749521
101,101,1412567.247321211,4932514.597311407,-0.933840032
102,102,1412944.186978459,4932530.163559936,-9999.0
103,103,1412252.681669142,4932500.741213511,-0.877293987
104,104,1412889.032988338,4932519.08470508,-0.85337933
105,105,1412955.229857819,4932515.498723074,-9999.0
106,106,1411146.13526752,4932452.015912148,-0.899999976
107,107,1411212.657108166,4932459.995517856,-0.661723076
108,108,1411031.874650427,4932438.709506755,-0.637697188
109,109,1412966.877262149,4932489.207690596,-9999.0
110,110,1411195.965260019,4932423.560239804,-0.899999976
111,111,1411163.636031751,4932420.966164174,-0.880234614
112,112,1411271.323792673,4932417.665528565,-0.698529993
113,113,1411313.861497571,4932398.977117398,-0.705582911
114,114,1412017.698335742,4932417.895919676,-9999.0
115,115,1412038.512616399,4932418.729721323,-9999.0
116,116,1412056.556632297,4932418.403432213,-9999.0
117,117,1412046.234186072,4932399.507896896,-9999.0
118,118,1412095.176829444,4932400.25807174,-9999.0
119,119,1411720.355802773,4932299.225414981,-0.904384631
120,120,1411301.647498856,4932266.559245938,-0.972939992
121,121,1412135.456499999,4932293.982122608,-0.601283585
122,122,1412395.333590454,4932435.941568397,-0.914587799
123,123,1411341.188001205,4932248.156988728,-0.994483866
124,124,1411389.945926403,4932229.741329337,-9999.0
125,125,1412722.124322104,4932249.551545342,-9999.0
126,126,1411863.749335678,4932183.691730569,-0.748836734
127,127,1411822.724536578,4932152.482712477,-0.766937519
128,128,1411655.60743916,4932127.446020571,-0.865632657
129,129,1411523.130767996,4932113.443891327,-9999.0
130,130,1411804.913783964,4932128.264666691,-0.888836971
131,131,1411956.409194549,4932126.557534768,-0.739843125
132,132,1412541.073371049,4932147.278008134,-9999.0
133,133,1411498.461965453,4932103.305285146,-0.976433337
134,134,1411803.269155025,4932101.947321991,-0.84889796
135,135,1412086.795090489,4932110.896427972,-0.643553201
136,136,1411465.437865274,4932072.11511416,-0.960936161
137,137,1411953.838184397,4932078.234679577,-0.658904402
138,138,1411872.59933266,4932120.280586231,-0.747967962
139,139,1411955.826955721,4932047.002381755,-0.633358698
140,140,1411956.732126096,4932017.061712721,-0.565968425
141,141,1412466.873604952,4932032.463469307,-0.944600018
142,142,1412337.395300263,4932022.9816082,-0.682418334
143,143,1412309.999578651,4932000.450429847,-0.652887676
144,144,1412046.34365893,4931969.976363081,-0.572841726
145,145,1412070.051680294,4931970.539905606,-0.572031919
146,146,1411755.785063634,4932219.623479657,-0.820933443
147,147,1411287.689387741,4931911.859148152,-0.618473886
148,148,1411679.922152523,4931918.782621122,-0.844612913
149,149,1411829.817691439,4931907.18413915,-0.744378946
150,150,1410866.570475395,4931618.811006811,0.18646
151,151,1411206.526496196,4931614.738094095,-0.06131579
152,152,1411744.855621618,4931263.612118071,-0.310637505
