OID,FID_,X,Y,BCE_Raglan
0,0,1771969.023451196,5822886.722165079,0.1144
1,1,1771991.109257429,5822882.272780679,-0.072883544
2,2,1771885.47446388,5822868.51857115,-0.512125838
3,3,1771873.390668725,5822858.798306762,1.259461537
4,4,1771921.01967579,5822856.615212885,0.505936656
5,5,1772059.043128195,5822645.508901314,0.424898737
6,6,1772105.048033017,5822445.487159812,0.863695388
7,7,1772106.975928811,5822285.504568534,0.434542375
8,8,1772161.769782922,5822254.444011198,0.408518982
9,9,1772153.536373417,5822239.669053679,0.46771795
10,10,1772098.452413476,5822231.405961839,0.338699999
11,11,1772143.136778697,5822224.915896011,0.404244443
12,12,1772083.652830701,5822126.123276282,0.576791945
13,13,1771969.63866254,5822047.713608726,1.016192385
14,14,1771998.234967232,5822008.547594945,0.610696201
15,15,1771982.193819037,5821998.909799274,0.355999995
16,16,1771943.881646125,5821997.381817932,0.246035532
17,17,1771926.361821611,5821980.129287501,0.235249995
18,18,1771950.111637604,5821979.63411786,0.469075004
19,19,1770402.83212952,5822017.503297637,1.117634092
20,20,1770425.755061251,5821991.332789792,0.820237502
21,21,1771910.893958913,5821966.324267002,0.330074434
22,22,1771925.9461954,5821960.193274749,0.292099998
23,23,1771869.906854579,5821931.4443889,1.566544314
24,24,1771888.96838541,5821943.512518237,0.382331251
25,25,1772071.766445662,5822022.721327799,0.8457001
26,26,1772122.15733408,5821794.664531976,0.715774083
27,27,1770727.199107924,5821795.624690689,1.117207522
28,28,1772173.116845575,5822002.505715922,0.897256469
29,29,1770578.730544549,5821817.945007204,1.043528767
30,30,1770599.341009691,5821768.354118071,1.073595431
31,31,1770747.093205415,5821730.509317766,1.094160716
32,32,1772210.79805986,5821694.569468004,0.510863628
33,33,1772229.274586751,5821670.177277667,1.06048067
34,34,1770625.775130302,5821678.085145731,0.953087717
35,35,1772251.199212473,5821614.137835909,1.073017864
36,36,1770612.365254571,5821624.113022129,1.007816002
37,37,1772194.64482925,5821575.762839848,1.013960765
38,38,1772213.196120167,5821569.56255909,0.579433164
39,39,1772226.520737622,5821554.819135025,0.067037045
40,40,1770581.153874432,5821580.402285497,0.94026959
41,41,1770816.662650142,5821554.437489698,0.866533892
42,42,1772233.656872354,5821524.960736439,0.824374998
43,43,1772294.559949683,5821550.49413448,0.9463534
44,44,1770482.875557917,5821552.274886171,0.97832877
45,45,1770418.233165159,5821494.569488548,1.032849641
46,46,1770413.925647044,5821466.843218978,1.105987368
47,47,1770376.057744929,5821448.496709632,1.573670966
48,48,1770497.5120406,5821426.417549678,1.022777786
49,49,1770481.195587679,5821416.782686576,0.981518755
50,50,1770634.49303781,5821184.249232766,0.554924525
51,51,1770863.657283057,5821154.78043792,1.138962913
52,52,1772210.014399103,5821273.213855519,0.978571863
53,53,1770618.445460102,5821135.291643001,0.622272721
54,54,1772058.26415508,5821089.838444173,0.382575017
55,55,1772016.977678955,5821001.156797345,-0.82099998
56,56,1770843.90739918,5821020.230281651,1.514878358
57,57,1772008.586045722,5820986.165594807,-0.756269214
58,58,1772071.706959622,5820986.21151028,0.777591242
59,59,1771422.966388838,5820983.271203593,1.013086965
60,60,1772056.15001676,5820975.20068254,0.611403508
61,61,1770598.958204346,5820976.19343332,0.19826613
62,62,1772183.962548724,5820975.778726643,0.781669448
63,63,1770582.378492564,5820940.79973229,0.356339279
64,64,1772252.200789735,5820896.313837837,0.263350001
65,65,1769289.597358089,5820950.620525457,0.973144204
66,66,1771626.663151507,5820899.388240656,0.667724999
67,67,1769189.276763992,5820947.629010381,0.991630279
68,68,1770565.928649012,5820911.223300855,0.445581823
69,69,1772316.276335293,5821011.256916876,0.916857973
70,70,1769091.991032366,5820932.732092031,0.969260882
71,71,1770929.525714093,5820894.135583618,1.229851857
72,72,1771657.910256848,5820878.79297187,0.365375
73,73,1768554.667981401,5820933.062526796,0.885928553
74,74,1768582.629841607,5820937.268723694,0.816490384
75,75,1769073.722642358,5820921.550499555,0.898953274
76,76,1770556.868023768,5820891.673987377,0.479230761
77,77,1772267.183551834,5820855.384088741,-0.776843134
78,78,1772457.171663904,5820852.138889476,0.940474986
79,79,1768942.642233627,5820915.148615093,0.931388888
80,80,1768958.153695061,5820914.830717759,0.711925929
81,81,1769028.258233244,5820914.09476762,0.931585364
82,82,1770921.929461373,5820874.14074832,1.982744666
83,83,1772425.472393453,5820857.882263168,0.482606044
84,84,1768930.83524441,5820904.53546088,0.873551398
85,85,1769006.888051775,5820902.742905412,0.886815954
86,86,1771712.696137964,5820847.734961324,0.2756375
87,87,1770905.093102775,5820853.81756461,1.224836727
88,88,1771741.936568754,5820841.522305489,0.690767194
89,89,1771759.981514405,5820836.777537777,0.990849993
90,90,1770548.529848936,5820856.943360444,0.42777981
91,91,1770897.562997717,5820844.729052622,1.241830223
92,92,1771973.700096657,5820832.321833455,-0.384152525
93,93,1770540.583101717,5820842.149572997,0.610363633
94,94,1768875.499145907,5820881.804360726,0.930711155
95,95,1770868.868412855,5820825.378790256,1.246310125
96,96,1772460.143471787,5820789.923996637,0.640293334
97,97,1768794.990580839,5820844.352371752,0.952725265
98,98,1771944.946006473,5820767.689681518,0.409673242
99,99,1768587.076960697,5820812.961237373,3.261821401
100,100,1768568.004679979,5820802.944330744,1.454558338
101,101,1770533.649026335,5820772.041415983,0.258555944
102,102,1772381.283345609,5820757.844472056,0.476729213
103,103,1771781.443099526,5820726.634499912,1.127660853
104,104,1771812.741502924,5820716.217628661,1.132690946
105,105,1770522.648042514,5820733.033429757,0.341207548
106,106,1771797.012209896,5820711.513191211,1.799897415
107,107,1768840.268117225,5820757.483781113,0.62249686
108,108,1771627.211994107,5820838.774111679,0.975158707
109,109,1768809.84796261,5820749.740276739,1.395573586
110,110,1768896.295370874,5820748.916213719,1.049418541
111,111,1770513.806299397,5820718.569562475,0.57056075
112,112,1768768.622007817,5820739.006628962,1.124229293
113,113,1771891.219373438,5820674.48437319,0.976772151
114,114,1768748.609999239,5820729.471265871,1.233753231
115,115,1768410.346180942,5820730.267790841,0.506090905
116,116,1768467.62647688,5820726.635801731,0.890090913
117,117,1768439.525753915,5820715.821419208,0.76303947
118,118,1768719.334895612,5820716.747221543,1.02177967
119,119,1771724.37407009,5820648.044790636,1.075569584
120,120,1772144.078406815,5820649.213434669,1.273591665
121,121,1771739.997030528,5820637.746962156,1.092675031
122,122,1768525.573442468,5820739.39274541,1.484184829
123,123,1771755.619952644,5820627.449102575,1.063116869
124,124,1768695.526450229,5820692.178419091,0.871506229
125,125,1772142.949381159,5820594.438501489,1.2292152
126,126,1768682.274216919,5820661.415894861,0.921793109
127,127,1768928.891863896,5820646.182095739,1.299285723
128,128,1770453.233453791,5820650.203648789,0.567820684
129,129,1768675.556258662,5820641.190044411,0.807210526
130,130,1768912.563865743,5820606.628054922,1.313057721
131,131,1771961.093141229,5820573.167962357,1.185580674
132,132,1771943.507987313,5820523.807975919,1.164407903
133,133,1771931.427493613,5820514.087795649,0.819664513
134,134,1772091.119707541,5820514.079676124,1.182866646
135,135,1771935.546065933,5820494.057401196,1.165607849
136,136,1772401.339154868,5820454.411003529,1.28474684
137,137,1769647.926432118,5820474.023132763,1.646308183
138,138,1769574.199795001,5820443.252516341,2.093225001
139,139,1770405.444757588,5820426.317014442,0.758259254
140,140,1771750.802448518,5820527.11183783,1.189511784
141,141,1771516.430364126,5820383.329809193,1.240870955
142,142,1771845.423371492,5820376.995633354,0.575979994
143,143,1771930.043691619,5820418.858931648,1.076602899
144,144,1769549.776313369,5820416.615888896,1.548094801
145,145,1771489.392775611,5820363.738997947,1.160400033
146,146,1772046.001132467,5820312.600538187,0.737065426
147,147,1769524.416366084,5820304.665690488,1.040166675
148,148,1772009.857036916,5820285.803195008,0.921689017
149,149,1769507.648932412,5820295.246095517,0.658499982
150,150,1771786.678523542,5820217.935326535,0.772925013
151,151,1770393.450503119,5820236.884217978,0.451741526
152,152,1771762.507924099,5820214.268190609,0.817494335
153,153,1771816.350027147,5820204.43775373,0.701520992
154,154,1771857.497001227,5820196.514228621,0.663540543
155,155,1770385.123251897,5820217.111832153,0.542549999
156,156,1771645.622409943,5820157.767864999,1.171807481
157,157,1770364.862359211,5820188.22262566,0.691864256
158,158,1770344.54138564,5820143.729840503,0.395845451
159,159,1771625.734080098,5820101.82788097,0.839500014
160,160,1772080.573896751,5820072.191116897,0.306077921
161,161,1770325.585623472,5820113.427878503,0.46345055
162,162,1771609.262764069,5820077.032236403,0.793681814
163,163,1771597.791795037,5820061.637345582,0.784036363
164,164,1770311.290834713,5820084.638224487,0.502411292
165,165,1771580.678750533,5820043.399366955,0.79819999
166,166,1771569.033383138,5820032.994250831,0.81809999
167,167,1770294.722387658,5820049.659518253,0.31781481
168,168,1770286.437702615,5820039.65068594,0.362026309
169,169,1771551.775378486,5820014.72028181,0.824174309
170,170,1770278.214212839,5820024.862109299,0.381287498
171,171,1770269.990698483,5820010.073702445,0.3921
172,172,1771518.895448783,5819967.906884321,0.768858461
173,173,1770252.610390797,5819978.982574521,0.318612963
174,174,1771495.562538632,5819934.592235404,0.742527288
175,175,1770214.764035209,5819953.571088476,0.476476618
176,176,1771479.7088621,5819900.798016497,0.692691595
177,177,1768858.780956464,5819929.622894734,1.005877192
178,178,1768831.460691548,5819920.587019418,0.979355136
179,179,1768807.51293807,5819911.105425526,0.981694439
180,180,1770195.907096091,5819886.950769505,0.500359648
181,181,1771455.051025961,5819860.330963155,0.631405648
182,182,1768783.565242612,5819901.623763823,1.016240739
183,183,1768762.990045966,5819891.696422352,1.037454538
184,184,1768737.907771263,5819882.93902911,1.047607368
185,185,1771434.016584586,5819835.547104754,0.630469585
186,186,1772271.81424387,5820233.233926118,1.00648454
187,187,1768596.533296764,5819874.95141845,1.225899726
188,188,1768710.620565333,5819871.473964181,1.097418774
189,189,1770179.048803734,5819837.437627393,0.518982452
190,190,1771406.134502599,5819807.227815317,0.579285716
191,191,1771397.84862866,5819797.220058165,0.504650002
192,192,1769787.046543064,5819820.592776979,0.858459114
193,193,1769767.632140943,5819811.020519815,0.760959978
194,194,1769854.375585379,5819813.974913943,1.52130273
195,195,1771380.050745525,5819786.174565051,0.470428026
196,196,1769838.656967544,5819799.584711567,1.031000012
197,197,1771348.450032198,5819769.239013718,0.415950621
198,198,1771330.180860467,5819758.062647479,0.398490739
199,199,1771287.282173959,5819750.384425319,0.517352202
200,200,1771255.417253015,5819741.074362286,0.612753162
201,201,1769814.091805418,5819760.202109987,0.93271998
202,202,1771197.246914741,5819732.49249788,0.694290119
203,203,1771169.956325865,5819721.035470457,0.594178581
204,204,1770107.34073003,5819706.762001713,0.269585191
205,205,1768742.173527127,5819632.846424758,1.07754717
206,206,1768784.926356087,5819638.821948211,0.949925574
207,207,1768733.891307559,5819622.83605347,1.062000003
208,208,1768725.77292546,5819613.029879311,1.059825043
209,209,1768685.012487196,5819583.948181331,1.33702038
210,210,1768677.471321857,5819574.13039193,1.363434191
211,211,1768666.704604633,5819563.979720993,1.257556544
212,212,1769983.593986425,5819557.14969018,0.242356771
213,213,1772092.715088883,5819334.188662549,0.383727269
214,214,1768745.024785738,5819393.248247643,0.434499997
215,215,1772030.622165135,5819326.032302951,0.208493669
216,216,1772065.3926139,5819325.163442628,0.292467287
217,217,1768736.702508987,5819373.474340388,0.439620252
218,218,1768727.787862398,5819340.40919652,0.388372886
219,219,1768711.966735092,5819299.760912928,0.361330267
220,220,1768054.269251651,5819297.672003828,0.805074997
221,221,1772066.630263114,5819214.856954006,0.940860768
222,222,1768002.624418392,5819290.865205471,0.853268246
223,223,1772050.594265026,5819205.219461097,1.615909052
224,224,1767937.317820244,5819274.309646029,0.896006386
225,225,1768181.349802106,5819255.917883179,0.790740502
226,226,1767803.634070919,5819255.704267227,1.045614507
227,227,1767831.258777744,5819232.413066661,1.048670908
228,228,1768630.516136276,5819206.329170596,0.574830187
229,229,1768622.234331025,5819196.318751681,0.606150007
230,230,1769881.697335325,5818861.996505057,0.507723074
231,231,1770000.005881476,5818829.156969019,-0.023618182
232,232,1769983.922926552,5818809.336556448,0.284474998
233,233,1769979.052137279,5818789.701252524,0.166606549
234,234,1769967.730168562,5818776.422684086,-0.16278761
235,235,1768210.081530972,5818785.913594842,0.663050005
236,236,1767811.983786441,5818861.35136059,1.476962343
237,237,1767679.325086432,5818769.310529799,0.617341774
238,238,1767587.160999582,5818758.720820771,0.363272726
239,239,1767510.553003193,5818746.046068789,0.539819999
240,240,1768183.168716965,5818736.08015574,0.621373874
241,241,1769284.307939542,5818674.366725856,0.252333331
242,242,1767579.292522161,5818652.116659413,3.247121793
243,243,1767565.071417605,5818629.532817738,1.111199974
244,244,1767252.642662685,5818646.688344467,1.258711269
245,245,1767715.289736687,5818591.57338743,0.887299375
246,246,1767849.557306375,5818584.060299531,0.873722224
247,247,1767342.862695468,5818574.217321933,0.6411125
248,248,1767438.794614917,5818587.341026464,1.786579798
249,249,1767358.48654233,5818563.927817959,0.548486851
250,250,1767825.146019376,5818543.734294204,0.853754721
251,251,1767535.87836434,5818577.327970906,1.777429031
252,252,1767817.621585471,5818534.64260026,0.835288468
253,253,1767445.892555913,5818531.454748381,1.287963217
254,254,1767681.115293111,5818499.571230307,1.293294624
255,255,1768060.535898487,5818434.674441376,1.150249981
256,256,1772554.802441419,5818337.253596663,0.820821428
257,257,1768123.419930015,5818418.713384397,0.796870144
258,258,1772435.888224743,5818329.355922258,1.663436393
259,259,1772297.273031658,5818327.694089712,0.949370212
260,260,1772495.400613027,5818328.317579655,1.134732032
261,261,1767735.654337538,5818406.878272928,0.969847802
262,262,1768075.351132518,5818399.944488023,0.917391876
263,263,1767630.12637366,5818354.768639117,0.899954812
264,264,1767714.923910128,5818364.248023599,1.743654339
265,265,1768045.645715999,5818365.732604315,1.228510053
266,266,1767644.041859822,5818323.147889356,0.89747264
267,267,1767672.128902423,5818322.099383859,1.111334064
268,268,1767645.984389662,5818298.079655541,1.200596124
269,269,1772180.02694837,5818242.977670042,0.877974739
270,270,1768228.539457945,5818209.596879835,0.330355767
271,271,1768213.694661846,5818187.510783573,0.327772152
272,272,1768178.261579823,5818157.981451529,0.62174326
273,273,1768124.414796604,5818079.359281164,0.674543193
274,274,1768098.872921576,5818005.369693511,0.238736844
275,275,1769727.620533821,5817897.173599151,0.602468359
276,276,1768052.375411269,5817956.92459765,0.785829304
277,277,1767979.04738373,5817844.145148281,0.65303457
278,278,1769566.495136034,5817760.881062848,4.508857114
279,279,1767910.538851697,5817793.292531998,0.407667346
280,280,1767847.694415338,5817785.268981825,0.346265791
281,281,1767811.648302986,5817774.107466489,0.836034003
282,282,1767785.160803634,5817746.778610966,0.73437255
283,283,1767777.060131647,5817737.698651488,0.7925875
284,284,1769459.817985128,5817683.299169345,1.317763436
285,285,1769509.451246906,5817681.550543169,0.947690892
286,286,1769429.829459893,5817674.774164201,2.733904791
287,287,1769525.085912955,5817671.983319293,0.782887488
288,288,1769404.987466646,5817658.48407939,3.463111123
289,289,1767749.96679467,5817687.383480314,0.677756462
290,290,1769341.666214057,5817605.951445159,2.208813336
291,291,1767719.604152156,5817629.383313999,0.483454546
292,292,1769325.636343086,5817596.308898101,3.290333313
293,293,1763656.098652211,5817690.989289789,0.415356254
294,294,1763723.253388576,5817684.66851377,0.699825004
295,295,1763698.343735759,5817686.964188006,0.924109341
296,296,1767698.530199664,5817600.29127316,0.495638338
297,297,1769260.644360811,5817557.900217658,0.981879625
298,298,1763714.98948315,5817667.135327713,0.273095745
299,299,1763730.522288416,5817660.119853872,2.98858986
300,300,1769181.371843459,5817509.524113281,3.813802793
301,301,1769205.108500791,5817509.036414197,1.700274987
302,302,1769130.19180368,5817506.605816611,1.801971113
303,303,1764212.697993369,5817590.161931009,0.548313732
304,304,1767634.635301014,5817547.49126038,0.341377099
305,305,1764195.743742025,5817570.763944605,0.461473673
306,306,1769069.679860062,5817466.943075302,0.535764329
307,307,1763712.235280787,5817593.498113781,0.912679996
308,308,1764177.185378436,5817555.423023691,0.44159783
309,309,1769059.139349383,5817448.720949316,1.356610076
310,310,1767535.412200291,5817481.989051477,0.775553951
311,311,1767475.774760775,5817454.240965706,0.92857548
312,312,1764132.424488043,5817529.348628522,0.510825399
313,313,1763739.565349385,5817509.836376283,0.773571429
314,314,1764091.487669915,5817502.62333021,0.578207556
315,315,1764083.505885026,5817483.254059593,0.494905662
316,316,1769060.130547723,5817387.361410246,1.745162505
317,317,1770150.189148271,5817350.738219464,1.4509909
318,318,1770400.923080662,5817344.765641452,0.825874997
319,319,1765724.890870363,5817440.199022217,2.601405417
320,320,1770119.837612458,5817340.605379158,1.039949994
321,321,1770634.10848761,5817329.237280257,0.848313729
322,322,1764053.919914647,5817462.974014122,0.52446767
323,323,1770103.822530312,5817331.691087887,0.974921585
324,324,1770424.491884725,5817332.615915243,1.314737999
325,325,1770626.004900564,5817320.160023914,1.947625016
326,326,1767579.977763783,5817384.887138106,2.215122546
327,327,1769038.398748022,5817358.055878907,1.655110387
328,328,1763987.241360278,5817434.89674216,0.709518518
329,329,1764010.433302417,5817443.171428327,0.640198278
330,330,1770688.873254216,5817298.185229314,1.171384589
331,331,1764556.868729522,5817413.768696293,0.456612491
332,332,1764549.334473732,5817403.947328409,0.364750009
333,333,1763749.295625267,5817410.131860022,0.703685202
334,334,1763954.374938798,5817416.130332597,0.798368417
335,335,1765704.32012174,5817370.281684994,1.598919671
336,336,1769026.509689026,5817293.43793593,1.940656722
337,337,1763724.899727436,5817382.064672906,0.751184282
338,338,1763905.01325853,5817384.005714965,1.024471772
339,339,1765695.146887372,5817330.901894681,0.920035095
340,340,1771185.89807281,5817218.78774304,2.009355187
341,341,1771169.853854308,5817209.167029697,2.250538491
342,342,1771312.390883318,5817207.482691254,1.307655167
343,343,1764219.019509355,5817340.738176958,0.906037493
344,344,1764199.035501842,5817331.171526241,1.310179494
345,345,1764119.708898988,5817322.047278312,0.7100625
346,346,1764581.112295659,5817318.579156203,1.314416189
347,347,1765677.928193433,5817295.983371982,0.857180168
348,348,1771398.677156324,5817173.744568297,0.886615377
349,349,1764151.387870521,5817313.778662216,5.746750057
350,350,1764182.968588411,5817319.020202578,1.223278485
351,351,1771050.358595651,5817171.742741118,0.917475017
352,352,1764004.604123008,5817305.124047172,0.848923069
353,353,1764522.747162565,5817294.82128088,0.558803341
354,354,1765661.984409179,5817272.153217567,0.805781824
355,355,1771026.415676829,5817162.267741941,1.111181804
356,356,1771113.4471676,5817160.45910894,1.309270326
357,357,1771418.877895936,5817160.624824901,1.098614473
358,358,1764301.424856265,5817293.397578999,3.997224498
359,359,1764506.808162773,5817285.133670618,0.342649997
360,360,1770970.661076792,5817153.245536708,1.773018172
361,361,1771093.459859285,5817150.902252896,1.786225817
362,362,1763968.603780749,5817285.897235385,0.636948718
363,363,1764498.696956515,5817275.324025092,0.692949995
364,364,1767623.882921596,5817212.294637528,-9999.0
365,365,1768974.991570328,5817192.157587096,2.943857904
366,366,1763928.846216942,5817276.716837869,0.163250001
367,367,1764300.125135973,5817269.316810449,0.72721278
368,368,1770989.593752053,5817138.419928159,2.76919649
369,369,1763904.91245783,5817267.22120953,0.336349996
370,370,1767599.741235161,5817192.842122087,-9999.0
371,371,1768961.160062413,5817165.017855863,1.255403844
372,372,1764487.910698287,5817256.087066971,1.113264707
373,373,1764474.009447894,5817236.137235709,0.403218179
374,374,1767579.555742463,5817173.308500625,-0.591599982
375,375,1765612.069558179,5817221.058901432,0.646220449
376,376,1764281.226053163,5817223.838987787,0.422724141
377,377,1771578.590500814,5817071.000668995,1.064974043
378,378,1771592.21986174,5817058.306837335,2.09694008
379,379,1764257.938008992,5817202.017061736,0.557105123
380,380,1771629.610906634,5817045.057949807,1.667394205
381,381,1764259.353246135,5817180.383006172,0.717649985
382,382,1765519.754624778,5817176.948782682,0.680847227
383,383,1767516.496344275,5817102.462966213,1.165399634
384,384,1765948.893536816,5817073.504557961,1.514842881
385,385,1768826.766667706,5817008.219090328,0.924643751
386,386,1765447.679449368,5817107.300755734,0.492736748
387,387,1765820.961818449,5817079.583880359,1.608054133
388,388,1768788.228992644,5816995.214188773,1.627969327
389,389,1765388.207437729,5817051.308451,0.331335675
390,390,1768616.493539869,5816982.611521529,0.845421049
391,391,1768743.08066045,5816980.018046923,1.538037515
392,392,1765709.60144648,5817034.531309758,1.610814471
393,393,1765688.77265579,5817022.105852828,1.160000002
394,394,1768600.702111155,5816968.392171969,2.226101613
395,395,1765680.660415852,5817012.296879265,1.251899976
396,396,1768572.367081626,5816953.598474916,1.71134753
397,397,1765321.334267397,5817028.960761994,0.375296889
398,398,1765672.548176215,5817002.488237542,1.280356161
399,399,1767424.324004592,5817004.629679605,0.643636303
400,400,1768528.633871229,5816943.794490671,1.124000004
401,401,1768552.383750423,5816944.035417999,2.173470569
402,402,1768378.123469685,5816937.628948891,0.927774978
403,403,1768445.202550677,5816943.824119865,1.706093654
404,404,1771792.014555692,5816867.452652233,0.790090903
405,405,1771819.698153868,5816866.524362214,0.920025634
406,406,1765251.198238723,5816999.372533673,0.40837267
407,407,1771761.991558919,5816861.634223721,0.756274671
408,408,1765652.02469174,5816984.619682738,1.468523006
409,409,1771744.121235472,5816848.156451762,0.62809999
410,410,1765564.939524252,5816964.765368823,2.143375003
411,411,1765548.748772494,5816955.218904747,2.016807709
412,412,1765616.314796902,5816961.238786736,1.586464955
413,413,1767305.572631635,5816919.40033221,1.143878379
414,414,1767360.660548763,5816918.135446488,-0.747458318
415,415,1765173.799131937,5816969.594882813,0.536152023
416,416,1767346.42404608,5816908.80329234,-0.650340425
417,417,1771700.814310282,5816827.973235255,0.548613377
418,418,1771667.964983898,5816809.647375867,0.503660713
419,419,1765534.603994848,5816936.597048057,1.409844155
420,420,1767292.539198223,5816898.477256527,0.017679066
421,421,1765520.268348695,5816916.011317831,0.615854527
422,422,1771636.23085145,5816790.779727794,0.344625003
423,423,1767251.468896157,5816880.816488891,0.32161577
424,424,1771627.783430907,5816780.567911972,0.246272721
425,425,1771611.761104377,5816771.345024859,0.217924524
426,426,1771583.376331025,5816752.459305702,0.1322243
427,427,1764731.323435844,5816881.767338275,-0.41485385
428,428,1764768.612419006,5816891.752406291,-0.054624193
429,429,1765073.625934907,5816918.318358479,0.524118387
430,430,1771555.704456204,5816732.415966295,0.086149068
431,431,1765023.95294739,5816828.622249919,-0.190907632
432,432,1765510.062070145,5816766.458310531,2.809450989
433,433,1771481.083941547,5816682.484502703,0.189026236
434,434,1765493.327749615,5816757.000895821,0.751555555
435,435,1771423.088234823,5816635.453929507,0.140702532
436,436,1771411.013499795,5816625.733525311,0.047575
437,437,1765501.218644865,5816737.016384772,3.229065258
438,438,1771380.388004764,5816611.526863393,0.045621484
439,439,1771242.513476938,5816598.791436701,0.310870267
440,440,1771196.212736179,5816580.549085265,0.4022
441,441,1771180.502014236,5816570.903409482,0.476555558
442,442,1767238.964513836,5816676.90963649,0.111865219
443,443,1771164.308003162,5816561.059989831,0.473184872
444,444,1765478.503565195,5816694.477185474,1.653365519
445,445,1771148.278215552,5816551.420881492,0.393721512
446,446,1765459.670473583,5816657.541911802,0.652785706
447,447,1768410.593182124,5816598.118066108,0.832037742
448,448,1771137.51203146,5816541.273144429,0.025351335
449,449,1772315.903155693,5816517.090364223,0.358143936
450,450,1772217.16795664,5816509.911230856,0.269503182
451,451,1772294.845575335,5816507.350913951,0.212857144
452,452,1765467.599964164,5816637.953887945,1.974340935
453,453,1766021.133336258,5816626.501415764,0.981756427
454,454,1768410.325889578,5816577.244251711,0.882884615
455,455,1764739.253290444,5816656.59808901,1.028811243
456,456,1765451.336636028,5816628.72828097,0.657269233
457,457,1767219.051834878,5816610.428875737,-0.135377175
458,458,1765974.926501327,5816611.478122052,0.618030696
459,459,1768399.918507193,5816564.706246564,0.872624994
460,460,1764849.668083967,5816620.127578369,0.365724989
461,461,1765459.409446082,5816607.894900124,3.269133324
462,462,1768385.839762154,5816548.763455427,0.809872724
463,463,1764712.10143302,5816620.458486195,0.356855469
464,464,1768393.663998764,5816538.470413332,0.995935062
465,465,1764878.129488209,5816602.07559873,1.246405242
466,466,1764690.945093506,5816598.374600084,0.4842125
467,467,1765442.156322539,5816581.656676055,0.785369759
468,468,1764679.870903731,5816583.638209409,0.60575939
469,469,1764702.387448933,5816585.175090846,0.762422231
470,470,1765449.932271755,5816568.371602813,3.171218191
471,471,1765861.502407288,5816559.915138963,0.215500002
472,472,1765881.280159771,5816559.516727936,0.249170889
473,473,1765921.758180195,5816578.715404678,0.375292061
474,474,1766106.626746102,5816555.126952772,1.998487182
475,475,1767198.319210567,5816537.85814158,0.067364487
476,476,1765434.674153314,5816558.532017095,0.827294128
477,477,1768365.626789307,5816499.692470755,1.1354299
478,478,1765441.808149251,5816548.416645729,2.441729734
479,479,1765433.696654971,5816538.607660186,1.43865003
480,480,1768368.936295846,5816479.460622613,4.065000057
481,481,1770884.513054606,5816427.259725193,-0.841666599
482,482,1770828.705603729,5816407.746177958,-0.311095191
483,483,1765031.371649237,5816521.792061182,0.516447765
484,484,1770812.676331943,5816398.106451171,-0.373685687
485,485,1770768.559647251,5816369.831467446,-0.390329523
486,486,1770513.563489578,5816371.239769691,0.856058094
487,487,1770756.485867963,5816360.109412173,-0.318098033
488,488,1770744.412359186,5816350.388065504,-0.50319669
489,489,1765395.413390506,5816488.964928901,1.610293322
490,490,1770502.338798713,5816345.433391798,0.658300015
491,491,1770732.3388749,5816340.666140749,-0.527909052
492,492,1765360.49381702,5816440.3584775,0.710723685
493,493,1770720.265419446,5816330.944195326,-0.368523775
494,494,1765012.706692446,5816462.29554591,0.179008402
495,495,1765368.204635452,5816430.231578407,2.684769232
496,496,1769141.790785818,5816353.557686505,4.577837184
497,497,1770708.191992325,5816321.222236853,-0.507534228
498,498,1770692.163034993,5816311.582284918,0.188113952
499,499,1769125.866170444,5816348.898780938,0.146715189
500,500,1770676.119045257,5816301.215464219,-0.587499959
501,501,1764997.687698585,5816421.111499002,0.064119049
502,502,1765755.822327887,5816491.218315119,-0.115529141
503,503,1769132.409785751,5816324.033389037,0.378015385
504,504,1770485.905737116,5816296.119830394,0.448818182
505,505,1764982.896056123,5816400.844797249,0.122058333
506,506,1765652.200392938,5816384.633353168,-0.476674978
507,507,1769121.19382125,5816314.091899272,0.09334375
508,508,1764971.653035318,5816388.328562884,0.128524998
509,509,1765644.088783893,5816374.824569494,-0.505850004
510,510,1765635.977193721,5816365.015778332,-0.5531
511,511,1765628.442465696,5816355.195371426,-0.572722218
512,512,1769108.938381323,5816294.312513491,0.115514768
513,513,1770452.17346452,5816264.263799532,0.522341365
514,514,1764955.038208419,5816367.262734967,0.154902776
515,515,1769028.820934316,5816276.100285743,0.402499995
516,516,1770419.566966723,5816247.424114502,0.554258061
517,517,1764931.143616416,5816349.460187176,0.193074074
518,518,1765330.650502566,5816386.703510997,1.335528472
519,519,1768969.860448871,5816267.338567373,0.371229559
520,520,1769100.392264015,5816264.658031879,0.443076924
521,521,1770381.97887839,5816238.229912896,0.170433332
522,522,1768950.455150791,5816257.76466158,0.369581817
523,523,1770278.773832362,5816230.600974993,0.570175435
524,524,1770326.972202902,5816229.39600549,0.255673467
525,525,1770342.217410768,5816229.080528554,0.192924998
526,526,1764910.687740801,5816330.393521017,0.152440369
527,527,1765599.375371476,5816315.891752036,-0.62872612
528,528,1770262.745591627,5816220.960209291,0.672928571
529,529,1764898.892372312,5816319.774921849,0.13656364
530,530,1765294.712793796,5816322.368481276,1.823091292
531,531,1769448.438485679,5816227.583771592,0.174884612
532,532,1764872.894896678,5816304.935206578,0.131299694
533,533,1767287.914140338,5816251.624421846,-0.408072712
534,534,1769426.492087319,5816214.739176092,0.028358334
535,535,1764823.303509088,5816291.580684853,0.332158727
536,536,1765578.795798122,5816276.417747816,-0.834874999
537,537,1768932.673418305,5816198.503962359,-0.038629632
538,538,1769101.821198384,5816201.522873549,-0.028940856
539,539,1769392.240973279,5816188.851398573,-0.234963632
540,540,1769407.072866258,5816196.518548902,-0.128921709
541,541,1764803.226881104,5816277.024739259,0.334312499
542,542,1765562.573241333,5816256.800192297,-0.871985918
543,543,1764784.676942184,5816269.372943824,0.543385465
544,544,1768932.996495413,5816178.345104521,-0.208187512
545,545,1769365.49239236,5816175.495180807,-0.385648875
546,546,1769327.761301901,5816160.261316598,-0.185750004
547,547,1769319.645323504,5816150.456010916,-0.162620254
548,548,1765205.430317641,5816244.306411727,1.537554144
549,549,1765537.461628645,5816217.417349104,-0.974999964
550,550,1769307.581367737,5816141.082253559,0.118608697
551,551,1768915.624145703,5816139.020446154,0.194129632
552,552,1765529.726663318,5816197.62815298,-9999.0
553,553,1764713.412740669,5816224.029718573,0.593973992
554,554,1770272.700039743,5816108.778629176,0.989173652
555,555,1768884.785049384,5816100.907302756,0.509823776
556,556,1764625.377505983,5816176.336769262,0.660764607
557,557,1768855.220894321,5816080.218664845,0.400000004
558,558,1773050.183662189,5815996.736202935,0.079230469
559,559,1768839.628979734,5816069.891081957,0.277327102
560,560,1770259.268361485,5816036.962468193,0.060976192
561,561,1766397.873159036,5816078.890325606,-0.636893628
562,562,1766500.272828329,5816076.023755129,-0.448137945
563,563,1770242.181549132,5815992.022096025,0.061830186
564,564,1770241.769189957,5815972.085973009,-0.07598181
565,565,1770225.113850957,5815952.278048389,0.423255324
566,566,1768674.57156391,5815954.283521573,0.272118423
567,567,1768638.871174136,5815950.02901997,0.189768751
568,568,1770208.889227439,5815912.93205099,0.077767857
569,569,1768784.693247085,5815921.3824268,-0.703183647
570,570,1770200.885551206,5815893.152917434,0.074462964
571,571,1770192.501712056,5815878.160048423,0.135692307
572,572,1771530.225132765,5815856.637752802,1.016856624
573,573,1771624.224585966,5815842.72298957,1.355962976
574,574,1770184.11790205,5815863.167163538,0.235648148
575,575,1771498.031353911,5815836.10114372,0.82812501
576,576,1771687.33144211,5815815.66643336,2.60780001
577,577,1770175.578040525,5815838.620310463,0.333045042
578,578,1764749.318554905,5815933.306909008,-0.862499967
579,579,1770175.34063581,5815813.694790702,0.374724991
580,580,1771758.212753874,5815782.391956059,1.427200009
581,581,1769637.228093909,5815815.557888984,0.510745453
582,582,1769653.034369496,5815814.505172608,1.307468334
583,583,1770167.978328907,5815803.992656413,1.513655717
584,584,1770729.041614313,5815792.462640519,0.775351847
585,585,1769571.523013569,5815812.731970773,1.701342248
586,586,1770182.839017437,5815793.595092479,0.276512502
587,587,1764544.680045625,5815884.705357935,-9999.0
588,588,1769555.94997345,5815791.536717584,1.007171418
589,589,1764491.716016119,5815869.861537428,-0.897714238
590,590,1764478.325287319,5815859.715599962,-9999.0
591,591,1767451.417332117,5815730.16416718,-0.541092608
592,592,1770172.233906162,5815663.446995514,0.392576932
593,593,1770164.132350355,5815654.369336122,0.316549997
594,594,1773383.865794636,5815587.37316581,0.976690901
595,595,1770156.015784015,5815644.564830495,0.235088608
596,596,1767427.015156711,5815705.522529607,-0.162974361
597,597,1773375.386564894,5815568.126121091,0.88793751
598,598,1767025.822375353,5815688.389452006,-0.206351
599,599,1763953.652281612,5815740.549442346,0.368307698
600,600,1767395.258236111,5815676.300032914,-0.22699675
601,601,1770139.904734485,5815630.967458203,0.920384768
602,602,1767132.920399182,5815664.525680484,-0.059454543
603,603,1763996.905762714,5815735.933731616,1.207911305
604,604,1767329.291048542,5815637.978868946,-0.282178668
605,605,1769460.458834331,5815573.279171423,1.461562494
606,606,1767264.871375525,5815598.856612026,-0.288519927
607,607,1770770.291541115,5815492.020291292,-0.367410719
608,608,1772090.910115202,5815444.980083978,0.97498214
609,609,1769449.210440622,5815502.304801929,3.133636366
610,610,1772082.463356334,5815434.768742499,0.98226415
611,611,1763948.930810875,5815601.309545144,-0.251972604
612,612,1772960.418680158,5815396.833228082,0.628436364
613,613,1770737.202510357,5815422.900309026,0.048890917
614,614,1772061.583923129,5815396.198476957,1.012275222
615,615,1772948.594014047,5815379.902529617,0.502164025
616,616,1772935.302955365,5815352.276987773,0.50214019
617,617,1770720.017744969,5815378.588941708,0.65366087
618,618,1772915.012545155,5815311.690612582,0.557310792
619,619,1772886.644108752,5815268.266515197,0.460052631
620,620,1763947.117900089,5815441.521972612,-9999.0
621,621,1763931.676010353,5815431.857438465,-9999.0
622,622,1769238.76686153,5815324.421472981,0.743320758
623,623,1763925.34364648,5815402.067849865,-9999.0
624,624,1770053.313273544,5815277.919483084,0.729636367
625,625,1770559.35345729,5815257.473814256,1.030773583
626,626,1772870.361415981,5815225.536766393,0.387070136
627,627,1763914.764049096,5815377.349133581,-9999.0
628,628,1770036.875128623,5815248.342201132,0.620127274
629,629,1763803.527911561,5815354.633931131,-0.660460521
630,630,1770013.594743645,5815230.363772019,0.345857137
631,631,1772837.071465533,5815175.461512961,0.367920002
632,632,1763767.734527654,5815345.374746443,-0.150559758
633,633,1769973.70895544,5815219.522506878,0.410529404
634,634,1769988.952269692,5815219.207619916,0.3383
635,635,1770487.129925022,5815209.108730881,0.317200002
636,636,1763751.716239154,5815335.721610781,0.204825002
637,637,1763739.652960773,5815325.989751452,0.344275
638,638,1769126.348399489,5815217.037912406,0.4983
639,639,1769946.778228995,5815207.730216118,0.327968888
640,640,1772819.953384344,5815135.305046009,0.30081196
641,641,1763723.535579148,5815311.352584325,0.312787093
642,642,1772811.843385197,5815120.308846065,0.233571426
643,643,1770469.587271867,5815159.612544768,2.12369697
644,644,1763715.129920882,5815286.589746524,0.089950002
645,645,1765289.202956968,5815255.121853487,0.899150009
646,646,1765352.482362137,5815253.85049913,0.454052634
647,647,1765138.042689847,5815248.97738616,0.098155171
648,648,1772803.295906072,5815095.764834377,0.156700936
649,649,1765130.111785298,5815238.966934936,0.100919355
650,650,1769109.289042892,5815157.567698066,0.579506325
651,651,1770458.183456717,5815139.076975521,0.996378986
652,652,1772257.469876843,5815092.250953302,0.940855268
653,653,1771576.879391362,5815095.450902469,1.67688889
654,654,1771584.860025014,5815086.151789135,1.165527266
655,655,1773428.792272664,5815038.455590754,0.794301884
656,656,1773566.37895917,5815034.152072421,0.727596333
657,657,1773542.434415539,5815025.944120576,0.69976634
658,658,1771654.73929575,5815054.83610082,2.6952113
659,659,1772936.704503011,5815017.818606664,1.207583323
660,660,1764876.089385843,5815173.661373798,0.302099994
661,661,1771632.289375046,5815060.022527444,1.301698082
662,662,1772888.648620026,5815009.413239,0.609203694
663,663,1764828.430708901,5815164.644760703,0.132368422
664,664,1771622.643846672,5815015.972270947,0.807245283
665,665,1772872.410086426,5814989.809193641,0.557481478
666,666,1770697.2897634,5815024.833554628,0.976446419
667,667,1770874.899895394,5815011.382115972,0.933704392
668,668,1770838.736282472,5814992.396096495,0.997592571
669,669,1764716.87671214,5815111.431131933,0.22624911
670,670,1765681.487944953,5815087.679916441,0.55632895
671,671,1770680.487836168,5814985.500309089,1.00086485
672,672,1764696.52199096,5815097.482241737,0.439920005
673,673,1765702.153164095,5815077.291730867,0.289461539
674,674,1770387.461702311,5814981.809088049,0.414094343
675,675,1764676.548106211,5815087.910046178,0.153773334
676,676,1765056.215976385,5815080.302434571,-0.210175006
677,677,1765723.266129758,5815066.49558149,0.112135131
678,678,1764656.574269888,5815078.337799748,0.335181816
679,679,1764636.600564762,5815068.7654467,0.254307691
680,680,1765008.357672285,5815061.318538456,0.425074996
681,681,1764608.717026369,5815059.351414167,0.046691824
682,682,1770109.741102312,5814937.488007184,0.916246755
683,683,1770963.999215044,5814919.779988302,1.079374994
684,684,1773051.610370267,5814876.136784578,-0.843905677
685,685,1764572.724599974,5815040.127030257,0.057599998
686,686,1773680.589656617,5814842.587804406,0.97040001
687,687,1769753.185931827,5814914.933098575,0.971349994
688,688,1770101.090289518,5814908.023142233,0.741846156
689,689,1764552.213742613,5815020.17824585,0.250291263
690,690,1772814.631944352,5814841.227610708,0.55915385
691,691,1773668.311530592,5814823.252427506,1.20589996
692,692,1769056.838673855,5814909.083334624,1.762358989
693,693,1770084.827663024,5814888.347256072,0.579490909
694,694,1772797.44953325,5814831.615979134,0.573450969
695,695,1773035.961384935,5814832.160858314,-0.053678891
696,696,1773652.281568571,5814813.618198167,0.935999984
697,697,1770654.11917256,5814891.285617013,1.141595739
698,698,1773636.251644922,5814803.983938782,1.183800011
699,699,1764501.908939863,5814991.189205482,1.182219704
700,700,1769823.535508019,5814872.865067907,0.896102038
701,701,1770269.199566789,5814867.705470903,0.335327589
702,702,1773620.221759644,5814794.349649359,1.208199985
703,703,1769427.676994191,5814878.422253452,0.601529409
704,704,1769737.623882995,5814884.568942195,0.40770283
705,705,1773034.535102175,5814796.923407299,0.184981818
706,706,1769815.421761607,5814859.237051468,0.753660007
707,707,1769965.358057046,5814850.926790715,-0.082472724
708,708,1770060.414656524,5814848.027655772,0.816750011
709,709,1770052.314149231,5814838.949849906,1.029749998
710,710,1769708.242955149,5814846.054189748,0.466047622
711,711,1769949.437566399,5814830.895495922,0.071811321
712,712,1770044.775118276,5814829.133439418,1.628183687
713,713,1763383.896272395,5814944.157014477,-0.942999959
714,714,1769407.55159418,5814824.498160268,0.53279736
715,715,1769941.124689213,5814811.538066848,0.097290911
716,716,1765857.364710169,5814896.093647837,1.09131698
717,717,1769932.845426267,5814801.528976106,0.158088609
718,718,1770035.176009567,5814799.618013891,3.180176475
719,719,1770312.508107593,5814793.678527653,0.52530264
720,720,1770328.636944485,5814808.303178056,0.668803804
721,721,1772994.048103546,5814737.93961263,0.154214286
722,722,1773507.998308462,5814726.181938477,-0.488905673
723,723,1765918.514921403,5814873.490483918,1.232442959
724,724,1769397.48961952,5814805.920817011,0.536991633
725,725,1770643.87885241,5814801.058743269,0.727136112
726,726,1765940.260898733,5814863.079857353,0.92566304
727,727,1769921.325321989,5814785.276229589,0.246545451
728,728,1770288.46969601,5814779.217580389,0.619198719
729,729,1769381.328341227,5814789.633068748,0.59255084
730,730,1770306.753554911,5814770.528831256,0.554175006
731,731,1772985.34268369,5814721.446790715,0.24760526
732,732,1773483.654141385,5814697.504612583,-0.113064105
733,733,1765965.507997324,5814847.670625328,1.076904389
734,734,1770635.61465085,5814737.329585152,0.316363636
735,735,1764421.019982951,5814917.247619119,0.91390763
736,736,1769109.177730519,5814758.874214862,0.268111112
737,737,1769900.256429156,5814747.980352802,0.325214289
738,738,1769100.709435192,5814739.62312052,0.19992308
739,739,1764386.0202546,5814824.698966132,3.899999927
740,740,1769955.297655664,5814711.314276175,0.171418186
741,741,1769883.432203666,5814707.812086018,0.395160249
742,742,1771236.178213317,5814690.47066921,0.95189238
743,743,1762377.021469103,5814844.42774788,-0.247545446
744,744,1769694.892886559,5814738.629648495,0.662399648
745,745,1769693.397266613,5814701.761907014,0.684365371
746,746,1770628.026161445,5814701.557858646,0.508284171
747,747,1766102.17643471,5814760.091667356,0.380800001
748,748,1769086.829151656,5814705.940304829,0.813183332
749,749,1762218.439798694,5814827.612236045,1.900973336
750,750,1766123.072795844,5814750.096775163,0.177277312
751,751,1769872.897632607,5814676.686203686,1.253767854
752,752,1762249.880693851,5814817.020809808,1.491499977
753,753,1770625.566064123,5814651.993725099,0.59086916
754,754,1764131.968056322,5814769.92479567,2.502018265
755,755,1764195.399061019,5814768.451057397,1.515842129
756,756,1766441.678916757,5814723.314263567,0.384024989
757,757,1769067.622435867,5814669.769577791,0.932468349
758,758,1764092.377675626,5814760.53454616,2.924142235
759,759,1764150.568070543,5814760.997804277,2.222690849
760,760,1769051.598582115,5814660.127091707,1.029230779
761,761,1764064.318319736,5814750.891871326,4.596192622
762,762,1766441.275749369,5814703.378225794,0.579074995
763,763,1771329.339468769,5814603.762679219,0.604686281
764,764,1764047.989640899,5814741.764324441,4.037751842
765,765,1769043.264537426,5814639.626654734,0.695788449
766,766,1769034.960487227,5814620.57959013,0.302886081
767,767,1769882.025754663,5814597.84975565,1.662393448
768,768,1769902.949088969,5814607.540493535,0.613899278
769,769,1766395.581849802,5814661.090115652,0.815172259
770,770,1773133.16308614,5814549.089846069,0.113742187
771,771,1763988.164465527,5814692.809142858,1.569174959
772,772,1763995.875122391,5814682.683315113,3.904625025
773,773,1766372.291039191,5814635.178767355,1.276099346
774,774,1763982.762968971,5814661.827982125,4.040619914
775,775,1770773.021484389,5814495.141368863,1.012545476
776,776,1766306.966528747,5814583.105214477,1.111905972
777,777,1764235.506633464,5814603.27100563,-9999.0
778,778,1766296.08502512,5814566.704888788,1.119574989
779,779,1770741.125537738,5814475.650890128,1.039728027
780,780,1771302.768193449,5814459.614836145,0.512537191
781,781,1766278.322309228,5814552.14486877,1.024528565
782,782,1770720.297386352,5814461.982982763,1.596756277
783,783,1771871.592464023,5814432.373420915,0.824037051
784,784,1767893.154508402,5814504.350004531,1.151912481
785,785,1770709.444300801,5814446.391220448,1.042519235
786,786,1766263.398106216,5814517.557597098,1.152986301
787,787,1766817.195822043,5814506.744294831,0.342342872
788,788,1763938.892293233,5814600.866571089,3.394346168
789,789,1764483.663098112,5814543.309894352,0.744799991
790,790,1771285.444415903,5814411.142307328,0.54161947
791,791,1764476.13130517,5814533.488507581,0.86251923
792,792,1770707.836302166,5814410.33788566,0.797150523
793,793,1763901.396772483,5814537.822072154,3.014531667
794,794,1764483.253130845,5814523.388520658,2.479474987
795,795,1767773.498827441,5814456.930159961,0.65694737
796,796,1770676.77294289,5814397.2072173,0.750571411
797,797,1770691.720600446,5814407.265434298,0.857186672
798,798,1767741.658543982,5814447.607306321,0.597575004
799,799,1764469.816791988,5814510.346818347,0.759033475
800,800,1767713.773025372,5814438.203671729,0.517850004
801,801,1767677.978367005,5814428.961161127,0.635699996
802,802,1771149.897441936,5814355.755816588,1.985721505
803,803,1763881.518004667,5814506.345731717,2.993120975
804,804,1767586.819476074,5814420.846243813,0.3512125
805,805,1769093.408171546,5814388.754848142,2.380148153
806,806,1771227.520623282,5814360.782524416,0.598186439
807,807,1764199.45763754,5814477.484587076,1.084677442
808,808,1769101.383089917,5814379.672503497,0.526036365
809,809,1763865.156325069,5814475.877200036,3.366487542
810,810,1768211.238804615,5814388.157582813,0.499681249
811,811,1769160.342047143,5814368.695479537,0.555443044
812,812,1770635.213622548,5814368.084305234,1.169923169
813,813,1764189.669834022,5814452.826075737,1.146266657
814,814,1763841.82421935,5814456.101523793,3.806154894
815,815,1771323.529772247,5814299.568918838,0.690218174
816,816,1763808.601367393,5814417.172358158,3.473461515
817,817,1764180.526804697,5814419.729820816,1.124246794
818,818,1767478.421789645,5814343.276311255,0.281675327
819,819,1771306.611657155,5814264.654183061,0.419301891
820,820,1767470.309681777,5814333.469737979,0.468076925
821,821,1771298.331143227,5814254.646271607,0.449725003
822,822,1767462.197649131,5814323.662711085,1.625799989
823,823,1763769.037419696,5814388.04430549,1.581666646
824,824,1767446.176613033,5814314.016668402,0.534099998
825,825,1764465.092439398,5814435.181761201,2.526896189
826,826,1771279.133167661,5814233.188826552,0.542780283
827,827,1764447.803197214,5814358.973997724,0.365100003
828,828,1764455.949941455,5814344.424483453,1.694177207
829,829,1764443.887138816,5814334.693494414,0.558912504
830,830,1763743.741470027,5814338.688218554,3.013700023
831,831,1764144.980824175,5814334.569414845,0.86871245
832,832,1771217.631697008,5814186.727336446,0.657907412
833,833,1764431.63964786,5814315.721660011,0.432923076
834,834,1764128.756239334,5814313.824074585,0.846483575
835,835,1771960.563653178,5814141.173919315,0.711220778
836,836,1764112.540541225,5814294.203695107,0.765347221
837,837,1764438.425776747,5814285.196276654,2.422599999
838,838,1767317.806339802,5814226.879256987,0.445174994
839,839,1771952.499512234,5814131.300852458,0.935144715
840,840,1764099.228768344,5814281.744632066,0.714727271
841,841,1768543.219334902,5814190.423481678,2.188461524
842,842,1771944.95878364,5814121.486010122,0.835239984
843,843,1764074.726404435,5814272.261415142,0.636439331
844,844,1768559.127334126,5814182.319126506,1.806298222
845,845,1764058.709876436,5814262.608646068,0.580124996
846,846,1764420.758686651,5814266.184820054,0.32113836
847,847,1768598.018559704,5814185.387654186,0.564800695
848,848,1764046.647753508,5814252.877241612,0.540443041
849,849,1764032.258278367,5814235.973284792,0.621603782
850,850,1764403.190135172,5814231.499145241,0.285056337
851,851,1767217.727864732,5814169.081097011,0.250075001
852,852,1762816.219633368,5814247.407798033,1.571599997
853,853,1764018.37014531,5814223.525549037,0.752974347
854,854,1766911.157647104,5814174.431757291,-0.130305971
855,855,1768495.186639273,5814175.49713961,0.826170353
856,856,1762823.931107265,5814237.283553428,2.539999944
857,857,1764396.255610479,5814211.034985457,0.333345974
858,858,1766881.19354406,5814155.971500209,0.211174997
859,859,1767221.824398457,5814149.094057699,1.298679985
860,860,1767205.271493527,5814140.145233529,0.3725532
861,861,1763997.726743519,5814204.36502279,0.982659711
862,862,1771863.20885988,5814023.469367838,0.714329119
863,863,1763985.840222947,5814179.300407307,0.978887495
864,864,1771855.668286586,5814013.654877747,0.67832693
865,865,1771385.561321766,5814007.959507102,0.617202187
866,866,1767196.754584929,5814094.457323889,0.963783487
867,867,1763067.510778285,5814151.956221819,3.311591771
868,868,1764364.674902948,5814162.761094308,1.153884379
869,869,1763043.596244492,5814143.187618423,3.70937339
870,870,1763162.373030745,5814144.261029278,2.766800022
871,871,1764332.734381191,5814117.531600649,1.128860758
872,872,1763947.451284248,5814132.740639642,0.806010963
873,873,1764316.717654055,5814107.879604916,1.255150001
874,874,1767171.642376269,5814050.5599781,0.206814814
875,875,1771371.685785261,5813969.530346136,0.554655462
876,876,1763889.444757735,5814106.431687235,0.501838425
877,877,1764304.654155102,5814098.149380337,1.851088607
878,878,1762928.497548571,5814157.126815222,2.992633815
879,879,1763802.249458648,5814098.196944647,0.857425012
880,880,1763861.572180525,5814097.365945593,0.499472733
881,881,1764284.684314894,5814088.575523232,0.573873416
882,882,1763778.480170691,5814088.490569545,0.25001852
883,883,1763820.570891453,5814091.184110935,0.396866667
884,884,1764268.667702871,5814078.923437282,0.633724994
885,885,1771357.32848664,5813940.766335113,0.542572191
886,886,1764252.651129219,5814069.271321265,0.475025008
887,887,1768532.59143466,5813982.600063155,4.493536594
888,888,1768547.118317703,5813982.393149541,0.266862496
889,889,1767336.869218736,5813997.131679717,1.736799976
890,890,1771346.738822637,5813919.561801675,0.5445223
891,891,1765327.847927164,5814026.166105243,1.276301874
892,892,1767305.186730217,5813987.596257071,1.075685183
893,893,1767361.639562697,5813996.656281187,1.513146827
894,894,1767384.22048652,5813991.182132159,1.862624989
895,895,1765343.458693251,5814017.500456985,0.638630152
896,896,1767168.609900963,5814009.322828597,1.639669015
897,897,1771338.129427045,5813901.45124714,0.547946902
898,898,1765382.801954436,5814006.737447196,1.195750021
899,899,1767154.204147384,5813971.137130027,0.838111104
900,900,1769752.389747161,5813917.717679275,1.032237187
901,901,1765305.016544782,5814003.330513026,1.058835599
902,902,1765366.628652378,5813997.298334962,0.962285722
903,903,1768506.708577792,5813933.152124808,0.195909093
904,904,1765374.492395822,5813986.960441974,1.274133294
905,905,1767389.599921367,5813950.96927485,1.717505167
906,906,1771337.672776327,5813864.175113422,0.558725495
907,907,1765042.126715716,5813983.664216219,0.732025009
908,908,1765358.319141324,5813977.521314738,1.425148152
909,909,1767375.297613459,5813941.502791118,0.93064286
910,910,1771321.766529045,5813860.247390656,0.958037508
911,911,1765053.789729951,5813973.45816209,0.812773581
912,912,1765089.023295515,5813962.986783492,0.649629636
913,913,1765179.617112643,5813983.743155081,0.761800435
914,914,1768490.557899486,5813899.359211734,0.161055554
915,915,1765347.812603185,5813950.393055641,1.181147781
916,916,1767168.327569752,5813919.862326721,2.141760413
917,917,1765325.882909314,5813938.285199678,1.035518523
918,918,1767356.476778302,5813908.434582368,1.228360863
919,919,1764669.42036312,5813941.27434482,0.971415597
920,920,1765333.571025416,5813928.158379823,1.68092
921,921,1768457.82691826,5813864.347714192,0.213254545
922,922,1764553.675913522,5813945.959374117,0.987143646
923,923,1764651.901623515,5813935.641861774,1.314346824
924,924,1767330.508457623,5813882.682293539,0.858177639
925,925,1763945.382680581,5813935.794165971,0.304935898
926,926,1765325.382173263,5813908.234699375,1.425105296
927,927,1767314.461233348,5813867.949350803,1.029333338
928,928,1767278.46681507,5813848.737156313,0.920386657
929,929,1767294.266554187,5813855.284461066,2.305427412
930,930,1768442.073065277,5813833.045385034,0.249534326
931,931,1763995.838194454,5813895.108244034,-0.265245609
932,932,1765134.510310335,5813871.862658259,1.449978719
933,933,1768432.720690119,5813805.23619045,0.259374999
934,934,1771384.251190544,5813763.844899028,0.85060289
935,935,1764473.058831574,5813889.696680873,0.922341886
936,936,1763951.852268458,5813872.583075334,0.139
937,937,1767241.004323129,5813815.087246404,0.904829008
938,938,1764424.829826855,5813843.123806788,0.623277315
939,939,1768929.941260605,5813745.17665251,0.424049994
940,940,1768874.95294613,5813736.334292752,0.493687506
941,941,1765018.755105141,5813804.636811379,0.428477992
942,942,1765082.974533955,5813827.046074523,0.907274396
943,943,1768842.537318802,5813727.027548055,0.54685527
944,944,1767220.92429779,5813750.393386732,0.636537035
945,945,1763941.855423662,5813809.715655764,0.28228572
946,946,1771451.955975938,5813653.09947474,0.373000004
947,947,1771363.208730405,5813653.153128143,0.360003323
948,948,1771404.29671202,5813644.120432175,0.166975001
949,949,1771388.27059329,5813636.203266551,0.188153846
950,950,1768426.465924941,5813692.238839241,0.581668201
951,951,1767219.387954654,5813710.727495934,1.348255963
952,952,1768659.78595278,5813660.971416263,0.745280014
953,953,1767049.904988241,5813684.665904131,0.122004878
954,954,1768619.102789782,5813642.068661434,0.771963635
955,955,1767019.516535362,5813662.035549231,0.201868422
956,956,1768603.017475147,5813621.519219743,0.826592576
957,957,1765296.82189282,5813673.776448077,1.233056918
958,958,1768590.3126371,5813609.200709783,0.889295863
959,959,1768566.831366192,5813593.071357806,1.086400014
960,960,1768546.841304802,5813582.781465819,0.831076921
961,961,1767107.477454051,5813602.701314956,0.515629631
962,962,1768538.743295535,5813573.702511253,0.791537501
963,963,1768530.630613661,5813563.8965089,0.741962005
964,964,1768522.517950663,5813554.090499064,0.590684211
965,965,1767070.117621163,5813600.751254818,1.485283168
966,966,1768514.405306545,5813544.284481745,0.483102569
967,967,1768506.86933364,5813534.466640166,0.415509808
968,968,1764417.641109955,5813607.471610113,-0.120672732
969,969,1767391.009923934,5813547.2821836,0.732225014
970,970,1764409.369794059,5813597.456855777,-0.289423065
971,971,1764401.262044624,5813587.646765105,-0.516175006
972,972,1764966.701263038,5813576.32719034,0.535906259
973,973,1768413.087512143,5813514.573361089,0.009804719
974,974,1768498.001049364,5813504.697490072,2.804688876
975,975,1765089.160051729,5813563.908672618,1.254535137
976,976,1764831.857581301,5813558.733747046,0.712441432
977,977,1764918.855837535,5813557.340114303,0.967817615
978,978,1765294.14334954,5813540.041560047,0.922555542
979,979,1765293.883477536,5813519.16782002,0.932288472
980,980,1768520.271076593,5813444.4417524,-0.418278493
981,981,1765284.047692015,5813505.173505459,0.971233645
982,982,1767012.526925133,5813468.363886886,0.383408729
983,983,1764784.715139024,5813521.866337591,1.242448597
984,984,1765198.19806555,5813481.928928371,0.862349991
985,985,1765213.999908549,5813480.884873607,0.827191499
986,986,1767031.434056909,5813518.287465418,1.826796087
987,987,1765264.667168569,5813482.58836937,0.994103355
988,988,1768527.52617501,5813404.611663129,0.211326924
989,989,1768519.060382056,5813385.360175922,0.158566036
990,990,1764735.381903668,5813460.006319383,1.39726248
991,991,1767465.711424628,5813421.515417622,2.812215762
992,992,1764706.890685848,5813441.924003086,0.949749991
993,993,1764698.782890113,5813432.114379121,1.01105
994,994,1763706.111961604,5813441.963087879,1.028737502
995,995,1764691.251758249,5813422.293050594,0.877163655
996,996,1763760.307411883,5813432.863375943,1.308523896
997,997,1763852.015177218,5813419.11318218,0.48457501
998,998,1763867.845878911,5813419.524339356,0.529749997
999,999,1763989.399397841,5813417.257616565,0.530597293
1000,1000,1764057.441812216,5813405.773001947,0.609019613
1001,1001,1764665.996773659,5813383.11865836,0.801254562
1002,1002,1763701.329504563,5813392.406331397,0.325410717
1003,1003,1767553.012759561,5813319.068446524,0.694446667
1004,1004,1764187.313814547,5813372.537706953,0.64568789
1005,1005,1763708.413505523,5813358.873601198,0.705630319
1006,1006,1767480.225868495,5813266.244102816,0.521499997
1007,1007,1763692.073417834,5813332.558131126,1.723721508
1008,1008,1763741.708557592,5813346.124276185,3.132652591
1009,1009,1767578.873809683,5813254.262684689,0.988172421
1010,1010,1764125.858512191,5813274.252844369,0.391145456
1011,1011,1764330.839280565,5813230.790558157,-0.733434759
1012,1012,1767444.702689694,5813161.38860272,2.280358
1013,1013,1764305.126652216,5813189.720084038,0.247516349
1014,1014,1767385.980371837,5813130.458654327,0.182104821
1015,1015,1764272.347130849,5813173.89323311,0.201503208
1016,1016,1767445.725380242,5813112.378252959,1.441028056
1017,1017,1767428.96871621,5813087.996741847,0.54033333
1018,1018,1767436.632399607,5813077.865939035,1.12126666
1019,1019,1767420.65489498,5813068.221643153,0.317090912
1020,1020,1763964.316236572,5813073.413771234,0.444387381
1021,1021,1763956.645873261,5813048.79261334,0.294773584
1022,1022,1764096.207101895,5813148.922056105,2.220607017
1023,1023,1764817.336049271,5813031.58567375,0.872773576
1024,1024,1767410.649852743,5812964.737487729,1.130804987
1025,1025,1764118.777008095,5812969.867925612,4.386303095
1026,1026,1764102.005798417,5812969.733918372,0.585639852
1027,1027,1764126.560349008,5812905.068035872,3.839297246
1028,1028,1764853.906953156,5812890.724847318,0.755618189
1029,1029,1763960.400647863,5812903.397130739,0.026298701
1030,1030,1764118.099374654,5812885.500698,0.639074068
1031,1031,1764821.676948748,5812861.454920165,0.244735849
1032,1032,1763951.797354218,5812868.666799163,0.158050002
1033,1033,1764133.940016795,5812879.859320927,4.540786331
1034,1034,1764829.253684327,5812851.38369522,0.842985912
1035,1035,1764105.398468067,5812835.686587699,0.637206431
1036,1036,1764136.732797434,5812827.110502823,1.988757544
1037,1037,1764677.368539792,5812792.400008305,2.113763526
1038,1038,1764859.786042087,5812781.434064076,3.930428584
1039,1039,1763914.689316222,5812793.738576157,0.256421456
1040,1040,1763858.277571449,5812740.895567503,0.394600007
1041,1041,1764763.327367462,5812713.04408555,0.274203702
1042,1042,1763808.830245587,5812692.792197849,1.193766964
1043,1043,1765110.586587493,5812636.06564067,1.390725486
1044,1044,1765091.42618775,5812629.802024364,0.721983264
1045,1045,1765279.818752732,5812622.693213731,0.465537496
1046,1046,1765101.702307597,5812616.299946754,0.814575001
1047,1047,1765271.510597695,5812602.916118646,0.469768213
1048,1048,1763844.196338644,5812621.720383779,0.749249979
1049,1049,1765168.514488843,5812595.013893178,0.271304635
1050,1050,1765235.466815095,5812581.85580012,0.609949185
1051,1051,1765198.541778895,5812514.633921526,0.80823686
1052,1052,1765190.233699813,5812494.857008476,0.9184375
1053,1053,1765178.172523133,5812485.127297453,1.247199959
1054,1054,1765162.157751284,5812475.476996671,1.092743578
1055,1055,1763995.365650793,5812674.786685445,2.710644179
1056,1056,1765146.02610642,5812460.890751479,0.863773581
1057,1057,1764868.834523929,5812451.656259447,0.127472735
1058,1058,1765121.665259251,5812436.609942784,0.508685186
1059,1059,1763982.785986765,5812439.254007523,5.270780505
1060,1060,1765195.336734587,5812355.145709931,0.077031446
1061,1061,1765215.104567498,5812354.748459143,0.131224999
1062,1062,1765274.200623574,5812343.237939851,0.184962615
1063,1063,1764913.833712915,5812320.909475842,0.157775002
1064,1064,1764929.247923825,5812300.656162737,0.055175001
1065,1065,1765291.374624013,5812243.727121465,2.103365315
1066,1066,1765472.736999864,5812259.103988047,0.362689878
1067,1067,1764056.544138559,5812283.917219616,1.987317544
1068,1068,1765268.049717853,5812234.019507494,0.093974999
1069,1069,1765465.688342104,5812220.279401502,0.105301887
1070,1070,1763976.306204484,5812246.591699919,1.416466669
1071,1071,1765251.834915389,5812214.401357749,0.536000005
1072,1072,1763915.404713687,5812249.825682648,0.798981774
1073,1073,1765243.727542488,5812204.592271637,0.66335
1074,1074,1765457.216303906,5812200.298026645,0.161874997
1075,1075,1764977.747042092,5812165.564805808,0.362989551
1076,1076,1765179.269956757,5812146.054874672,0.060625002
1077,1077,1763964.850487573,5812199.330805135,2.038346415
1078,1078,1763953.299064424,5812150.654807402,1.220500012
1079,1079,1765169.421070458,5812131.334312768,1.405671435
1080,1080,1765160.682794824,5812116.512674181,1.046368423
1081,1081,1765004.451353399,5812099.80377417,0.658166673
1082,1082,1765162.254287698,5812086.564939531,2.612219812
1083,1083,1765003.998200424,5812075.411175334,0.126352458
1084,1084,1765145.884606929,5812067.157459361,0.214482146
1085,1085,1765153.901999325,5812056.60882104,0.361199998
1086,1086,1764980.66652719,5812041.078363031,-0.90576922
1087,1087,1765149.821327577,5812037.538741148,0.660663545
1088,1088,1764951.950677158,5812031.539790641,-0.914333284
1089,1089,1764921.374236264,5812017.719160576,-0.105425374
1090,1090,1764897.601096473,5812004.622847428,0.179872347
1091,1091,1765143.648462384,5811993.022222128,0.286850534
1092,1092,1765159.653413347,5811989.903982854,1.061824219
1093,1093,1764867.8338484,5811955.759988639,-0.042711481
1094,1094,1765140.139651912,5811940.02144917,0.548417812
1095,1095,1765125.050297887,5811917.787399207,0.404662915
1096,1096,1764842.357989782,5811883.573401066,-0.178269234
1097,1097,1764826.144875607,5811863.954458464,-0.078269227
1098,1098,1764952.676102876,5811863.917911982,2.402178316
1099,1099,1764910.102338017,5811839.835401624,0.760116734
1100,1100,1764801.163483719,5811830.766478288,-0.032043122
1101,1101,1764777.129371115,5811815.076739561,0.072075
1102,1102,1765050.279177835,5811806.337448997,0.49023913
1103,1103,1764885.153086459,5811811.248962627,0.248757898
1104,1104,1764772.142207422,5811785.936092691,-0.090128443
1105,1105,1764863.665823914,5811783.633371558,0.087148149
1106,1106,1764870.854370128,5811763.499909045,0.753289475
1107,1107,1764854.995734106,5811753.683202985,0.207750002
1108,1108,1764838.104493403,5811731.702144462,0.342938595
1109,1109,1765328.185457279,5811684.346413014,0.855650005
1110,1110,1764702.66238109,5811723.550262196,0.177079621
1111,1111,1764818.671369718,5811688.093816009,0.633779818
1112,1112,1764655.534922694,5811667.933333966,0.865184207
1113,1113,1764813.664214882,5811664.763861286,0.488150007
1114,1114,1764805.557861627,5811654.954231821,0.476710532
1115,1115,1764792.113924221,5811641.927934354,0.482926401
1116,1116,1764654.891546787,5811627.850342272,0.215272728
1117,1117,1764769.379182724,5811625.763675256,0.519660258
1118,1118,1764749.312530073,5811611.21070488,0.565796178
1119,1119,1764646.230657316,5811598.31550287,-0.4218
1120,1120,1764733.201036185,5811596.572467152,0.210810131
1121,1121,1764638.124590808,5811588.505854881,-0.045063283
1122,1122,1764724.894892253,5811576.794921673,0.247600001
1123,1123,1764712.835640181,5811567.064827075,0.251887501
1124,1124,1764629.519366066,5811553.776121442,0.002217949
1125,1125,1764694.615336566,5811550.037734895,0.228662379
1126,1126,1764621.313529295,5811538.982439181,-0.018424997
1127,1127,1765240.367876118,5811602.607574343,1.183519659
1128,1128,1764690.982161031,5811503.912283202,0.451376405
1129,1129,1764562.57605003,5811370.634254728,-0.004012987
1130,1130,1764578.388381234,5811370.317610005,-0.037569624
1131,1131,1764531.32831547,5811361.287876184,0.079781819
1132,1132,1764613.12453187,5811366.326130521,-0.007683359
1133,1133,1764672.26368978,5811318.576921368,0.061164558
1134,1134,1764715.398644023,5811332.251467519,0.844045571
